TimeStamp,,,,TimeStamp,,Specification,Value,Unit
16:10:59.619 -> Flow rate: 66.67 L/m,,,,10:59.6,->,Flow rate:,66.67,L/m
16:10:59.689 -> Flow rate: 66.67 L/m,,,,10:59.7,->,Flow rate:,66.67,L/m
16:10:59.784 -> Flow rate: 66.67 L/m,,,,10:59.8,->,Flow rate:,66.67,L/m
16:10:59.877 -> Flow rate: 66.67 L/m,,,,10:59.9,->,Flow rate:,66.67,L/m
16:10:59.973 -> Flow rate: 66.67 L/m,,,,11:00.0,->,Flow rate:,66.67,L/m
16:11:00.067 -> Flow rate: 66.67 L/m,,,,11:00.1,->,Flow rate:,66.67,L/m
16:11:00.209 -> Flow rate: 66.67 L/m,,,,11:00.2,->,Flow rate:,66.67,L/m
16:11:00.304 -> Flow rate: 66.67 L/m,,,,11:00.3,->,Flow rate:,66.67,L/m
16:11:00.401 -> Flow rate: 66.67 L/m,,,,11:00.4,->,Flow rate:,66.67,L/m
16:11:00.493 -> Flow rate: 66.67 L/m,,,,11:00.5,->,Flow rate:,66.67,L/m
16:11:00.587 -> Flow rate: 66.67 L/m,,,,11:00.6,->,Flow rate:,66.67,L/m
16:11:00.681 -> Flow rate: 66.67 L/m,,,,11:00.7,->,Flow rate:,66.67,L/m
16:11:00.776 -> Flow rate: 66.67 L/m,,,,11:00.8,->,Flow rate:,66.67,L/m
16:11:00.872 -> Flow rate: 66.67 L/m,,,,11:00.9,->,Flow rate:,66.67,L/m
16:11:00.966 -> Flow rate: 66.67 L/m,,,,11:01.0,->,Flow rate:,66.67,L/m
16:11:01.106 -> Flow rate: 66.67 L/m,,,,11:01.1,->,Flow rate:,66.67,L/m
16:11:01.200 -> Flow rate: 66.67 L/m,,,,11:01.2,->,Flow rate:,66.67,L/m
16:11:01.296 -> Flow rate: 66.67 L/m,,,,11:01.3,->,Flow rate:,66.67,L/m
16:11:01.391 -> Flow rate: 66.67 L/m,,,,11:01.4,->,Flow rate:,66.67,L/m
16:11:01.485 -> Flow rate: 66.67 L/m,,,,11:01.5,->,Flow rate:,66.67,L/m
16:11:01.579 -> Flow rate: 58.33 L/m,,,,11:01.6,->,Flow rate:,58.33,L/m
16:11:01.673 -> Flow rate: 66.67 L/m,,,,11:01.7,->,Flow rate:,66.67,L/m
16:11:01.767 -> Flow rate: 58.33 L/m,,,,11:01.8,->,Flow rate:,58.33,L/m
16:11:01.908 -> Flow rate: 58.33 L/m,,,,11:01.9,->,Flow rate:,58.33,L/m
16:11:02.002 -> Flow rate: 66.67 L/m,,,,11:02.0,->,Flow rate:,66.67,L/m
16:11:02.095 -> Flow rate: 58.33 L/m,,,,11:02.1,->,Flow rate:,58.33,L/m
16:11:02.189 -> Flow rate: 58.33 L/m,,,,11:02.2,->,Flow rate:,58.33,L/m
16:11:02.283 -> Flow rate: 58.33 L/m,,,,11:02.3,->,Flow rate:,58.33,L/m
16:11:02.377 -> Flow rate: 58.33 L/m,,,,11:02.4,->,Flow rate:,58.33,L/m
16:11:02.470 -> Flow rate: 58.33 L/m,,,,11:02.5,->,Flow rate:,58.33,L/m
16:11:02.564 -> Flow rate: 58.33 L/m,,,,11:02.6,->,Flow rate:,58.33,L/m
16:11:02.705 -> Flow rate: 50.00 L/m,,,,11:02.7,->,Flow rate:,50,L/m
16:11:02.801 -> Flow rate: 58.33 L/m,,,,11:02.8,->,Flow rate:,58.33,L/m
16:11:02.896 -> Flow rate: 50.00 L/m,,,,11:02.9,->,Flow rate:,50,L/m
16:11:02.990 -> Flow rate: 50.00 L/m,,,,11:03.0,->,Flow rate:,50,L/m
16:11:03.069 -> Flow rate: 58.33 L/m,,,,11:03.1,->,Flow rate:,58.33,L/m
16:11:03.162 -> Flow rate: 58.33 L/m,,,,11:03.2,->,Flow rate:,58.33,L/m
16:11:03.273 -> Flow rate: 58.33 L/m,,,,11:03.3,->,Flow rate:,58.33,L/m
16:11:03.368 -> Flow rate: 66.67 L/m,,,,11:03.4,->,Flow rate:,66.67,L/m
16:11:03.464 -> Flow rate: 66.67 L/m,,,,11:03.5,->,Flow rate:,66.67,L/m
16:11:03.605 -> Flow rate: 66.67 L/m,,,,11:03.6,->,Flow rate:,66.67,L/m
16:11:03.700 -> Flow rate: 58.33 L/m,,,,11:03.7,->,Flow rate:,58.33,L/m
16:11:03.795 -> Flow rate: 66.67 L/m,,,,11:03.8,->,Flow rate:,66.67,L/m
16:11:03.890 -> Flow rate: 66.67 L/m,,,,11:03.9,->,Flow rate:,66.67,L/m
16:11:03.986 -> Flow rate: 66.67 L/m,,,,11:04.0,->,Flow rate:,66.67,L/m
16:11:04.082 -> Flow rate: 66.67 L/m,,,,11:04.1,->,Flow rate:,66.67,L/m
16:11:04.176 -> Flow rate: 66.67 L/m,,,,11:04.2,->,Flow rate:,66.67,L/m
16:11:04.272 -> Flow rate: 66.67 L/m,,,,11:04.3,->,Flow rate:,66.67,L/m
16:11:04.396 -> Flow rate: 66.67 L/m,,,,11:04.4,->,Flow rate:,66.67,L/m
16:11:04.491 -> Flow rate: 66.67 L/m,,,,11:04.5,->,Flow rate:,66.67,L/m
16:11:04.585 -> Flow rate: 66.67 L/m,,,,11:04.6,->,Flow rate:,66.67,L/m
16:11:04.680 -> Flow rate: 66.67 L/m,,,,11:04.7,->,Flow rate:,66.67,L/m
16:11:04.775 -> Flow rate: 66.67 L/m,,,,11:04.8,->,Flow rate:,66.67,L/m
16:11:04.870 -> Flow rate: 58.33 L/m,,,,11:04.9,->,Flow rate:,58.33,L/m
16:11:04.965 -> Flow rate: 66.67 L/m,,,,11:05.0,->,Flow rate:,66.67,L/m
16:11:05.108 -> Flow rate: 66.67 L/m,,,,11:05.1,->,Flow rate:,66.67,L/m
16:11:05.203 -> Flow rate: 58.33 L/m,,,,11:05.2,->,Flow rate:,58.33,L/m
16:11:05.298 -> Flow rate: 66.67 L/m,,,,11:05.3,->,Flow rate:,66.67,L/m
16:11:05.393 -> Flow rate: 58.33 L/m,,,,11:05.4,->,Flow rate:,58.33,L/m
16:11:05.488 -> Flow rate: 58.33 L/m,,,,11:05.5,->,Flow rate:,58.33,L/m
16:11:05.568 -> Flow rate: 66.67 L/m,,,,11:05.6,->,Flow rate:,66.67,L/m
16:11:05.694 -> Flow rate: 58.33 L/m,,,,11:05.7,->,Flow rate:,58.33,L/m
16:11:05.788 -> Flow rate: 66.67 L/m,,,,11:05.8,->,Flow rate:,66.67,L/m
16:11:05.882 -> Flow rate: 66.67 L/m,,,,11:05.9,->,Flow rate:,66.67,L/m
16:11:05.977 -> Flow rate: 66.67 L/m,,,,11:06.0,->,Flow rate:,66.67,L/m
16:11:06.073 -> Flow rate: 58.33 L/m,,,,11:06.1,->,Flow rate:,58.33,L/m
16:11:06.167 -> Flow rate: 66.67 L/m,,,,11:06.2,->,Flow rate:,66.67,L/m
16:11:06.310 -> Flow rate: 58.33 L/m,,,,11:06.3,->,Flow rate:,58.33,L/m
16:11:06.404 -> Flow rate: 66.67 L/m,,,,11:06.4,->,Flow rate:,66.67,L/m
16:11:06.499 -> Flow rate: 66.67 L/m,,,,11:06.5,->,Flow rate:,66.67,L/m
16:11:06.594 -> Flow rate: 66.67 L/m,,,,11:06.6,->,Flow rate:,66.67,L/m
16:11:06.689 -> Flow rate: 66.67 L/m,,,,11:06.7,->,Flow rate:,66.67,L/m
16:11:06.784 -> Flow rate: 66.67 L/m,,,,11:06.8,->,Flow rate:,66.67,L/m
16:11:06.879 -> Flow rate: 66.67 L/m,,,,11:06.9,->,Flow rate:,66.67,L/m
16:11:06.973 -> Flow rate: 58.33 L/m,,,,11:07.0,->,Flow rate:,58.33,L/m
16:11:07.069 -> Flow rate: 66.67 L/m,,,,11:07.1,->,Flow rate:,66.67,L/m
16:11:07.164 -> Flow rate: 66.67 L/m,,,,11:07.2,->,Flow rate:,66.67,L/m
16:11:07.260 -> Flow rate: 66.67 L/m,,,,11:07.3,->,Flow rate:,66.67,L/m
16:11:07.402 -> Flow rate: 66.67 L/m,,,,11:07.4,->,Flow rate:,66.67,L/m
16:11:07.481 -> Flow rate: 66.67 L/m,,,,11:07.5,->,Flow rate:,66.67,L/m
16:11:07.575 -> Flow rate: 66.67 L/m,,,,11:07.6,->,Flow rate:,66.67,L/m
16:11:07.703 -> Flow rate: 58.33 L/m,,,,11:07.7,->,Flow rate:,58.33,L/m
16:11:07.797 -> Flow rate: 66.67 L/m,,,,11:07.8,->,Flow rate:,66.67,L/m
16:11:07.892 -> Flow rate: 58.33 L/m,,,,11:07.9,->,Flow rate:,58.33,L/m
16:11:07.987 -> Flow rate: 66.67 L/m,,,,11:08.0,->,Flow rate:,66.67,L/m
16:11:08.082 -> Flow rate: 66.67 L/m,,,,11:08.1,->,Flow rate:,66.67,L/m
16:11:08.177 -> Flow rate: 58.33 L/m,,,,11:08.2,->,Flow rate:,58.33,L/m
16:11:08.303 -> Flow rate: 66.67 L/m,,,,11:08.3,->,Flow rate:,66.67,L/m
16:11:08.398 -> Flow rate: 58.33 L/m,,,,11:08.4,->,Flow rate:,58.33,L/m
16:11:08.493 -> Flow rate: 66.67 L/m,,,,11:08.5,->,Flow rate:,66.67,L/m
16:11:08.588 -> Flow rate: 58.33 L/m,,,,11:08.6,->,Flow rate:,58.33,L/m
16:11:08.683 -> Flow rate: 66.67 L/m,,,,11:08.7,->,Flow rate:,66.67,L/m
16:11:08.777 -> Flow rate: 58.33 L/m,,,,11:08.8,->,Flow rate:,58.33,L/m
16:11:08.872 -> Flow rate: 66.67 L/m,,,,11:08.9,->,Flow rate:,66.67,L/m
16:11:08.999 -> Flow rate: 66.67 L/m,,,,11:09.0,->,Flow rate:,66.67,L/m
16:11:09.093 -> Flow rate: 66.67 L/m,,,,11:09.1,->,Flow rate:,66.67,L/m
16:11:09.188 -> Flow rate: 66.67 L/m,,,,11:09.2,->,Flow rate:,66.67,L/m
16:11:09.268 -> Flow rate: 66.67 L/m,,,,11:09.3,->,Flow rate:,66.67,L/m
16:11:09.410 -> Flow rate: 58.33 L/m,,,,11:09.4,->,Flow rate:,58.33,L/m
16:11:09.505 -> Flow rate: 58.33 L/m,,,,11:09.5,->,Flow rate:,58.33,L/m
16:11:09.600 -> Flow rate: 66.67 L/m,,,,11:09.6,->,Flow rate:,66.67,L/m
16:11:09.695 -> Flow rate: 66.67 L/m,,,,11:09.7,->,Flow rate:,66.67,L/m
16:11:09.789 -> Flow rate: 66.67 L/m,,,,11:09.8,->,Flow rate:,66.67,L/m
16:11:09.884 -> Flow rate: 58.33 L/m,,,,11:09.9,->,Flow rate:,58.33,L/m
16:11:09.980 -> Flow rate: 66.67 L/m,,,,11:10.0,->,Flow rate:,66.67,L/m
16:11:10.107 -> Flow rate: 58.33 L/m,,,,11:10.1,->,Flow rate:,58.33,L/m
16:11:10.203 -> Flow rate: 50.00 L/m,,,,11:10.2,->,Flow rate:,50,L/m
16:11:10.299 -> Flow rate: 58.33 L/m,,,,11:10.3,->,Flow rate:,58.33,L/m
16:11:10.362 -> Flow rate: 50.00 L/m,,,,11:10.4,->,Flow rate:,50,L/m
16:11:10.489 -> Flow rate: 50.00 L/m,,,,11:10.5,->,Flow rate:,50,L/m
16:11:10.584 -> Flow rate: 58.33 L/m,,,,11:10.6,->,Flow rate:,58.33,L/m
16:11:10.679 -> Flow rate: 66.67 L/m,,,,11:10.7,->,Flow rate:,66.67,L/m
16:11:10.773 -> Flow rate: 58.33 L/m,,,,11:10.8,->,Flow rate:,58.33,L/m
16:11:10.868 -> Flow rate: 66.67 L/m,,,,11:10.9,->,Flow rate:,66.67,L/m
16:11:11.010 -> Flow rate: 58.33 L/m,,,,11:11.0,->,Flow rate:,58.33,L/m
16:11:11.106 -> Flow rate: 66.67 L/m,,,,11:11.1,->,Flow rate:,66.67,L/m
16:11:11.201 -> Flow rate: 66.67 L/m,,,,11:11.2,->,Flow rate:,66.67,L/m
16:11:11.281 -> Flow rate: 58.33 L/m,,,,11:11.3,->,Flow rate:,58.33,L/m
16:11:11.375 -> Flow rate: 66.67 L/m,,,,11:11.4,->,Flow rate:,66.67,L/m
16:11:11.469 -> Flow rate: 58.33 L/m,,,,11:11.5,->,Flow rate:,58.33,L/m
16:11:11.564 -> Flow rate: 50.00 L/m,,,,11:11.6,->,Flow rate:,50,L/m
16:11:11.705 -> Flow rate: 58.33 L/m,,,,11:11.7,->,Flow rate:,58.33,L/m
16:11:11.799 -> Flow rate: 58.33 L/m,,,,11:11.8,->,Flow rate:,58.33,L/m
16:11:11.893 -> Flow rate: 58.33 L/m,,,,11:11.9,->,Flow rate:,58.33,L/m
16:11:11.988 -> Flow rate: 50.00 L/m,,,,11:12.0,->,Flow rate:,50,L/m
16:11:12.083 -> Flow rate: 66.67 L/m,,,,11:12.1,->,Flow rate:,66.67,L/m
16:11:12.178 -> Flow rate: 58.33 L/m,,,,11:12.2,->,Flow rate:,58.33,L/m
16:11:12.273 -> Flow rate: 66.67 L/m,,,,11:12.3,->,Flow rate:,66.67,L/m
16:11:12.400 -> Flow rate: 66.67 L/m,,,,11:12.4,->,Flow rate:,66.67,L/m
16:11:12.495 -> Flow rate: 66.67 L/m,,,,11:12.5,->,Flow rate:,66.67,L/m
16:11:12.591 -> Flow rate: 66.67 L/m,,,,11:12.6,->,Flow rate:,66.67,L/m
16:11:12.686 -> Flow rate: 58.33 L/m,,,,11:12.7,->,Flow rate:,58.33,L/m
16:11:12.781 -> Flow rate: 66.67 L/m,,,,11:12.8,->,Flow rate:,66.67,L/m
16:11:12.876 -> Flow rate: 66.67 L/m,,,,11:12.9,->,Flow rate:,66.67,L/m
16:11:12.971 -> Flow rate: 66.67 L/m,,,,11:13.0,->,Flow rate:,66.67,L/m
16:11:13.114 -> Flow rate: 66.67 L/m,,,,11:13.1,->,Flow rate:,66.67,L/m
16:11:13.210 -> Flow rate: 66.67 L/m,,,,11:13.2,->,Flow rate:,66.67,L/m
16:11:13.305 -> Flow rate: 66.67 L/m,,,,11:13.3,->,Flow rate:,66.67,L/m
16:11:13.399 -> Flow rate: 66.67 L/m,,,,11:13.4,->,Flow rate:,66.67,L/m
16:11:13.493 -> Flow rate: 58.33 L/m,,,,11:13.5,->,Flow rate:,58.33,L/m
16:11:13.588 -> Flow rate: 66.67 L/m,,,,11:13.6,->,Flow rate:,66.67,L/m
16:11:13.683 -> Flow rate: 66.67 L/m,,,,11:13.7,->,Flow rate:,66.67,L/m
16:11:13.778 -> Flow rate: 66.67 L/m,,,,11:13.8,->,Flow rate:,66.67,L/m
16:11:13.872 -> Flow rate: 66.67 L/m,,,,11:13.9,->,Flow rate:,66.67,L/m
16:11:13.967 -> Flow rate: 66.67 L/m,,,,11:14.0,->,Flow rate:,66.67,L/m
16:11:14.108 -> Flow rate: 66.67 L/m,,,,11:14.1,->,Flow rate:,66.67,L/m
16:11:14.187 -> Flow rate: 66.67 L/m,,,,11:14.2,->,Flow rate:,66.67,L/m
16:11:14.282 -> Flow rate: 66.67 L/m,,,,11:14.3,->,Flow rate:,66.67,L/m
16:11:14.361 -> Flow rate: 66.67 L/m,,,,11:14.4,->,Flow rate:,66.67,L/m
16:11:14.503 -> Flow rate: 66.67 L/m,,,,11:14.5,->,Flow rate:,66.67,L/m
16:11:14.598 -> Flow rate: 66.67 L/m,,,,11:14.6,->,Flow rate:,66.67,L/m
16:11:14.692 -> Flow rate: 66.67 L/m,,,,11:14.7,->,Flow rate:,66.67,L/m
16:11:14.787 -> Flow rate: 66.67 L/m,,,,11:14.8,->,Flow rate:,66.67,L/m
16:11:14.882 -> Flow rate: 58.33 L/m,,,,11:14.9,->,Flow rate:,58.33,L/m
16:11:15.009 -> Flow rate: 66.67 L/m,,,,11:15.0,->,Flow rate:,66.67,L/m
16:11:15.104 -> Flow rate: 66.67 L/m,,,,11:15.1,->,Flow rate:,66.67,L/m
16:11:15.198 -> Flow rate: 66.67 L/m,,,,11:15.2,->,Flow rate:,66.67,L/m
16:11:15.293 -> Flow rate: 58.33 L/m,,,,11:15.3,->,Flow rate:,58.33,L/m
16:11:15.371 -> Flow rate: 66.67 L/m,,,,11:15.4,->,Flow rate:,66.67,L/m
16:11:15.467 -> Flow rate: 66.67 L/m,,,,11:15.5,->,Flow rate:,66.67,L/m
16:11:15.609 -> Flow rate: 66.67 L/m,,,,11:15.6,->,Flow rate:,66.67,L/m
16:11:15.703 -> Flow rate: 66.67 L/m,,,,11:15.7,->,Flow rate:,66.67,L/m
16:11:15.782 -> Flow rate: 58.33 L/m,,,,11:15.8,->,Flow rate:,58.33,L/m
16:11:15.877 -> Flow rate: 66.67 L/m,,,,11:15.9,->,Flow rate:,66.67,L/m
16:11:15.972 -> Flow rate: 66.67 L/m,,,,11:16.0,->,Flow rate:,66.67,L/m
16:11:16.067 -> Flow rate: 66.67 L/m,,,,11:16.1,->,Flow rate:,66.67,L/m
16:11:16.208 -> Flow rate: 66.67 L/m,,,,11:16.2,->,Flow rate:,66.67,L/m
16:11:16.303 -> Flow rate: 66.67 L/m,,,,11:16.3,->,Flow rate:,66.67,L/m
16:11:16.382 -> Flow rate: 66.67 L/m,,,,11:16.4,->,Flow rate:,66.67,L/m
16:11:16.477 -> Flow rate: 58.33 L/m,,,,11:16.5,->,Flow rate:,58.33,L/m
16:11:16.572 -> Flow rate: 66.67 L/m,,,,11:16.6,->,Flow rate:,66.67,L/m
16:11:16.667 -> Flow rate: 66.67 L/m,,,,11:16.7,->,Flow rate:,66.67,L/m
16:11:16.763 -> Flow rate: 66.67 L/m,,,,11:16.8,->,Flow rate:,66.67,L/m
16:11:16.905 -> Flow rate: 66.67 L/m,,,,11:16.9,->,Flow rate:,66.67,L/m
16:11:17.000 -> Flow rate: 66.67 L/m,,,,11:17.0,->,Flow rate:,66.67,L/m
16:11:17.080 -> Flow rate: 66.67 L/m,,,,11:17.1,->,Flow rate:,66.67,L/m
16:11:17.159 -> Flow rate: 66.67 L/m,,,,11:17.2,->,Flow rate:,66.67,L/m
16:11:17.302 -> Flow rate: 66.67 L/m,,,,11:17.3,->,Flow rate:,66.67,L/m
16:11:17.396 -> Flow rate: 66.67 L/m,,,,11:17.4,->,Flow rate:,66.67,L/m
16:11:17.491 -> Flow rate: 66.67 L/m,,,,11:17.5,->,Flow rate:,66.67,L/m
16:11:17.585 -> Flow rate: 66.67 L/m,,,,11:17.6,->,Flow rate:,66.67,L/m
16:11:17.665 -> Flow rate: 66.67 L/m,,,,11:17.7,->,Flow rate:,66.67,L/m
16:11:17.809 -> Flow rate: 66.67 L/m,,,,11:17.8,->,Flow rate:,66.67,L/m
16:11:17.903 -> Flow rate: 66.67 L/m,,,,11:17.9,->,Flow rate:,66.67,L/m
16:11:17.983 -> Flow rate: 58.33 L/m,,,,11:18.0,->,Flow rate:,58.33,L/m
16:11:18.077 -> Flow rate: 66.67 L/m,,,,11:18.1,->,Flow rate:,66.67,L/m
16:11:18.172 -> Flow rate: 66.67 L/m,,,,11:18.2,->,Flow rate:,66.67,L/m
16:11:18.268 -> Flow rate: 66.67 L/m,,,,11:18.3,->,Flow rate:,66.67,L/m
16:11:18.364 -> Flow rate: 66.67 L/m,,,,11:18.4,->,Flow rate:,66.67,L/m
16:11:18.506 -> Flow rate: 58.33 L/m,,,,11:18.5,->,Flow rate:,58.33,L/m
16:11:18.600 -> Flow rate: 66.67 L/m,,,,11:18.6,->,Flow rate:,66.67,L/m
16:11:18.696 -> Flow rate: 58.33 L/m,,,,11:18.7,->,Flow rate:,58.33,L/m
16:11:18.791 -> Flow rate: 66.67 L/m,,,,11:18.8,->,Flow rate:,66.67,L/m
16:11:18.886 -> Flow rate: 58.33 L/m,,,,11:18.9,->,Flow rate:,58.33,L/m
16:11:18.965 -> Flow rate: 58.33 L/m,,,,11:19.0,->,Flow rate:,58.33,L/m
16:11:19.108 -> Flow rate: 66.67 L/m,,,,11:19.1,->,Flow rate:,66.67,L/m
16:11:19.203 -> Flow rate: 66.67 L/m,,,,11:19.2,->,Flow rate:,66.67,L/m
16:11:19.298 -> Flow rate: 66.67 L/m,,,,11:19.3,->,Flow rate:,66.67,L/m
16:11:19.394 -> Flow rate: 58.33 L/m,,,,11:19.4,->,Flow rate:,58.33,L/m
16:11:19.488 -> Flow rate: 66.67 L/m,,,,11:19.5,->,Flow rate:,66.67,L/m
16:11:19.582 -> Flow rate: 66.67 L/m,,,,11:19.6,->,Flow rate:,66.67,L/m
16:11:19.676 -> Flow rate: 66.67 L/m,,,,11:19.7,->,Flow rate:,66.67,L/m
16:11:19.771 -> Flow rate: 66.67 L/m,,,,11:19.8,->,Flow rate:,66.67,L/m
16:11:19.865 -> Flow rate: 58.33 L/m,,,,11:19.9,->,Flow rate:,58.33,L/m
16:11:20.007 -> Flow rate: 66.67 L/m,,,,11:20.0,->,Flow rate:,66.67,L/m
16:11:20.103 -> Flow rate: 66.67 L/m,,,,11:20.1,->,Flow rate:,66.67,L/m
16:11:20.197 -> Flow rate: 66.67 L/m,,,,11:20.2,->,Flow rate:,66.67,L/m
16:11:20.291 -> Flow rate: 66.67 L/m,,,,11:20.3,->,Flow rate:,66.67,L/m
16:11:20.387 -> Flow rate: 58.33 L/m,,,,11:20.4,->,Flow rate:,58.33,L/m
16:11:20.482 -> Flow rate: 66.67 L/m,,,,11:20.5,->,Flow rate:,66.67,L/m
16:11:20.576 -> Flow rate: 66.67 L/m,,,,11:20.6,->,Flow rate:,66.67,L/m
16:11:20.670 -> Flow rate: 66.67 L/m,,,,11:20.7,->,Flow rate:,66.67,L/m
16:11:20.766 -> Flow rate: 66.67 L/m,,,,11:20.8,->,Flow rate:,66.67,L/m
16:11:20.908 -> Flow rate: 66.67 L/m,,,,11:20.9,->,Flow rate:,66.67,L/m
16:11:21.003 -> Flow rate: 66.67 L/m,,,,11:21.0,->,Flow rate:,66.67,L/m
16:11:21.097 -> Flow rate: 66.67 L/m,,,,11:21.1,->,Flow rate:,66.67,L/m
16:11:21.192 -> Flow rate: 58.33 L/m,,,,11:21.2,->,Flow rate:,58.33,L/m
16:11:21.286 -> Flow rate: 66.67 L/m,,,,11:21.3,->,Flow rate:,66.67,L/m
16:11:21.381 -> Flow rate: 66.67 L/m,,,,11:21.4,->,Flow rate:,66.67,L/m
16:11:21.475 -> Flow rate: 66.67 L/m,,,,11:21.5,->,Flow rate:,66.67,L/m
16:11:21.570 -> Flow rate: 66.67 L/m,,,,11:21.6,->,Flow rate:,66.67,L/m
16:11:21.712 -> Flow rate: 66.67 L/m,,,,11:21.7,->,Flow rate:,66.67,L/m
16:11:21.808 -> Flow rate: 66.67 L/m,,,,11:21.8,->,Flow rate:,66.67,L/m
16:11:21.903 -> Flow rate: 66.67 L/m,,,,11:21.9,->,Flow rate:,66.67,L/m
16:11:21.999 -> Flow rate: 66.67 L/m,,,,11:22.0,->,Flow rate:,66.67,L/m
16:11:22.094 -> Flow rate: 66.67 L/m,,,,11:22.1,->,Flow rate:,66.67,L/m
16:11:22.192 -> Flow rate: 66.67 L/m,,,,11:22.2,->,Flow rate:,66.67,L/m
16:11:22.285 -> Flow rate: 66.67 L/m,,,,11:22.3,->,Flow rate:,66.67,L/m
16:11:22.381 -> Flow rate: 58.33 L/m,,,,11:22.4,->,Flow rate:,58.33,L/m
16:11:22.475 -> Flow rate: 66.67 L/m,,,,11:22.5,->,Flow rate:,66.67,L/m
16:11:22.570 -> Flow rate: 58.33 L/m,,,,11:22.6,->,Flow rate:,58.33,L/m
16:11:22.666 -> Flow rate: 66.67 L/m,,,,11:22.7,->,Flow rate:,66.67,L/m
16:11:22.809 -> Flow rate: 58.33 L/m,,,,11:22.8,->,Flow rate:,58.33,L/m
16:11:22.904 -> Flow rate: 58.33 L/m,,,,11:22.9,->,Flow rate:,58.33,L/m
16:11:22.998 -> Flow rate: 58.33 L/m,,,,11:23.0,->,Flow rate:,58.33,L/m
16:11:23.092 -> Flow rate: 58.33 L/m,,,,11:23.1,->,Flow rate:,58.33,L/m
16:11:23.186 -> Flow rate: 66.67 L/m,,,,11:23.2,->,Flow rate:,66.67,L/m
16:11:23.280 -> Flow rate: 58.33 L/m,,,,11:23.3,->,Flow rate:,58.33,L/m
16:11:23.374 -> Flow rate: 58.33 L/m,,,,11:23.4,->,Flow rate:,58.33,L/m
16:11:23.469 -> Flow rate: 58.33 L/m,,,,11:23.5,->,Flow rate:,58.33,L/m
16:11:23.612 -> Flow rate: 66.67 L/m,,,,11:23.6,->,Flow rate:,66.67,L/m
16:11:23.707 -> Flow rate: 66.67 L/m,,,,11:23.7,->,Flow rate:,66.67,L/m
16:11:23.802 -> Flow rate: 58.33 L/m,,,,11:23.8,->,Flow rate:,58.33,L/m
16:11:23.898 -> Flow rate: 66.67 L/m,,,,11:23.9,->,Flow rate:,66.67,L/m
16:11:23.993 -> Flow rate: 66.67 L/m,,,,11:24.0,->,Flow rate:,66.67,L/m
16:11:24.087 -> Flow rate: 58.33 L/m,,,,11:24.1,->,Flow rate:,58.33,L/m
16:11:24.181 -> Flow rate: 66.67 L/m,,,,11:24.2,->,Flow rate:,66.67,L/m
16:11:24.274 -> Flow rate: 66.67 L/m,,,,11:24.3,->,Flow rate:,66.67,L/m
16:11:24.368 -> Flow rate: 66.67 L/m,,,,11:24.4,->,Flow rate:,66.67,L/m
16:11:24.509 -> Flow rate: 66.67 L/m,,,,11:24.5,->,Flow rate:,66.67,L/m
16:11:24.603 -> Flow rate: 66.67 L/m,,,,11:24.6,->,Flow rate:,66.67,L/m
16:11:24.698 -> Flow rate: 66.67 L/m,,,,11:24.7,->,Flow rate:,66.67,L/m
16:11:24.793 -> Flow rate: 66.67 L/m,,,,11:24.8,->,Flow rate:,66.67,L/m
16:11:24.887 -> Flow rate: 66.67 L/m,,,,11:24.9,->,Flow rate:,66.67,L/m
16:11:24.982 -> Flow rate: 66.67 L/m,,,,11:25.0,->,Flow rate:,66.67,L/m
16:11:25.078 -> Flow rate: 66.67 L/m,,,,11:25.1,->,Flow rate:,66.67,L/m
16:11:25.173 -> Flow rate: 66.67 L/m,,,,11:25.2,->,Flow rate:,66.67,L/m
16:11:25.269 -> Flow rate: 66.67 L/m,,,,11:25.3,->,Flow rate:,66.67,L/m
16:11:25.364 -> Flow rate: 66.67 L/m,,,,11:25.4,->,Flow rate:,66.67,L/m
16:11:25.507 -> Flow rate: 58.33 L/m,,,,11:25.5,->,Flow rate:,58.33,L/m
16:11:25.602 -> Flow rate: 66.67 L/m,,,,11:25.6,->,Flow rate:,66.67,L/m
16:11:25.681 -> Flow rate: 66.67 L/m,,,,11:25.7,->,Flow rate:,66.67,L/m
16:11:25.776 -> Flow rate: 66.67 L/m,,,,11:25.8,->,Flow rate:,66.67,L/m
16:11:25.871 -> Flow rate: 66.67 L/m,,,,11:25.9,->,Flow rate:,66.67,L/m
16:11:25.967 -> Flow rate: 66.67 L/m,,,,11:26.0,->,Flow rate:,66.67,L/m
16:11:26.108 -> Flow rate: 66.67 L/m,,,,11:26.1,->,Flow rate:,66.67,L/m
16:11:26.203 -> Flow rate: 66.67 L/m,,,,11:26.2,->,Flow rate:,66.67,L/m
16:11:26.299 -> Flow rate: 66.67 L/m,,,,11:26.3,->,Flow rate:,66.67,L/m
16:11:26.394 -> Flow rate: 66.67 L/m,,,,11:26.4,->,Flow rate:,66.67,L/m
16:11:26.475 -> Flow rate: 66.67 L/m,,,,11:26.5,->,Flow rate:,66.67,L/m
16:11:26.572 -> Flow rate: 66.67 L/m,,,,11:26.6,->,Flow rate:,66.67,L/m
16:11:26.699 -> Flow rate: 58.33 L/m,,,,11:26.7,->,Flow rate:,58.33,L/m
16:11:26.794 -> Flow rate: 66.67 L/m,,,,11:26.8,->,Flow rate:,66.67,L/m
16:11:26.874 -> Flow rate: 66.67 L/m,,,,11:26.9,->,Flow rate:,66.67,L/m
16:11:26.969 -> Flow rate: 66.67 L/m,,,,11:27.0,->,Flow rate:,66.67,L/m
16:11:27.064 -> Flow rate: 66.67 L/m,,,,11:27.1,->,Flow rate:,66.67,L/m
16:11:27.192 -> Flow rate: 66.67 L/m,,,,11:27.2,->,Flow rate:,66.67,L/m
16:11:27.287 -> Flow rate: 66.67 L/m,,,,11:27.3,->,Flow rate:,66.67,L/m
16:11:27.367 -> Flow rate: 66.67 L/m,,,,11:27.4,->,Flow rate:,66.67,L/m
16:11:27.494 -> Flow rate: 58.33 L/m,,,,11:27.5,->,Flow rate:,58.33,L/m
16:11:27.576 -> Flow rate: 66.67 L/m,,,,11:27.6,->,Flow rate:,66.67,L/m
16:11:27.704 -> Flow rate: 58.33 L/m,,,,11:27.7,->,Flow rate:,58.33,L/m
16:11:27.798 -> Flow rate: 66.67 L/m,,,,11:27.8,->,Flow rate:,66.67,L/m
16:11:27.893 -> Flow rate: 58.33 L/m,,,,11:27.9,->,Flow rate:,58.33,L/m
16:11:27.989 -> Flow rate: 66.67 L/m,,,,11:28.0,->,Flow rate:,66.67,L/m
16:11:28.085 -> Flow rate: 58.33 L/m,,,,11:28.1,->,Flow rate:,58.33,L/m
16:11:28.179 -> Flow rate: 58.33 L/m,,,,11:28.2,->,Flow rate:,58.33,L/m
16:11:28.275 -> Flow rate: 58.33 L/m,,,,11:28.3,->,Flow rate:,58.33,L/m
16:11:28.401 -> Flow rate: 66.67 L/m,,,,11:28.4,->,Flow rate:,66.67,L/m
16:11:28.496 -> Flow rate: 58.33 L/m,,,,11:28.5,->,Flow rate:,58.33,L/m
16:11:28.608 -> Flow rate: 66.67 L/m,,,,11:28.6,->,Flow rate:,66.67,L/m
16:11:28.671 -> Flow rate: 58.33 L/m,,,,11:28.7,->,Flow rate:,58.33,L/m
16:11:28.798 -> Flow rate: 66.67 L/m,,,,11:28.8,->,Flow rate:,66.67,L/m
16:11:28.892 -> Flow rate: 66.67 L/m,,,,11:28.9,->,Flow rate:,66.67,L/m
16:11:28.987 -> Flow rate: 58.33 L/m,,,,11:29.0,->,Flow rate:,58.33,L/m
16:11:29.081 -> Flow rate: 66.67 L/m,,,,11:29.1,->,Flow rate:,66.67,L/m
16:11:29.175 -> Flow rate: 66.67 L/m,,,,11:29.2,->,Flow rate:,66.67,L/m
16:11:29.271 -> Flow rate: 66.67 L/m,,,,11:29.3,->,Flow rate:,66.67,L/m
16:11:29.366 -> Flow rate: 58.33 L/m,,,,11:29.4,->,Flow rate:,58.33,L/m
16:11:29.479 -> Flow rate: 66.67 L/m,,,,11:29.5,->,Flow rate:,66.67,L/m
16:11:29.575 -> Flow rate: 58.33 L/m,,,,11:29.6,->,Flow rate:,58.33,L/m
16:11:29.670 -> Flow rate: 66.67 L/m,,,,11:29.7,->,Flow rate:,66.67,L/m
16:11:29.765 -> Flow rate: 66.67 L/m,,,,11:29.8,->,Flow rate:,66.67,L/m
16:11:29.892 -> Flow rate: 66.67 L/m,,,,11:29.9,->,Flow rate:,66.67,L/m
16:11:29.987 -> Flow rate: 66.67 L/m,,,,11:30.0,->,Flow rate:,66.67,L/m
16:11:30.082 -> Flow rate: 58.33 L/m,,,,11:30.1,->,Flow rate:,58.33,L/m
16:11:30.177 -> Flow rate: 66.67 L/m,,,,11:30.2,->,Flow rate:,66.67,L/m
16:11:30.271 -> Flow rate: 66.67 L/m,,,,11:30.3,->,Flow rate:,66.67,L/m
16:11:30.366 -> Flow rate: 66.67 L/m,,,,11:30.4,->,Flow rate:,66.67,L/m
16:11:30.494 -> Flow rate: 66.67 L/m,,,,11:30.5,->,Flow rate:,66.67,L/m
16:11:30.574 -> Flow rate: 66.67 L/m,,,,11:30.6,->,Flow rate:,66.67,L/m
16:11:30.670 -> Flow rate: 58.33 L/m,,,,11:30.7,->,Flow rate:,58.33,L/m
16:11:30.764 -> Flow rate: 66.67 L/m,,,,11:30.8,->,Flow rate:,66.67,L/m
16:11:30.906 -> Flow rate: 66.67 L/m,,,,11:30.9,->,Flow rate:,66.67,L/m
16:11:31.001 -> Flow rate: 58.33 L/m,,,,11:31.0,->,Flow rate:,58.33,L/m
16:11:31.095 -> Flow rate: 66.67 L/m,,,,11:31.1,->,Flow rate:,66.67,L/m
16:11:31.190 -> Flow rate: 66.67 L/m,,,,11:31.2,->,Flow rate:,66.67,L/m
16:11:31.285 -> Flow rate: 66.67 L/m,,,,11:31.3,->,Flow rate:,66.67,L/m
16:11:31.379 -> Flow rate: 66.67 L/m,,,,11:31.4,->,Flow rate:,66.67,L/m
16:11:31.474 -> Flow rate: 66.67 L/m,,,,11:31.5,->,Flow rate:,66.67,L/m
16:11:31.569 -> Flow rate: 66.67 L/m,,,,11:31.6,->,Flow rate:,66.67,L/m
16:11:31.664 -> Flow rate: 66.67 L/m,,,,11:31.7,->,Flow rate:,66.67,L/m
16:11:31.759 -> Flow rate: 66.67 L/m,,,,11:31.8,->,Flow rate:,66.67,L/m
16:11:31.901 -> Flow rate: 66.67 L/m,,,,11:31.9,->,Flow rate:,66.67,L/m
16:11:31.997 -> Flow rate: 66.67 L/m,,,,11:32.0,->,Flow rate:,66.67,L/m
16:11:32.091 -> Flow rate: 66.67 L/m,,,,11:32.1,->,Flow rate:,66.67,L/m
16:11:32.186 -> Flow rate: 58.33 L/m,,,,11:32.2,->,Flow rate:,58.33,L/m
16:11:32.280 -> Flow rate: 66.67 L/m,,,,11:32.3,->,Flow rate:,66.67,L/m
16:11:32.375 -> Flow rate: 75.00 L/m,,,,11:32.4,->,Flow rate:,75,L/m
16:11:32.470 -> Flow rate: 58.33 L/m,,,,11:32.5,->,Flow rate:,58.33,L/m
16:11:32.565 -> Flow rate: 66.67 L/m,,,,11:32.6,->,Flow rate:,66.67,L/m
16:11:32.661 -> Flow rate: 66.67 L/m,,,,11:32.7,->,Flow rate:,66.67,L/m
16:11:32.803 -> Flow rate: 66.67 L/m,,,,11:32.8,->,Flow rate:,66.67,L/m
16:11:32.898 -> Flow rate: 66.67 L/m,,,,11:32.9,->,Flow rate:,66.67,L/m
16:11:32.993 -> Flow rate: 66.67 L/m,,,,11:33.0,->,Flow rate:,66.67,L/m
16:11:33.072 -> Flow rate: 66.67 L/m,,,,11:33.1,->,Flow rate:,66.67,L/m
16:11:33.166 -> Flow rate: 66.67 L/m,,,,11:33.2,->,Flow rate:,66.67,L/m
16:11:33.310 -> Flow rate: 66.67 L/m,,,,11:33.3,->,Flow rate:,66.67,L/m
16:11:33.404 -> Flow rate: 58.33 L/m,,,,11:33.4,->,Flow rate:,58.33,L/m
16:11:33.484 -> Flow rate: 66.67 L/m,,,,11:33.5,->,Flow rate:,66.67,L/m
16:11:33.562 -> Flow rate: 66.67 L/m,,,,11:33.6,->,Flow rate:,66.67,L/m
16:11:33.704 -> Flow rate: 66.67 L/m,,,,11:33.7,->,Flow rate:,66.67,L/m
16:11:33.799 -> Flow rate: 58.33 L/m,,,,11:33.8,->,Flow rate:,58.33,L/m
16:11:33.895 -> Flow rate: 66.67 L/m,,,,11:33.9,->,Flow rate:,66.67,L/m
16:11:33.975 -> Flow rate: 58.33 L/m,,,,11:34.0,->,Flow rate:,58.33,L/m
16:11:34.070 -> Flow rate: 66.67 L/m,,,,11:34.1,->,Flow rate:,66.67,L/m
16:11:34.165 -> Flow rate: 66.67 L/m,,,,11:34.2,->,Flow rate:,66.67,L/m
16:11:34.292 -> Flow rate: 66.67 L/m,,,,11:34.3,->,Flow rate:,66.67,L/m
16:11:34.372 -> Flow rate: 66.67 L/m,,,,11:34.4,->,Flow rate:,66.67,L/m
16:11:34.468 -> Flow rate: 66.67 L/m,,,,11:34.5,->,Flow rate:,66.67,L/m
16:11:34.563 -> Flow rate: 66.67 L/m,,,,11:34.6,->,Flow rate:,66.67,L/m
16:11:34.705 -> Flow rate: 58.33 L/m,,,,11:34.7,->,Flow rate:,58.33,L/m
16:11:34.799 -> Flow rate: 66.67 L/m,,,,11:34.8,->,Flow rate:,66.67,L/m
16:11:34.894 -> Flow rate: 66.67 L/m,,,,11:34.9,->,Flow rate:,66.67,L/m
16:11:34.989 -> Flow rate: 58.33 L/m,,,,11:35.0,->,Flow rate:,58.33,L/m
16:11:35.084 -> Flow rate: 66.67 L/m,,,,11:35.1,->,Flow rate:,66.67,L/m
16:11:35.178 -> Flow rate: 66.67 L/m,,,,11:35.2,->,Flow rate:,66.67,L/m
16:11:35.305 -> Flow rate: 66.67 L/m,,,,11:35.3,->,Flow rate:,66.67,L/m
16:11:35.400 -> Flow rate: 66.67 L/m,,,,11:35.4,->,Flow rate:,66.67,L/m
16:11:35.494 -> Flow rate: 66.67 L/m,,,,11:35.5,->,Flow rate:,66.67,L/m
16:11:35.589 -> Flow rate: 66.67 L/m,,,,11:35.6,->,Flow rate:,66.67,L/m
16:11:35.684 -> Flow rate: 66.67 L/m,,,,11:35.7,->,Flow rate:,66.67,L/m
16:11:35.779 -> Flow rate: 58.33 L/m,,,,11:35.8,->,Flow rate:,58.33,L/m
16:11:35.872 -> Flow rate: 66.67 L/m,,,,11:35.9,->,Flow rate:,66.67,L/m
16:11:35.966 -> Flow rate: 66.67 L/m,,,,11:36.0,->,Flow rate:,66.67,L/m
16:11:36.108 -> Flow rate: 66.67 L/m,,,,11:36.1,->,Flow rate:,66.67,L/m
16:11:36.204 -> Flow rate: 58.33 L/m,,,,11:36.2,->,Flow rate:,58.33,L/m
16:11:36.298 -> Flow rate: 66.67 L/m,,,,11:36.3,->,Flow rate:,66.67,L/m
16:11:36.392 -> Flow rate: 58.33 L/m,,,,11:36.4,->,Flow rate:,58.33,L/m
16:11:36.485 -> Flow rate: 58.33 L/m,,,,11:36.5,->,Flow rate:,58.33,L/m
16:11:36.579 -> Flow rate: 58.33 L/m,,,,11:36.6,->,Flow rate:,58.33,L/m
16:11:36.673 -> Flow rate: 58.33 L/m,,,,11:36.7,->,Flow rate:,58.33,L/m
16:11:36.768 -> Flow rate: 66.67 L/m,,,,11:36.8,->,Flow rate:,66.67,L/m
16:11:36.866 -> Flow rate: 66.67 L/m,,,,11:36.9,->,Flow rate:,66.67,L/m
16:11:37.006 -> Flow rate: 58.33 L/m,,,,11:37.0,->,Flow rate:,58.33,L/m
16:11:37.101 -> Flow rate: 66.67 L/m,,,,11:37.1,->,Flow rate:,66.67,L/m
16:11:37.197 -> Flow rate: 66.67 L/m,,,,11:37.2,->,Flow rate:,66.67,L/m
16:11:37.292 -> Flow rate: 58.33 L/m,,,,11:37.3,->,Flow rate:,58.33,L/m
16:11:37.385 -> Flow rate: 66.67 L/m,,,,11:37.4,->,Flow rate:,66.67,L/m
16:11:37.479 -> Flow rate: 66.67 L/m,,,,11:37.5,->,Flow rate:,66.67,L/m
16:11:37.573 -> Flow rate: 66.67 L/m,,,,11:37.6,->,Flow rate:,66.67,L/m
16:11:37.666 -> Flow rate: 66.67 L/m,,,,11:37.7,->,Flow rate:,66.67,L/m
16:11:37.809 -> Flow rate: 66.67 L/m,,,,11:37.8,->,Flow rate:,66.67,L/m
16:11:37.902 -> Flow rate: 58.33 L/m,,,,11:37.9,->,Flow rate:,58.33,L/m
16:11:37.996 -> Flow rate: 66.67 L/m,,,,11:38.0,->,Flow rate:,66.67,L/m
16:11:38.090 -> Flow rate: 66.67 L/m,,,,11:38.1,->,Flow rate:,66.67,L/m
16:11:38.184 -> Flow rate: 66.67 L/m,,,,11:38.2,->,Flow rate:,66.67,L/m
16:11:38.277 -> Flow rate: 66.67 L/m,,,,11:38.3,->,Flow rate:,66.67,L/m
16:11:38.371 -> Flow rate: 66.67 L/m,,,,11:38.4,->,Flow rate:,66.67,L/m
16:11:38.465 -> Flow rate: 66.67 L/m,,,,11:38.5,->,Flow rate:,66.67,L/m
16:11:38.606 -> Flow rate: 66.67 L/m,,,,11:38.6,->,Flow rate:,66.67,L/m
16:11:38.700 -> Flow rate: 66.67 L/m,,,,11:38.7,->,Flow rate:,66.67,L/m
16:11:38.793 -> Flow rate: 66.67 L/m,,,,11:38.8,->,Flow rate:,66.67,L/m
16:11:38.887 -> Flow rate: 58.33 L/m,,,,11:38.9,->,Flow rate:,58.33,L/m
16:11:38.981 -> Flow rate: 66.67 L/m,,,,11:39.0,->,Flow rate:,66.67,L/m
16:11:39.075 -> Flow rate: 66.67 L/m,,,,11:39.1,->,Flow rate:,66.67,L/m
16:11:39.169 -> Flow rate: 66.67 L/m,,,,11:39.2,->,Flow rate:,66.67,L/m
16:11:39.310 -> Flow rate: 66.67 L/m,,,,11:39.3,->,Flow rate:,66.67,L/m
16:11:39.404 -> Flow rate: 66.67 L/m,,,,11:39.4,->,Flow rate:,66.67,L/m
16:11:39.497 -> Flow rate: 66.67 L/m,,,,11:39.5,->,Flow rate:,66.67,L/m
16:11:39.591 -> Flow rate: 66.67 L/m,,,,11:39.6,->,Flow rate:,66.67,L/m
16:11:39.686 -> Flow rate: 66.67 L/m,,,,11:39.7,->,Flow rate:,66.67,L/m
16:11:39.786 -> Flow rate: 58.33 L/m,,,,11:39.8,->,Flow rate:,58.33,L/m
16:11:39.876 -> Flow rate: 66.67 L/m,,,,11:39.9,->,Flow rate:,66.67,L/m
16:11:39.970 -> Flow rate: 66.67 L/m,,,,11:40.0,->,Flow rate:,66.67,L/m
16:11:40.064 -> Flow rate: 66.67 L/m,,,,11:40.1,->,Flow rate:,66.67,L/m
16:11:40.191 -> Flow rate: 66.67 L/m,,,,11:40.2,->,Flow rate:,66.67,L/m
16:11:40.284 -> Flow rate: 66.67 L/m,,,,11:40.3,->,Flow rate:,66.67,L/m
16:11:40.378 -> Flow rate: 66.67 L/m,,,,11:40.4,->,Flow rate:,66.67,L/m
16:11:40.472 -> Flow rate: 58.33 L/m,,,,11:40.5,->,Flow rate:,58.33,L/m
16:11:40.566 -> Flow rate: 66.67 L/m,,,,11:40.6,->,Flow rate:,66.67,L/m
16:11:40.709 -> Flow rate: 66.67 L/m,,,,11:40.7,->,Flow rate:,66.67,L/m
16:11:40.803 -> Flow rate: 66.67 L/m,,,,11:40.8,->,Flow rate:,66.67,L/m
16:11:40.897 -> Flow rate: 66.67 L/m,,,,11:40.9,->,Flow rate:,66.67,L/m
16:11:40.990 -> Flow rate: 66.67 L/m,,,,11:41.0,->,Flow rate:,66.67,L/m
16:11:41.085 -> Flow rate: 66.67 L/m,,,,11:41.1,->,Flow rate:,66.67,L/m
16:11:41.180 -> Flow rate: 58.33 L/m,,,,11:41.2,->,Flow rate:,58.33,L/m
16:11:41.279 -> Flow rate: 66.67 L/m,,,,11:41.3,->,Flow rate:,66.67,L/m
16:11:41.371 -> Flow rate: 66.67 L/m,,,,11:41.4,->,Flow rate:,66.67,L/m
16:11:41.466 -> Flow rate: 66.67 L/m,,,,11:41.5,->,Flow rate:,66.67,L/m
16:11:41.607 -> Flow rate: 66.67 L/m,,,,11:41.6,->,Flow rate:,66.67,L/m
16:11:41.701 -> Flow rate: 58.33 L/m,,,,11:41.7,->,Flow rate:,58.33,L/m
16:11:41.797 -> Flow rate: 66.67 L/m,,,,11:41.8,->,Flow rate:,66.67,L/m
16:11:41.890 -> Flow rate: 58.33 L/m,,,,11:41.9,->,Flow rate:,58.33,L/m
16:11:41.984 -> Flow rate: 66.67 L/m,,,,11:42.0,->,Flow rate:,66.67,L/m
16:11:42.078 -> Flow rate: 58.33 L/m,,,,11:42.1,->,Flow rate:,58.33,L/m
16:11:42.173 -> Flow rate: 58.33 L/m,,,,11:42.2,->,Flow rate:,58.33,L/m
16:11:42.268 -> Flow rate: 58.33 L/m,,,,11:42.3,->,Flow rate:,58.33,L/m
16:11:42.362 -> Flow rate: 58.33 L/m,,,,11:42.4,->,Flow rate:,58.33,L/m
16:11:42.503 -> Flow rate: 58.33 L/m,,,,11:42.5,->,Flow rate:,58.33,L/m
16:11:42.597 -> Flow rate: 66.67 L/m,,,,11:42.6,->,Flow rate:,66.67,L/m
16:11:42.690 -> Flow rate: 58.33 L/m,,,,11:42.7,->,Flow rate:,58.33,L/m
16:11:42.785 -> Flow rate: 66.67 L/m,,,,11:42.8,->,Flow rate:,66.67,L/m
16:11:42.880 -> Flow rate: 58.33 L/m,,,,11:42.9,->,Flow rate:,58.33,L/m
16:11:42.975 -> Flow rate: 66.67 L/m,,,,11:43.0,->,Flow rate:,66.67,L/m
16:11:43.072 -> Flow rate: 66.67 L/m,,,,11:43.1,->,Flow rate:,66.67,L/m
16:11:43.168 -> Flow rate: 66.67 L/m,,,,11:43.2,->,Flow rate:,66.67,L/m
16:11:43.309 -> Flow rate: 66.67 L/m,,,,11:43.3,->,Flow rate:,66.67,L/m
16:11:43.404 -> Flow rate: 66.67 L/m,,,,11:43.4,->,Flow rate:,66.67,L/m
16:11:43.497 -> Flow rate: 66.67 L/m,,,,11:43.5,->,Flow rate:,66.67,L/m
16:11:43.591 -> Flow rate: 58.33 L/m,,,,11:43.6,->,Flow rate:,58.33,L/m
16:11:43.686 -> Flow rate: 66.67 L/m,,,,11:43.7,->,Flow rate:,66.67,L/m
16:11:43.780 -> Flow rate: 66.67 L/m,,,,11:43.8,->,Flow rate:,66.67,L/m
16:11:43.875 -> Flow rate: 66.67 L/m,,,,11:43.9,->,Flow rate:,66.67,L/m
16:11:43.971 -> Flow rate: 66.67 L/m,,,,11:44.0,->,Flow rate:,66.67,L/m
16:11:44.066 -> Flow rate: 66.67 L/m,,,,11:44.1,->,Flow rate:,66.67,L/m
16:11:44.208 -> Flow rate: 66.67 L/m,,,,11:44.2,->,Flow rate:,66.67,L/m
16:11:44.302 -> Flow rate: 66.67 L/m,,,,11:44.3,->,Flow rate:,66.67,L/m
16:11:44.396 -> Flow rate: 66.67 L/m,,,,11:44.4,->,Flow rate:,66.67,L/m
16:11:44.489 -> Flow rate: 66.67 L/m,,,,11:44.5,->,Flow rate:,66.67,L/m
16:11:44.583 -> Flow rate: 66.67 L/m,,,,11:44.6,->,Flow rate:,66.67,L/m
16:11:44.661 -> Flow rate: 66.67 L/m,,,,11:44.7,->,Flow rate:,66.67,L/m
16:11:44.802 -> Flow rate: 66.67 L/m,,,,11:44.8,->,Flow rate:,66.67,L/m
16:11:44.896 -> Flow rate: 66.67 L/m,,,,11:44.9,->,Flow rate:,66.67,L/m
16:11:44.992 -> Flow rate: 66.67 L/m,,,,11:45.0,->,Flow rate:,66.67,L/m
16:11:45.086 -> Flow rate: 66.67 L/m,,,,11:45.1,->,Flow rate:,66.67,L/m
16:11:45.181 -> Flow rate: 58.33 L/m,,,,11:45.2,->,Flow rate:,58.33,L/m
16:11:45.277 -> Flow rate: 66.67 L/m,,,,11:45.3,->,Flow rate:,66.67,L/m
16:11:45.372 -> Flow rate: 58.33 L/m,,,,11:45.4,->,Flow rate:,58.33,L/m
16:11:45.465 -> Flow rate: 58.33 L/m,,,,11:45.5,->,Flow rate:,58.33,L/m
16:11:45.606 -> Flow rate: 58.33 L/m,,,,11:45.6,->,Flow rate:,58.33,L/m
16:11:45.701 -> Flow rate: 66.67 L/m,,,,11:45.7,->,Flow rate:,66.67,L/m
16:11:45.796 -> Flow rate: 58.33 L/m,,,,11:45.8,->,Flow rate:,58.33,L/m
16:11:45.891 -> Flow rate: 66.67 L/m,,,,11:45.9,->,Flow rate:,66.67,L/m
16:11:45.970 -> Flow rate: 58.33 L/m,,,,11:46.0,->,Flow rate:,58.33,L/m
16:11:46.111 -> Flow rate: 66.67 L/m,,,,11:46.1,->,Flow rate:,66.67,L/m
16:11:46.205 -> Flow rate: 66.67 L/m,,,,11:46.2,->,Flow rate:,66.67,L/m
16:11:46.299 -> Flow rate: 66.67 L/m,,,,11:46.3,->,Flow rate:,66.67,L/m
16:11:46.392 -> Flow rate: 66.67 L/m,,,,11:46.4,->,Flow rate:,66.67,L/m
16:11:46.486 -> Flow rate: 66.67 L/m,,,,11:46.5,->,Flow rate:,66.67,L/m
16:11:46.580 -> Flow rate: 66.67 L/m,,,,11:46.6,->,Flow rate:,66.67,L/m
16:11:46.674 -> Flow rate: 66.67 L/m,,,,11:46.7,->,Flow rate:,66.67,L/m
16:11:46.769 -> Flow rate: 58.33 L/m,,,,11:46.8,->,Flow rate:,58.33,L/m
16:11:46.911 -> Flow rate: 66.67 L/m,,,,11:46.9,->,Flow rate:,66.67,L/m
16:11:47.005 -> Flow rate: 66.67 L/m,,,,11:47.0,->,Flow rate:,66.67,L/m
16:11:47.100 -> Flow rate: 66.67 L/m,,,,11:47.1,->,Flow rate:,66.67,L/m
16:11:47.195 -> Flow rate: 66.67 L/m,,,,11:47.2,->,Flow rate:,66.67,L/m
16:11:47.289 -> Flow rate: 66.67 L/m,,,,11:47.3,->,Flow rate:,66.67,L/m
16:11:47.385 -> Flow rate: 58.33 L/m,,,,11:47.4,->,Flow rate:,58.33,L/m
16:11:47.478 -> Flow rate: 66.67 L/m,,,,11:47.5,->,Flow rate:,66.67,L/m
16:11:47.572 -> Flow rate: 66.67 L/m,,,,11:47.6,->,Flow rate:,66.67,L/m
16:11:47.666 -> Flow rate: 66.67 L/m,,,,11:47.7,->,Flow rate:,66.67,L/m
16:11:47.808 -> Flow rate: 66.67 L/m,,,,11:47.8,->,Flow rate:,66.67,L/m
16:11:47.901 -> Flow rate: 66.67 L/m,,,,11:47.9,->,Flow rate:,66.67,L/m
16:11:47.996 -> Flow rate: 66.67 L/m,,,,11:48.0,->,Flow rate:,66.67,L/m
16:11:48.076 -> Flow rate: 66.67 L/m,,,,11:48.1,->,Flow rate:,66.67,L/m
16:11:48.171 -> Flow rate: 66.67 L/m,,,,11:48.2,->,Flow rate:,66.67,L/m
16:11:48.266 -> Flow rate: 66.67 L/m,,,,11:48.3,->,Flow rate:,66.67,L/m
16:11:48.409 -> Flow rate: 66.67 L/m,,,,11:48.4,->,Flow rate:,66.67,L/m
16:11:48.487 -> Flow rate: 58.33 L/m,,,,11:48.5,->,Flow rate:,58.33,L/m
16:11:48.582 -> Flow rate: 66.67 L/m,,,,11:48.6,->,Flow rate:,66.67,L/m
16:11:48.661 -> Flow rate: 66.67 L/m,,,,11:48.7,->,Flow rate:,66.67,L/m
16:11:48.804 -> Flow rate: 66.67 L/m,,,,11:48.8,->,Flow rate:,66.67,L/m
16:11:48.898 -> Flow rate: 66.67 L/m,,,,11:48.9,->,Flow rate:,66.67,L/m
16:11:48.978 -> Flow rate: 58.33 L/m,,,,11:49.0,->,Flow rate:,58.33,L/m
16:11:49.105 -> Flow rate: 66.67 L/m,,,,11:49.1,->,Flow rate:,66.67,L/m
16:11:49.200 -> Flow rate: 58.33 L/m,,,,11:49.2,->,Flow rate:,58.33,L/m
16:11:49.293 -> Flow rate: 58.33 L/m,,,,11:49.3,->,Flow rate:,58.33,L/m
16:11:49.389 -> Flow rate: 58.33 L/m,,,,11:49.4,->,Flow rate:,58.33,L/m
16:11:49.484 -> Flow rate: 50.00 L/m,,,,11:49.5,->,Flow rate:,50,L/m
16:11:49.611 -> Flow rate: 58.33 L/m,,,,11:49.6,->,Flow rate:,58.33,L/m
16:11:49.706 -> Flow rate: 58.33 L/m,,,,11:49.7,->,Flow rate:,58.33,L/m
16:11:49.801 -> Flow rate: 50.00 L/m,,,,11:49.8,->,Flow rate:,50,L/m
16:11:49.896 -> Flow rate: 66.67 L/m,,,,11:49.9,->,Flow rate:,66.67,L/m
16:11:49.976 -> Flow rate: 58.33 L/m,,,,11:50.0,->,Flow rate:,58.33,L/m
16:11:50.070 -> Flow rate: 58.33 L/m,,,,11:50.1,->,Flow rate:,58.33,L/m
16:11:50.165 -> Flow rate: 66.67 L/m,,,,11:50.2,->,Flow rate:,66.67,L/m
16:11:50.307 -> Flow rate: 58.33 L/m,,,,11:50.3,->,Flow rate:,58.33,L/m
16:11:50.401 -> Flow rate: 66.67 L/m,,,,11:50.4,->,Flow rate:,66.67,L/m
16:11:50.497 -> Flow rate: 66.67 L/m,,,,11:50.5,->,Flow rate:,66.67,L/m
16:11:50.591 -> Flow rate: 66.67 L/m,,,,11:50.6,->,Flow rate:,66.67,L/m
16:11:50.686 -> Flow rate: 66.67 L/m,,,,11:50.7,->,Flow rate:,66.67,L/m
16:11:50.765 -> Flow rate: 58.33 L/m,,,,11:50.8,->,Flow rate:,58.33,L/m
16:11:50.906 -> Flow rate: 66.67 L/m,,,,11:50.9,->,Flow rate:,66.67,L/m
16:11:51.001 -> Flow rate: 66.67 L/m,,,,11:51.0,->,Flow rate:,66.67,L/m
16:11:51.096 -> Flow rate: 66.67 L/m,,,,11:51.1,->,Flow rate:,66.67,L/m
16:11:51.191 -> Flow rate: 66.67 L/m,,,,11:51.2,->,Flow rate:,66.67,L/m
16:11:51.287 -> Flow rate: 66.67 L/m,,,,11:51.3,->,Flow rate:,66.67,L/m
16:11:51.382 -> Flow rate: 66.67 L/m,,,,11:51.4,->,Flow rate:,66.67,L/m
16:11:51.476 -> Flow rate: 66.67 L/m,,,,11:51.5,->,Flow rate:,66.67,L/m
16:11:51.571 -> Flow rate: 58.33 L/m,,,,11:51.6,->,Flow rate:,58.33,L/m
16:11:51.666 -> Flow rate: 66.67 L/m,,,,11:51.7,->,Flow rate:,66.67,L/m
16:11:51.809 -> Flow rate: 66.67 L/m,,,,11:51.8,->,Flow rate:,66.67,L/m
16:11:51.903 -> Flow rate: 66.67 L/m,,,,11:51.9,->,Flow rate:,66.67,L/m
16:11:51.998 -> Flow rate: 66.67 L/m,,,,11:52.0,->,Flow rate:,66.67,L/m
16:11:52.093 -> Flow rate: 66.67 L/m,,,,11:52.1,->,Flow rate:,66.67,L/m
16:11:52.188 -> Flow rate: 58.33 L/m,,,,11:52.2,->,Flow rate:,58.33,L/m
16:11:52.283 -> Flow rate: 66.67 L/m,,,,11:52.3,->,Flow rate:,66.67,L/m
16:11:52.378 -> Flow rate: 66.67 L/m,,,,11:52.4,->,Flow rate:,66.67,L/m
16:11:52.472 -> Flow rate: 66.67 L/m,,,,11:52.5,->,Flow rate:,66.67,L/m
16:11:52.568 -> Flow rate: 66.67 L/m,,,,11:52.6,->,Flow rate:,66.67,L/m
16:11:52.710 -> Flow rate: 66.67 L/m,,,,11:52.7,->,Flow rate:,66.67,L/m
16:11:52.805 -> Flow rate: 66.67 L/m,,,,11:52.8,->,Flow rate:,66.67,L/m
16:11:52.901 -> Flow rate: 58.33 L/m,,,,11:52.9,->,Flow rate:,58.33,L/m
16:11:52.996 -> Flow rate: 66.67 L/m,,,,11:53.0,->,Flow rate:,66.67,L/m
16:11:53.090 -> Flow rate: 58.33 L/m,,,,11:53.1,->,Flow rate:,58.33,L/m
16:11:53.185 -> Flow rate: 66.67 L/m,,,,11:53.2,->,Flow rate:,66.67,L/m
16:11:53.280 -> Flow rate: 66.67 L/m,,,,11:53.3,->,Flow rate:,66.67,L/m
16:11:53.375 -> Flow rate: 66.67 L/m,,,,11:53.4,->,Flow rate:,66.67,L/m
16:11:53.471 -> Flow rate: 58.33 L/m,,,,11:53.5,->,Flow rate:,58.33,L/m
16:11:53.566 -> Flow rate: 66.67 L/m,,,,11:53.6,->,Flow rate:,66.67,L/m
16:11:53.708 -> Flow rate: 66.67 L/m,,,,11:53.7,->,Flow rate:,66.67,L/m
16:11:53.804 -> Flow rate: 66.67 L/m,,,,11:53.8,->,Flow rate:,66.67,L/m
16:11:53.899 -> Flow rate: 58.33 L/m,,,,11:53.9,->,Flow rate:,58.33,L/m
16:11:53.994 -> Flow rate: 66.67 L/m,,,,11:54.0,->,Flow rate:,66.67,L/m
16:11:54.088 -> Flow rate: 66.67 L/m,,,,11:54.1,->,Flow rate:,66.67,L/m
16:11:54.183 -> Flow rate: 66.67 L/m,,,,11:54.2,->,Flow rate:,66.67,L/m
16:11:54.278 -> Flow rate: 58.33 L/m,,,,11:54.3,->,Flow rate:,58.33,L/m
16:11:54.372 -> Flow rate: 66.67 L/m,,,,11:54.4,->,Flow rate:,66.67,L/m
16:11:54.467 -> Flow rate: 66.67 L/m,,,,11:54.5,->,Flow rate:,66.67,L/m
16:11:54.563 -> Flow rate: 66.67 L/m,,,,11:54.6,->,Flow rate:,66.67,L/m
16:11:54.706 -> Flow rate: 66.67 L/m,,,,11:54.7,->,Flow rate:,66.67,L/m
16:11:54.801 -> Flow rate: 66.67 L/m,,,,11:54.8,->,Flow rate:,66.67,L/m
16:11:54.897 -> Flow rate: 66.67 L/m,,,,11:54.9,->,Flow rate:,66.67,L/m
16:11:54.992 -> Flow rate: 66.67 L/m,,,,11:55.0,->,Flow rate:,66.67,L/m
16:11:55.087 -> Flow rate: 66.67 L/m,,,,11:55.1,->,Flow rate:,66.67,L/m
16:11:55.167 -> Flow rate: 66.67 L/m,,,,11:55.2,->,Flow rate:,66.67,L/m
16:11:55.310 -> Flow rate: 66.67 L/m,,,,11:55.3,->,Flow rate:,66.67,L/m
16:11:55.405 -> Flow rate: 66.67 L/m,,,,11:55.4,->,Flow rate:,66.67,L/m
16:11:55.499 -> Flow rate: 66.67 L/m,,,,11:55.5,->,Flow rate:,66.67,L/m
16:11:55.594 -> Flow rate: 66.67 L/m,,,,11:55.6,->,Flow rate:,66.67,L/m
16:11:55.688 -> Flow rate: 66.67 L/m,,,,11:55.7,->,Flow rate:,66.67,L/m
16:11:55.767 -> Flow rate: 66.67 L/m,,,,11:55.8,->,Flow rate:,66.67,L/m
16:11:55.862 -> Flow rate: 66.67 L/m,,,,11:55.9,->,Flow rate:,66.67,L/m
16:11:56.005 -> Flow rate: 66.67 L/m,,,,11:56.0,->,Flow rate:,66.67,L/m
16:11:56.100 -> Flow rate: 66.67 L/m,,,,11:56.1,->,Flow rate:,66.67,L/m
16:11:56.194 -> Flow rate: 66.67 L/m,,,,11:56.2,->,Flow rate:,66.67,L/m
16:11:56.289 -> Flow rate: 66.67 L/m,,,,11:56.3,->,Flow rate:,66.67,L/m
16:11:56.384 -> Flow rate: 66.67 L/m,,,,11:56.4,->,Flow rate:,66.67,L/m
16:11:56.510 -> Flow rate: 58.33 L/m,,,,11:56.5,->,Flow rate:,58.33,L/m
16:11:56.590 -> Flow rate: 66.67 L/m,,,,11:56.6,->,Flow rate:,66.67,L/m
16:11:56.685 -> Flow rate: 66.67 L/m,,,,11:56.7,->,Flow rate:,66.67,L/m
16:11:56.780 -> Flow rate: 58.33 L/m,,,,11:56.8,->,Flow rate:,58.33,L/m
16:11:56.875 -> Flow rate: 66.67 L/m,,,,11:56.9,->,Flow rate:,66.67,L/m
16:11:56.970 -> Flow rate: 58.33 L/m,,,,11:57.0,->,Flow rate:,58.33,L/m
16:11:57.082 -> Flow rate: 66.67 L/m,,,,11:57.1,->,Flow rate:,66.67,L/m
16:11:57.162 -> Flow rate: 58.33 L/m,,,,11:57.2,->,Flow rate:,58.33,L/m
16:11:57.305 -> Flow rate: 58.33 L/m,,,,11:57.3,->,Flow rate:,58.33,L/m
16:11:57.384 -> Flow rate: 58.33 L/m,,,,11:57.4,->,Flow rate:,58.33,L/m
16:11:57.511 -> Flow rate: 58.33 L/m,,,,11:57.5,->,Flow rate:,58.33,L/m
16:11:57.606 -> Flow rate: 58.33 L/m,,,,11:57.6,->,Flow rate:,58.33,L/m
16:11:57.700 -> Flow rate: 58.33 L/m,,,,11:57.7,->,Flow rate:,58.33,L/m
16:11:57.795 -> Flow rate: 58.33 L/m,,,,11:57.8,->,Flow rate:,58.33,L/m
16:11:57.890 -> Flow rate: 58.33 L/m,,,,11:57.9,->,Flow rate:,58.33,L/m
16:11:57.985 -> Flow rate: 58.33 L/m,,,,11:58.0,->,Flow rate:,58.33,L/m
16:11:58.085 -> Flow rate: 66.67 L/m,,,,11:58.1,->,Flow rate:,66.67,L/m
16:11:58.174 -> Flow rate: 66.67 L/m,,,,11:58.2,->,Flow rate:,66.67,L/m
16:11:58.271 -> Flow rate: 66.67 L/m,,,,11:58.3,->,Flow rate:,66.67,L/m
16:11:58.364 -> Flow rate: 58.33 L/m,,,,11:58.4,->,Flow rate:,58.33,L/m
16:11:58.469 -> Flow rate: 66.67 L/m,,,,11:58.5,->,Flow rate:,66.67,L/m
16:11:58.603 -> Flow rate: 66.67 L/m,,,,11:58.6,->,Flow rate:,66.67,L/m
16:11:58.698 -> Flow rate: 66.67 L/m,,,,11:58.7,->,Flow rate:,66.67,L/m
16:11:58.792 -> Flow rate: 66.67 L/m,,,,11:58.8,->,Flow rate:,66.67,L/m
16:11:58.887 -> Flow rate: 66.67 L/m,,,,11:58.9,->,Flow rate:,66.67,L/m
16:11:58.983 -> Flow rate: 66.67 L/m,,,,11:59.0,->,Flow rate:,66.67,L/m
16:11:59.078 -> Flow rate: 66.67 L/m,,,,11:59.1,->,Flow rate:,66.67,L/m
16:11:59.173 -> Flow rate: 66.67 L/m,,,,11:59.2,->,Flow rate:,66.67,L/m
16:11:59.268 -> Flow rate: 66.67 L/m,,,,11:59.3,->,Flow rate:,66.67,L/m
16:11:59.410 -> Flow rate: 66.67 L/m,,,,11:59.4,->,Flow rate:,66.67,L/m
16:11:59.505 -> Flow rate: 66.67 L/m,,,,11:59.5,->,Flow rate:,66.67,L/m
16:11:59.600 -> Flow rate: 58.33 L/m,,,,11:59.6,->,Flow rate:,58.33,L/m
16:11:59.679 -> Flow rate: 66.67 L/m,,,,11:59.7,->,Flow rate:,66.67,L/m
16:11:59.774 -> Flow rate: 66.67 L/m,,,,11:59.8,->,Flow rate:,66.67,L/m
16:11:59.869 -> Flow rate: 66.67 L/m,,,,11:59.9,->,Flow rate:,66.67,L/m
16:11:59.996 -> Flow rate: 66.67 L/m,,,,12:00.0,->,Flow rate:,66.67,L/m
16:12:00.092 -> Flow rate: 66.67 L/m,,,,12:00.1,->,Flow rate:,66.67,L/m
16:12:00.186 -> Flow rate: 66.67 L/m,,,,12:00.2,->,Flow rate:,66.67,L/m
16:12:00.282 -> Flow rate: 66.67 L/m,,,,12:00.3,->,Flow rate:,66.67,L/m
16:12:00.376 -> Flow rate: 58.33 L/m,,,,12:00.4,->,Flow rate:,58.33,L/m
16:12:00.470 -> Flow rate: 66.67 L/m,,,,12:00.5,->,Flow rate:,66.67,L/m
16:12:00.563 -> Flow rate: 58.33 L/m,,,,12:00.6,->,Flow rate:,58.33,L/m
16:12:00.704 -> Flow rate: 66.67 L/m,,,,12:00.7,->,Flow rate:,66.67,L/m
16:12:00.798 -> Flow rate: 58.33 L/m,,,,12:00.8,->,Flow rate:,58.33,L/m
16:12:00.892 -> Flow rate: 58.33 L/m,,,,12:00.9,->,Flow rate:,58.33,L/m
16:12:00.985 -> Flow rate: 58.33 L/m,,,,12:01.0,->,Flow rate:,58.33,L/m
16:12:01.079 -> Flow rate: 50.00 L/m,,,,12:01.1,->,Flow rate:,50,L/m
16:12:01.173 -> Flow rate: 58.33 L/m,,,,12:01.2,->,Flow rate:,58.33,L/m
16:12:01.266 -> Flow rate: 58.33 L/m,,,,12:01.3,->,Flow rate:,58.33,L/m
16:12:01.407 -> Flow rate: 58.33 L/m,,,,12:01.4,->,Flow rate:,58.33,L/m
16:12:01.501 -> Flow rate: 66.67 L/m,,,,12:01.5,->,Flow rate:,66.67,L/m
16:12:01.595 -> Flow rate: 66.67 L/m,,,,12:01.6,->,Flow rate:,66.67,L/m
16:12:01.689 -> Flow rate: 66.67 L/m,,,,12:01.7,->,Flow rate:,66.67,L/m
16:12:01.783 -> Flow rate: 66.67 L/m,,,,12:01.8,->,Flow rate:,66.67,L/m
16:12:01.880 -> Flow rate: 58.33 L/m,,,,12:01.9,->,Flow rate:,58.33,L/m
16:12:01.971 -> Flow rate: 66.67 L/m,,,,12:02.0,->,Flow rate:,66.67,L/m
16:12:02.112 -> Flow rate: 66.67 L/m,,,,12:02.1,->,Flow rate:,66.67,L/m
16:12:02.205 -> Flow rate: 66.67 L/m,,,,12:02.2,->,Flow rate:,66.67,L/m
16:12:02.299 -> Flow rate: 66.67 L/m,,,,12:02.3,->,Flow rate:,66.67,L/m
16:12:02.393 -> Flow rate: 58.33 L/m,,,,12:02.4,->,Flow rate:,58.33,L/m
16:12:02.487 -> Flow rate: 66.67 L/m,,,,12:02.5,->,Flow rate:,66.67,L/m
16:12:02.580 -> Flow rate: 66.67 L/m,,,,12:02.6,->,Flow rate:,66.67,L/m
16:12:02.674 -> Flow rate: 58.33 L/m,,,,12:02.7,->,Flow rate:,58.33,L/m
16:12:02.768 -> Flow rate: 66.67 L/m,,,,12:02.8,->,Flow rate:,66.67,L/m
16:12:02.908 -> Flow rate: 66.67 L/m,,,,12:02.9,->,Flow rate:,66.67,L/m
16:12:03.003 -> Flow rate: 58.33 L/m,,,,12:03.0,->,Flow rate:,58.33,L/m
16:12:03.096 -> Flow rate: 66.67 L/m,,,,12:03.1,->,Flow rate:,66.67,L/m
16:12:03.190 -> Flow rate: 66.67 L/m,,,,12:03.2,->,Flow rate:,66.67,L/m
16:12:03.284 -> Flow rate: 66.67 L/m,,,,12:03.3,->,Flow rate:,66.67,L/m
16:12:03.378 -> Flow rate: 58.33 L/m,,,,12:03.4,->,Flow rate:,58.33,L/m
16:12:03.471 -> Flow rate: 66.67 L/m,,,,12:03.5,->,Flow rate:,66.67,L/m
16:12:03.565 -> Flow rate: 58.33 L/m,,,,12:03.6,->,Flow rate:,58.33,L/m
16:12:03.706 -> Flow rate: 66.67 L/m,,,,12:03.7,->,Flow rate:,66.67,L/m
16:12:03.800 -> Flow rate: 58.33 L/m,,,,12:03.8,->,Flow rate:,58.33,L/m
16:12:03.893 -> Flow rate: 66.67 L/m,,,,12:03.9,->,Flow rate:,66.67,L/m
16:12:03.987 -> Flow rate: 58.33 L/m,,,,12:04.0,->,Flow rate:,58.33,L/m
16:12:04.081 -> Flow rate: 66.67 L/m,,,,12:04.1,->,Flow rate:,66.67,L/m
16:12:04.175 -> Flow rate: 66.67 L/m,,,,12:04.2,->,Flow rate:,66.67,L/m
16:12:04.269 -> Flow rate: 66.67 L/m,,,,12:04.3,->,Flow rate:,66.67,L/m
16:12:04.410 -> Flow rate: 66.67 L/m,,,,12:04.4,->,Flow rate:,66.67,L/m
16:12:04.504 -> Flow rate: 66.67 L/m,,,,12:04.5,->,Flow rate:,66.67,L/m
16:12:04.597 -> Flow rate: 66.67 L/m,,,,12:04.6,->,Flow rate:,66.67,L/m
16:12:04.691 -> Flow rate: 66.67 L/m,,,,12:04.7,->,Flow rate:,66.67,L/m
16:12:04.785 -> Flow rate: 66.67 L/m,,,,12:04.8,->,Flow rate:,66.67,L/m
16:12:04.879 -> Flow rate: 66.67 L/m,,,,12:04.9,->,Flow rate:,66.67,L/m
16:12:04.973 -> Flow rate: 66.67 L/m,,,,12:05.0,->,Flow rate:,66.67,L/m
16:12:05.067 -> Flow rate: 66.67 L/m,,,,12:05.1,->,Flow rate:,66.67,L/m
16:12:05.208 -> Flow rate: 66.67 L/m,,,,12:05.2,->,Flow rate:,66.67,L/m
16:12:05.301 -> Flow rate: 66.67 L/m,,,,12:05.3,->,Flow rate:,66.67,L/m
16:12:05.396 -> Flow rate: 66.67 L/m,,,,12:05.4,->,Flow rate:,66.67,L/m
16:12:05.489 -> Flow rate: 66.67 L/m,,,,12:05.5,->,Flow rate:,66.67,L/m
16:12:05.583 -> Flow rate: 58.33 L/m,,,,12:05.6,->,Flow rate:,58.33,L/m
16:12:05.678 -> Flow rate: 66.67 L/m,,,,12:05.7,->,Flow rate:,66.67,L/m
16:12:05.772 -> Flow rate: 66.67 L/m,,,,12:05.8,->,Flow rate:,66.67,L/m
16:12:05.865 -> Flow rate: 66.67 L/m,,,,12:05.9,->,Flow rate:,66.67,L/m
16:12:05.959 -> Flow rate: 66.67 L/m,,,,12:06.0,->,Flow rate:,66.67,L/m
16:12:06.100 -> Flow rate: 58.33 L/m,,,,12:06.1,->,Flow rate:,58.33,L/m
16:12:06.193 -> Flow rate: 66.67 L/m,,,,12:06.2,->,Flow rate:,66.67,L/m
16:12:06.287 -> Flow rate: 66.67 L/m,,,,12:06.3,->,Flow rate:,66.67,L/m
16:12:06.381 -> Flow rate: 66.67 L/m,,,,12:06.4,->,Flow rate:,66.67,L/m
16:12:06.475 -> Flow rate: 66.67 L/m,,,,12:06.5,->,Flow rate:,66.67,L/m
16:12:06.568 -> Flow rate: 66.67 L/m,,,,12:06.6,->,Flow rate:,66.67,L/m
16:12:06.709 -> Flow rate: 66.67 L/m,,,,12:06.7,->,Flow rate:,66.67,L/m
16:12:06.803 -> Flow rate: 66.67 L/m,,,,12:06.8,->,Flow rate:,66.67,L/m
16:12:06.897 -> Flow rate: 66.67 L/m,,,,12:06.9,->,Flow rate:,66.67,L/m
16:12:06.991 -> Flow rate: 66.67 L/m,,,,12:07.0,->,Flow rate:,66.67,L/m
16:12:07.085 -> Flow rate: 66.67 L/m,,,,12:07.1,->,Flow rate:,66.67,L/m
16:12:07.179 -> Flow rate: 58.33 L/m,,,,12:07.2,->,Flow rate:,58.33,L/m
16:12:07.273 -> Flow rate: 66.67 L/m,,,,12:07.3,->,Flow rate:,66.67,L/m
16:12:07.366 -> Flow rate: 66.67 L/m,,,,12:07.4,->,Flow rate:,66.67,L/m
16:12:07.507 -> Flow rate: 58.33 L/m,,,,12:07.5,->,Flow rate:,58.33,L/m
16:12:07.601 -> Flow rate: 66.67 L/m,,,,12:07.6,->,Flow rate:,66.67,L/m
16:12:07.695 -> Flow rate: 66.67 L/m,,,,12:07.7,->,Flow rate:,66.67,L/m
16:12:07.788 -> Flow rate: 66.67 L/m,,,,12:07.8,->,Flow rate:,66.67,L/m
16:12:07.882 -> Flow rate: 66.67 L/m,,,,12:07.9,->,Flow rate:,66.67,L/m
16:12:07.976 -> Flow rate: 66.67 L/m,,,,12:08.0,->,Flow rate:,66.67,L/m
16:12:08.070 -> Flow rate: 58.33 L/m,,,,12:08.1,->,Flow rate:,58.33,L/m
16:12:08.210 -> Flow rate: 66.67 L/m,,,,12:08.2,->,Flow rate:,66.67,L/m
16:12:08.304 -> Flow rate: 58.33 L/m,,,,12:08.3,->,Flow rate:,58.33,L/m
16:12:08.398 -> Flow rate: 66.67 L/m,,,,12:08.4,->,Flow rate:,66.67,L/m
16:12:08.491 -> Flow rate: 58.33 L/m,,,,12:08.5,->,Flow rate:,58.33,L/m
16:12:08.585 -> Flow rate: 66.67 L/m,,,,12:08.6,->,Flow rate:,66.67,L/m
16:12:08.679 -> Flow rate: 66.67 L/m,,,,12:08.7,->,Flow rate:,66.67,L/m
16:12:08.773 -> Flow rate: 66.67 L/m,,,,12:08.8,->,Flow rate:,66.67,L/m
16:12:08.866 -> Flow rate: 66.67 L/m,,,,12:08.9,->,Flow rate:,66.67,L/m
16:12:09.007 -> Flow rate: 66.67 L/m,,,,12:09.0,->,Flow rate:,66.67,L/m
16:12:09.101 -> Flow rate: 66.67 L/m,,,,12:09.1,->,Flow rate:,66.67,L/m
16:12:09.194 -> Flow rate: 66.67 L/m,,,,12:09.2,->,Flow rate:,66.67,L/m
16:12:09.288 -> Flow rate: 66.67 L/m,,,,12:09.3,->,Flow rate:,66.67,L/m
16:12:09.382 -> Flow rate: 66.67 L/m,,,,12:09.4,->,Flow rate:,66.67,L/m
16:12:09.476 -> Flow rate: 66.67 L/m,,,,12:09.5,->,Flow rate:,66.67,L/m
16:12:09.569 -> Flow rate: 66.67 L/m,,,,12:09.6,->,Flow rate:,66.67,L/m
16:12:09.710 -> Flow rate: 66.67 L/m,,,,12:09.7,->,Flow rate:,66.67,L/m
16:12:09.804 -> Flow rate: 66.67 L/m,,,,12:09.8,->,Flow rate:,66.67,L/m
16:12:09.883 -> Flow rate: 66.67 L/m,,,,12:09.9,->,Flow rate:,66.67,L/m
16:12:09.976 -> Flow rate: 66.67 L/m,,,,12:10.0,->,Flow rate:,66.67,L/m
16:12:10.070 -> Flow rate: 66.67 L/m,,,,12:10.1,->,Flow rate:,66.67,L/m
16:12:10.164 -> Flow rate: 66.67 L/m,,,,12:10.2,->,Flow rate:,66.67,L/m
16:12:10.304 -> Flow rate: 58.33 L/m,,,,12:10.3,->,Flow rate:,58.33,L/m
16:12:10.398 -> Flow rate: 66.67 L/m,,,,12:10.4,->,Flow rate:,66.67,L/m
16:12:10.492 -> Flow rate: 66.67 L/m,,,,12:10.5,->,Flow rate:,66.67,L/m
16:12:10.586 -> Flow rate: 66.67 L/m,,,,12:10.6,->,Flow rate:,66.67,L/m
16:12:10.679 -> Flow rate: 66.67 L/m,,,,12:10.7,->,Flow rate:,66.67,L/m
16:12:10.773 -> Flow rate: 66.67 L/m,,,,12:10.8,->,Flow rate:,66.67,L/m
16:12:10.867 -> Flow rate: 66.67 L/m,,,,12:10.9,->,Flow rate:,66.67,L/m
16:12:11.007 -> Flow rate: 58.33 L/m,,,,12:11.0,->,Flow rate:,58.33,L/m
16:12:11.101 -> Flow rate: 66.67 L/m,,,,12:11.1,->,Flow rate:,66.67,L/m
16:12:11.196 -> Flow rate: 66.67 L/m,,,,12:11.2,->,Flow rate:,66.67,L/m
16:12:11.290 -> Flow rate: 58.33 L/m,,,,12:11.3,->,Flow rate:,58.33,L/m
16:12:11.383 -> Flow rate: 66.67 L/m,,,,12:11.4,->,Flow rate:,66.67,L/m
16:12:11.477 -> Flow rate: 66.67 L/m,,,,12:11.5,->,Flow rate:,66.67,L/m
16:12:11.571 -> Flow rate: 66.67 L/m,,,,12:11.6,->,Flow rate:,66.67,L/m
16:12:11.711 -> Flow rate: 66.67 L/m,,,,12:11.7,->,Flow rate:,66.67,L/m
16:12:11.805 -> Flow rate: 66.67 L/m,,,,12:11.8,->,Flow rate:,66.67,L/m
16:12:11.899 -> Flow rate: 66.67 L/m,,,,12:11.9,->,Flow rate:,66.67,L/m
16:12:11.993 -> Flow rate: 66.67 L/m,,,,12:12.0,->,Flow rate:,66.67,L/m
16:12:12.087 -> Flow rate: 58.33 L/m,,,,12:12.1,->,Flow rate:,58.33,L/m
16:12:12.180 -> Flow rate: 66.67 L/m,,,,12:12.2,->,Flow rate:,66.67,L/m
16:12:12.274 -> Flow rate: 66.67 L/m,,,,12:12.3,->,Flow rate:,66.67,L/m
16:12:12.368 -> Flow rate: 66.67 L/m,,,,12:12.4,->,Flow rate:,66.67,L/m
16:12:12.510 -> Flow rate: 66.67 L/m,,,,12:12.5,->,Flow rate:,66.67,L/m
16:12:12.604 -> Flow rate: 66.67 L/m,,,,12:12.6,->,Flow rate:,66.67,L/m
16:12:12.697 -> Flow rate: 66.67 L/m,,,,12:12.7,->,Flow rate:,66.67,L/m
16:12:12.791 -> Flow rate: 66.67 L/m,,,,12:12.8,->,Flow rate:,66.67,L/m
16:12:12.885 -> Flow rate: 66.67 L/m,,,,12:12.9,->,Flow rate:,66.67,L/m
16:12:12.978 -> Flow rate: 66.67 L/m,,,,12:13.0,->,Flow rate:,66.67,L/m
16:12:13.072 -> Flow rate: 58.33 L/m,,,,12:13.1,->,Flow rate:,58.33,L/m
16:12:13.166 -> Flow rate: 58.33 L/m,,,,12:13.2,->,Flow rate:,58.33,L/m
16:12:13.307 -> Flow rate: 66.67 L/m,,,,12:13.3,->,Flow rate:,66.67,L/m
16:12:13.400 -> Flow rate: 66.67 L/m,,,,12:13.4,->,Flow rate:,66.67,L/m
16:12:13.494 -> Flow rate: 66.67 L/m,,,,12:13.5,->,Flow rate:,66.67,L/m
16:12:13.588 -> Flow rate: 66.67 L/m,,,,12:13.6,->,Flow rate:,66.67,L/m
16:12:13.682 -> Flow rate: 66.67 L/m,,,,12:13.7,->,Flow rate:,66.67,L/m
16:12:13.775 -> Flow rate: 66.67 L/m,,,,12:13.8,->,Flow rate:,66.67,L/m
16:12:13.870 -> Flow rate: 66.67 L/m,,,,12:13.9,->,Flow rate:,66.67,L/m
16:12:14.010 -> Flow rate: 66.67 L/m,,,,12:14.0,->,Flow rate:,66.67,L/m
16:12:14.104 -> Flow rate: 66.67 L/m,,,,12:14.1,->,Flow rate:,66.67,L/m
16:12:14.198 -> Flow rate: 58.33 L/m,,,,12:14.2,->,Flow rate:,58.33,L/m
16:12:14.292 -> Flow rate: 66.67 L/m,,,,12:14.3,->,Flow rate:,66.67,L/m
16:12:14.385 -> Flow rate: 66.67 L/m,,,,12:14.4,->,Flow rate:,66.67,L/m
16:12:14.479 -> Flow rate: 66.67 L/m,,,,12:14.5,->,Flow rate:,66.67,L/m
16:12:14.573 -> Flow rate: 66.67 L/m,,,,12:14.6,->,Flow rate:,66.67,L/m
16:12:14.667 -> Flow rate: 58.33 L/m,,,,12:14.7,->,Flow rate:,58.33,L/m
16:12:14.807 -> Flow rate: 66.67 L/m,,,,12:14.8,->,Flow rate:,66.67,L/m
16:12:14.901 -> Flow rate: 58.33 L/m,,,,12:14.9,->,Flow rate:,58.33,L/m
16:12:14.995 -> Flow rate: 66.67 L/m,,,,12:15.0,->,Flow rate:,66.67,L/m
16:12:15.089 -> Flow rate: 66.67 L/m,,,,12:15.1,->,Flow rate:,66.67,L/m
16:12:15.182 -> Flow rate: 66.67 L/m,,,,12:15.2,->,Flow rate:,66.67,L/m
16:12:15.276 -> Flow rate: 66.67 L/m,,,,12:15.3,->,Flow rate:,66.67,L/m
16:12:15.370 -> Flow rate: 66.67 L/m,,,,12:15.4,->,Flow rate:,66.67,L/m
16:12:15.511 -> Flow rate: 66.67 L/m,,,,12:15.5,->,Flow rate:,66.67,L/m
16:12:15.605 -> Flow rate: 66.67 L/m,,,,12:15.6,->,Flow rate:,66.67,L/m
16:12:15.698 -> Flow rate: 58.33 L/m,,,,12:15.7,->,Flow rate:,58.33,L/m
16:12:15.792 -> Flow rate: 66.67 L/m,,,,12:15.8,->,Flow rate:,66.67,L/m
16:12:15.886 -> Flow rate: 66.67 L/m,,,,12:15.9,->,Flow rate:,66.67,L/m
16:12:15.980 -> Flow rate: 66.67 L/m,,,,12:16.0,->,Flow rate:,66.67,L/m
16:12:16.074 -> Flow rate: 66.67 L/m,,,,12:16.1,->,Flow rate:,66.67,L/m
16:12:16.168 -> Flow rate: 66.67 L/m,,,,12:16.2,->,Flow rate:,66.67,L/m
16:12:16.309 -> Flow rate: 58.33 L/m,,,,12:16.3,->,Flow rate:,58.33,L/m
16:12:16.402 -> Flow rate: 66.67 L/m,,,,12:16.4,->,Flow rate:,66.67,L/m
16:12:16.496 -> Flow rate: 66.67 L/m,,,,12:16.5,->,Flow rate:,66.67,L/m
16:12:16.591 -> Flow rate: 58.33 L/m,,,,12:16.6,->,Flow rate:,58.33,L/m
16:12:16.684 -> Flow rate: 66.67 L/m,,,,12:16.7,->,Flow rate:,66.67,L/m
16:12:16.778 -> Flow rate: 58.33 L/m,,,,12:16.8,->,Flow rate:,58.33,L/m
16:12:16.872 -> Flow rate: 58.33 L/m,,,,12:16.9,->,Flow rate:,58.33,L/m
16:12:17.013 -> Flow rate: 58.33 L/m,,,,12:17.0,->,Flow rate:,58.33,L/m
16:12:17.107 -> Flow rate: 50.00 L/m,,,,12:17.1,->,Flow rate:,50,L/m
16:12:17.200 -> Flow rate: 58.33 L/m,,,,12:17.2,->,Flow rate:,58.33,L/m
16:12:17.294 -> Flow rate: 58.33 L/m,,,,12:17.3,->,Flow rate:,58.33,L/m
16:12:17.388 -> Flow rate: 58.33 L/m,,,,12:17.4,->,Flow rate:,58.33,L/m
16:12:17.481 -> Flow rate: 66.67 L/m,,,,12:17.5,->,Flow rate:,66.67,L/m
16:12:17.575 -> Flow rate: 66.67 L/m,,,,12:17.6,->,Flow rate:,66.67,L/m
16:12:17.669 -> Flow rate: 58.33 L/m,,,,12:17.7,->,Flow rate:,58.33,L/m
16:12:17.810 -> Flow rate: 66.67 L/m,,,,12:17.8,->,Flow rate:,66.67,L/m
16:12:17.903 -> Flow rate: 66.67 L/m,,,,12:17.9,->,Flow rate:,66.67,L/m
16:12:17.998 -> Flow rate: 66.67 L/m,,,,12:18.0,->,Flow rate:,66.67,L/m
16:12:18.091 -> Flow rate: 66.67 L/m,,,,12:18.1,->,Flow rate:,66.67,L/m
16:12:18.185 -> Flow rate: 66.67 L/m,,,,12:18.2,->,Flow rate:,66.67,L/m
16:12:18.279 -> Flow rate: 66.67 L/m,,,,12:18.3,->,Flow rate:,66.67,L/m
16:12:18.373 -> Flow rate: 66.67 L/m,,,,12:18.4,->,Flow rate:,66.67,L/m
16:12:18.466 -> Flow rate: 66.67 L/m,,,,12:18.5,->,Flow rate:,66.67,L/m
16:12:18.607 -> Flow rate: 66.67 L/m,,,,12:18.6,->,Flow rate:,66.67,L/m
16:12:18.701 -> Flow rate: 66.67 L/m,,,,12:18.7,->,Flow rate:,66.67,L/m
16:12:18.794 -> Flow rate: 66.67 L/m,,,,12:18.8,->,Flow rate:,66.67,L/m
16:12:18.888 -> Flow rate: 66.67 L/m,,,,12:18.9,->,Flow rate:,66.67,L/m
16:12:18.982 -> Flow rate: 66.67 L/m,,,,12:19.0,->,Flow rate:,66.67,L/m
16:12:19.076 -> Flow rate: 66.67 L/m,,,,12:19.1,->,Flow rate:,66.67,L/m
16:12:19.169 -> Flow rate: 58.33 L/m,,,,12:19.2,->,Flow rate:,58.33,L/m
16:12:19.313 -> Flow rate: 75.00 L/m,,,,12:19.3,->,Flow rate:,75,L/m
16:12:19.404 -> Flow rate: 58.33 L/m,,,,12:19.4,->,Flow rate:,58.33,L/m
16:12:19.498 -> Flow rate: 66.67 L/m,,,,12:19.5,->,Flow rate:,66.67,L/m
16:12:19.592 -> Flow rate: 66.67 L/m,,,,12:19.6,->,Flow rate:,66.67,L/m
16:12:19.686 -> Flow rate: 66.67 L/m,,,,12:19.7,->,Flow rate:,66.67,L/m
16:12:19.779 -> Flow rate: 66.67 L/m,,,,12:19.8,->,Flow rate:,66.67,L/m
16:12:19.873 -> Flow rate: 58.33 L/m,,,,12:19.9,->,Flow rate:,58.33,L/m
16:12:19.967 -> Flow rate: 66.67 L/m,,,,12:20.0,->,Flow rate:,66.67,L/m
16:12:20.108 -> Flow rate: 66.67 L/m,,,,12:20.1,->,Flow rate:,66.67,L/m
16:12:20.201 -> Flow rate: 66.67 L/m,,,,12:20.2,->,Flow rate:,66.67,L/m
16:12:20.295 -> Flow rate: 66.67 L/m,,,,12:20.3,->,Flow rate:,66.67,L/m
16:12:20.389 -> Flow rate: 66.67 L/m,,,,12:20.4,->,Flow rate:,66.67,L/m
16:12:20.482 -> Flow rate: 66.67 L/m,,,,12:20.5,->,Flow rate:,66.67,L/m
16:12:20.576 -> Flow rate: 58.33 L/m,,,,12:20.6,->,Flow rate:,58.33,L/m
16:12:20.670 -> Flow rate: 66.67 L/m,,,,12:20.7,->,Flow rate:,66.67,L/m
16:12:20.764 -> Flow rate: 58.33 L/m,,,,12:20.8,->,Flow rate:,58.33,L/m
16:12:20.905 -> Flow rate: 66.67 L/m,,,,12:20.9,->,Flow rate:,66.67,L/m
16:12:20.999 -> Flow rate: 58.33 L/m,,,,12:21.0,->,Flow rate:,58.33,L/m
16:12:21.092 -> Flow rate: 66.67 L/m,,,,12:21.1,->,Flow rate:,66.67,L/m
16:12:21.186 -> Flow rate: 66.67 L/m,,,,12:21.2,->,Flow rate:,66.67,L/m
16:12:21.280 -> Flow rate: 66.67 L/m,,,,12:21.3,->,Flow rate:,66.67,L/m
16:12:21.374 -> Flow rate: 66.67 L/m,,,,12:21.4,->,Flow rate:,66.67,L/m
16:12:21.467 -> Flow rate: 58.33 L/m,,,,12:21.5,->,Flow rate:,58.33,L/m
16:12:21.608 -> Flow rate: 66.67 L/m,,,,12:21.6,->,Flow rate:,66.67,L/m
16:12:21.702 -> Flow rate: 58.33 L/m,,,,12:21.7,->,Flow rate:,58.33,L/m
16:12:21.795 -> Flow rate: 66.67 L/m,,,,12:21.8,->,Flow rate:,66.67,L/m
16:12:21.889 -> Flow rate: 66.67 L/m,,,,12:21.9,->,Flow rate:,66.67,L/m
16:12:21.983 -> Flow rate: 66.67 L/m,,,,12:22.0,->,Flow rate:,66.67,L/m
16:12:22.077 -> Flow rate: 58.33 L/m,,,,12:22.1,->,Flow rate:,58.33,L/m
16:12:22.171 -> Flow rate: 66.67 L/m,,,,12:22.2,->,Flow rate:,66.67,L/m
16:12:22.265 -> Flow rate: 58.33 L/m,,,,12:22.3,->,Flow rate:,58.33,L/m
16:12:22.405 -> Flow rate: 66.67 L/m,,,,12:22.4,->,Flow rate:,66.67,L/m
16:12:22.499 -> Flow rate: 66.67 L/m,,,,12:22.5,->,Flow rate:,66.67,L/m
16:12:22.593 -> Flow rate: 58.33 L/m,,,,12:22.6,->,Flow rate:,58.33,L/m
16:12:22.687 -> Flow rate: 58.33 L/m,,,,12:22.7,->,Flow rate:,58.33,L/m
16:12:22.796 -> Flow rate: 66.67 L/m,,,,12:22.8,->,Flow rate:,66.67,L/m
16:12:22.890 -> Flow rate: 58.33 L/m,,,,12:22.9,->,Flow rate:,58.33,L/m
16:12:22.983 -> Flow rate: 58.33 L/m,,,,12:23.0,->,Flow rate:,58.33,L/m
16:12:23.077 -> Flow rate: 58.33 L/m,,,,12:23.1,->,Flow rate:,58.33,L/m
16:12:23.171 -> Flow rate: 58.33 L/m,,,,12:23.2,->,Flow rate:,58.33,L/m
16:12:23.312 -> Flow rate: 66.67 L/m,,,,12:23.3,->,Flow rate:,66.67,L/m
16:12:23.405 -> Flow rate: 58.33 L/m,,,,12:23.4,->,Flow rate:,58.33,L/m
16:12:23.499 -> Flow rate: 66.67 L/m,,,,12:23.5,->,Flow rate:,66.67,L/m
16:12:23.577 -> Flow rate: 66.67 L/m,,,,12:23.6,->,Flow rate:,66.67,L/m
16:12:23.671 -> Flow rate: 66.67 L/m,,,,12:23.7,->,Flow rate:,66.67,L/m
16:12:23.765 -> Flow rate: 66.67 L/m,,,,12:23.8,->,Flow rate:,66.67,L/m
16:12:23.906 -> Flow rate: 66.67 L/m,,,,12:23.9,->,Flow rate:,66.67,L/m
16:12:23.999 -> Flow rate: 66.67 L/m,,,,12:24.0,->,Flow rate:,66.67,L/m
16:12:24.093 -> Flow rate: 66.67 L/m,,,,12:24.1,->,Flow rate:,66.67,L/m
16:12:24.187 -> Flow rate: 66.67 L/m,,,,12:24.2,->,Flow rate:,66.67,L/m
16:12:24.281 -> Flow rate: 58.33 L/m,,,,12:24.3,->,Flow rate:,58.33,L/m
16:12:24.374 -> Flow rate: 66.67 L/m,,,,12:24.4,->,Flow rate:,66.67,L/m
16:12:24.468 -> Flow rate: 66.67 L/m,,,,12:24.5,->,Flow rate:,66.67,L/m
16:12:24.609 -> Flow rate: 58.33 L/m,,,,12:24.6,->,Flow rate:,58.33,L/m
16:12:24.702 -> Flow rate: 66.67 L/m,,,,12:24.7,->,Flow rate:,66.67,L/m
16:12:24.797 -> Flow rate: 66.67 L/m,,,,12:24.8,->,Flow rate:,66.67,L/m
16:12:24.891 -> Flow rate: 66.67 L/m,,,,12:24.9,->,Flow rate:,66.67,L/m
16:12:24.984 -> Flow rate: 66.67 L/m,,,,12:25.0,->,Flow rate:,66.67,L/m
16:12:25.078 -> Flow rate: 66.67 L/m,,,,12:25.1,->,Flow rate:,66.67,L/m
16:12:25.172 -> Flow rate: 66.67 L/m,,,,12:25.2,->,Flow rate:,66.67,L/m
16:12:25.266 -> Flow rate: 66.67 L/m,,,,12:25.3,->,Flow rate:,66.67,L/m
16:12:25.406 -> Flow rate: 66.67 L/m,,,,12:25.4,->,Flow rate:,66.67,L/m
16:12:25.500 -> Flow rate: 66.67 L/m,,,,12:25.5,->,Flow rate:,66.67,L/m
16:12:25.594 -> Flow rate: 66.67 L/m,,,,12:25.6,->,Flow rate:,66.67,L/m
16:12:25.687 -> Flow rate: 66.67 L/m,,,,12:25.7,->,Flow rate:,66.67,L/m
16:12:25.781 -> Flow rate: 66.67 L/m,,,,12:25.8,->,Flow rate:,66.67,L/m
16:12:25.875 -> Flow rate: 66.67 L/m,,,,12:25.9,->,Flow rate:,66.67,L/m
16:12:25.969 -> Flow rate: 58.33 L/m,,,,12:26.0,->,Flow rate:,58.33,L/m
16:12:26.062 -> Flow rate: 66.67 L/m,,,,12:26.1,->,Flow rate:,66.67,L/m
16:12:26.204 -> Flow rate: 66.67 L/m,,,,12:26.2,->,Flow rate:,66.67,L/m
16:12:26.298 -> Flow rate: 66.67 L/m,,,,12:26.3,->,Flow rate:,66.67,L/m
16:12:26.392 -> Flow rate: 66.67 L/m,,,,12:26.4,->,Flow rate:,66.67,L/m
16:12:26.485 -> Flow rate: 66.67 L/m,,,,12:26.5,->,Flow rate:,66.67,L/m
16:12:26.579 -> Flow rate: 66.67 L/m,,,,12:26.6,->,Flow rate:,66.67,L/m
16:12:26.673 -> Flow rate: 66.67 L/m,,,,12:26.7,->,Flow rate:,66.67,L/m
16:12:26.767 -> Flow rate: 58.33 L/m,,,,12:26.8,->,Flow rate:,58.33,L/m
16:12:26.907 -> Flow rate: 66.67 L/m,,,,12:26.9,->,Flow rate:,66.67,L/m
16:12:27.001 -> Flow rate: 66.67 L/m,,,,12:27.0,->,Flow rate:,66.67,L/m
16:12:27.095 -> Flow rate: 66.67 L/m,,,,12:27.1,->,Flow rate:,66.67,L/m
16:12:27.189 -> Flow rate: 66.67 L/m,,,,12:27.2,->,Flow rate:,66.67,L/m
16:12:27.283 -> Flow rate: 58.33 L/m,,,,12:27.3,->,Flow rate:,58.33,L/m
16:12:27.376 -> Flow rate: 66.67 L/m,,,,12:27.4,->,Flow rate:,66.67,L/m
16:12:27.470 -> Flow rate: 58.33 L/m,,,,12:27.5,->,Flow rate:,58.33,L/m
16:12:27.611 -> Flow rate: 66.67 L/m,,,,12:27.6,->,Flow rate:,66.67,L/m
16:12:27.705 -> Flow rate: 58.33 L/m,,,,12:27.7,->,Flow rate:,58.33,L/m
16:12:27.799 -> Flow rate: 66.67 L/m,,,,12:27.8,->,Flow rate:,66.67,L/m
16:12:27.892 -> Flow rate: 66.67 L/m,,,,12:27.9,->,Flow rate:,66.67,L/m
16:12:27.986 -> Flow rate: 58.33 L/m,,,,12:28.0,->,Flow rate:,58.33,L/m
16:12:28.080 -> Flow rate: 66.67 L/m,,,,12:28.1,->,Flow rate:,66.67,L/m
16:12:28.174 -> Flow rate: 58.33 L/m,,,,12:28.2,->,Flow rate:,58.33,L/m
16:12:28.267 -> Flow rate: 58.33 L/m,,,,12:28.3,->,Flow rate:,58.33,L/m
16:12:28.408 -> Flow rate: 58.33 L/m,,,,12:28.4,->,Flow rate:,58.33,L/m
16:12:28.502 -> Flow rate: 58.33 L/m,,,,12:28.5,->,Flow rate:,58.33,L/m
16:12:28.596 -> Flow rate: 58.33 L/m,,,,12:28.6,->,Flow rate:,58.33,L/m
16:12:28.689 -> Flow rate: 66.67 L/m,,,,12:28.7,->,Flow rate:,66.67,L/m
16:12:28.783 -> Flow rate: 66.67 L/m,,,,12:28.8,->,Flow rate:,66.67,L/m
16:12:28.877 -> Flow rate: 66.67 L/m,,,,12:28.9,->,Flow rate:,66.67,L/m
16:12:28.971 -> Flow rate: 66.67 L/m,,,,12:29.0,->,Flow rate:,66.67,L/m
16:12:29.112 -> Flow rate: 66.67 L/m,,,,12:29.1,->,Flow rate:,66.67,L/m
16:12:29.205 -> Flow rate: 66.67 L/m,,,,12:29.2,->,Flow rate:,66.67,L/m
16:12:29.299 -> Flow rate: 58.33 L/m,,,,12:29.3,->,Flow rate:,58.33,L/m
16:12:29.393 -> Flow rate: 66.67 L/m,,,,12:29.4,->,Flow rate:,66.67,L/m
16:12:29.487 -> Flow rate: 66.67 L/m,,,,12:29.5,->,Flow rate:,66.67,L/m
16:12:29.580 -> Flow rate: 66.67 L/m,,,,12:29.6,->,Flow rate:,66.67,L/m
16:12:29.674 -> Flow rate: 66.67 L/m,,,,12:29.7,->,Flow rate:,66.67,L/m
16:12:29.768 -> Flow rate: 66.67 L/m,,,,12:29.8,->,Flow rate:,66.67,L/m
16:12:29.909 -> Flow rate: 66.67 L/m,,,,12:29.9,->,Flow rate:,66.67,L/m
16:12:30.002 -> Flow rate: 58.33 L/m,,,,12:30.0,->,Flow rate:,58.33,L/m
16:12:30.096 -> Flow rate: 66.67 L/m,,,,12:30.1,->,Flow rate:,66.67,L/m
16:12:30.190 -> Flow rate: 66.67 L/m,,,,12:30.2,->,Flow rate:,66.67,L/m
16:12:30.284 -> Flow rate: 66.67 L/m,,,,12:30.3,->,Flow rate:,66.67,L/m
16:12:30.378 -> Flow rate: 58.33 L/m,,,,12:30.4,->,Flow rate:,58.33,L/m
16:12:30.472 -> Flow rate: 66.67 L/m,,,,12:30.5,->,Flow rate:,66.67,L/m
16:12:30.613 -> Flow rate: 66.67 L/m,,,,12:30.6,->,Flow rate:,66.67,L/m
16:12:30.707 -> Flow rate: 58.33 L/m,,,,12:30.7,->,Flow rate:,58.33,L/m
16:12:30.801 -> Flow rate: 66.67 L/m,,,,12:30.8,->,Flow rate:,66.67,L/m
16:12:30.894 -> Flow rate: 66.67 L/m,,,,12:30.9,->,Flow rate:,66.67,L/m
16:12:30.988 -> Flow rate: 66.67 L/m,,,,12:31.0,->,Flow rate:,66.67,L/m
16:12:31.082 -> Flow rate: 58.33 L/m,,,,12:31.1,->,Flow rate:,58.33,L/m
16:12:31.175 -> Flow rate: 66.67 L/m,,,,12:31.2,->,Flow rate:,66.67,L/m
16:12:31.269 -> Flow rate: 66.67 L/m,,,,12:31.3,->,Flow rate:,66.67,L/m
16:12:31.410 -> Flow rate: 66.67 L/m,,,,12:31.4,->,Flow rate:,66.67,L/m
16:12:31.504 -> Flow rate: 66.67 L/m,,,,12:31.5,->,Flow rate:,66.67,L/m
16:12:31.597 -> Flow rate: 66.67 L/m,,,,12:31.6,->,Flow rate:,66.67,L/m
16:12:31.691 -> Flow rate: 66.67 L/m,,,,12:31.7,->,Flow rate:,66.67,L/m
16:12:31.785 -> Flow rate: 66.67 L/m,,,,12:31.8,->,Flow rate:,66.67,L/m
16:12:31.878 -> Flow rate: 66.67 L/m,,,,12:31.9,->,Flow rate:,66.67,L/m
16:12:31.972 -> Flow rate: 66.67 L/m,,,,12:32.0,->,Flow rate:,66.67,L/m
16:12:32.066 -> Flow rate: 58.33 L/m,,,,12:32.1,->,Flow rate:,58.33,L/m
16:12:32.207 -> Flow rate: 58.33 L/m,,,,12:32.2,->,Flow rate:,58.33,L/m
16:12:32.301 -> Flow rate: 66.67 L/m,,,,12:32.3,->,Flow rate:,66.67,L/m
16:12:32.394 -> Flow rate: 66.67 L/m,,,,12:32.4,->,Flow rate:,66.67,L/m
16:12:32.488 -> Flow rate: 58.33 L/m,,,,12:32.5,->,Flow rate:,58.33,L/m
16:12:32.582 -> Flow rate: 66.67 L/m,,,,12:32.6,->,Flow rate:,66.67,L/m
16:12:32.676 -> Flow rate: 66.67 L/m,,,,12:32.7,->,Flow rate:,66.67,L/m
16:12:32.769 -> Flow rate: 66.67 L/m,,,,12:32.8,->,Flow rate:,66.67,L/m
16:12:32.910 -> Flow rate: 66.67 L/m,,,,12:32.9,->,Flow rate:,66.67,L/m
16:12:33.004 -> Flow rate: 66.67 L/m,,,,12:33.0,->,Flow rate:,66.67,L/m
16:12:33.098 -> Flow rate: 66.67 L/m,,,,12:33.1,->,Flow rate:,66.67,L/m
16:12:33.192 -> Flow rate: 66.67 L/m,,,,12:33.2,->,Flow rate:,66.67,L/m
16:12:33.286 -> Flow rate: 66.67 L/m,,,,12:33.3,->,Flow rate:,66.67,L/m
16:12:33.379 -> Flow rate: 66.67 L/m,,,,12:33.4,->,Flow rate:,66.67,L/m
16:12:33.473 -> Flow rate: 58.33 L/m,,,,12:33.5,->,Flow rate:,58.33,L/m
16:12:33.567 -> Flow rate: 66.67 L/m,,,,12:33.6,->,Flow rate:,66.67,L/m
16:12:33.708 -> Flow rate: 58.33 L/m,,,,12:33.7,->,Flow rate:,58.33,L/m
16:12:33.801 -> Flow rate: 66.67 L/m,,,,12:33.8,->,Flow rate:,66.67,L/m
16:12:33.895 -> Flow rate: 66.67 L/m,,,,12:33.9,->,Flow rate:,66.67,L/m
16:12:33.989 -> Flow rate: 66.67 L/m,,,,12:34.0,->,Flow rate:,66.67,L/m
16:12:34.083 -> Flow rate: 66.67 L/m,,,,12:34.1,->,Flow rate:,66.67,L/m
16:12:34.176 -> Flow rate: 58.33 L/m,,,,12:34.2,->,Flow rate:,58.33,L/m
16:12:34.270 -> Flow rate: 75.00 L/m,,,,12:34.3,->,Flow rate:,75,L/m
16:12:34.411 -> Flow rate: 66.67 L/m,,,,12:34.4,->,Flow rate:,66.67,L/m
16:12:34.505 -> Flow rate: 58.33 L/m,,,,12:34.5,->,Flow rate:,58.33,L/m
16:12:34.599 -> Flow rate: 75.00 L/m,,,,12:34.6,->,Flow rate:,75,L/m
16:12:34.692 -> Flow rate: 66.67 L/m,,,,12:34.7,->,Flow rate:,66.67,L/m
16:12:34.786 -> Flow rate: 58.33 L/m,,,,12:34.8,->,Flow rate:,58.33,L/m
16:12:34.880 -> Flow rate: 66.67 L/m,,,,12:34.9,->,Flow rate:,66.67,L/m
16:12:34.974 -> Flow rate: 66.67 L/m,,,,12:35.0,->,Flow rate:,66.67,L/m
16:12:35.068 -> Flow rate: 58.33 L/m,,,,12:35.1,->,Flow rate:,58.33,L/m
16:12:35.208 -> Flow rate: 58.33 L/m,,,,12:35.2,->,Flow rate:,58.33,L/m
16:12:35.302 -> Flow rate: 66.67 L/m,,,,12:35.3,->,Flow rate:,66.67,L/m
16:12:35.396 -> Flow rate: 58.33 L/m,,,,12:35.4,->,Flow rate:,58.33,L/m
16:12:35.489 -> Flow rate: 58.33 L/m,,,,12:35.5,->,Flow rate:,58.33,L/m
16:12:35.583 -> Flow rate: 58.33 L/m,,,,12:35.6,->,Flow rate:,58.33,L/m
16:12:35.678 -> Flow rate: 66.67 L/m,,,,12:35.7,->,Flow rate:,66.67,L/m
16:12:35.771 -> Flow rate: 66.67 L/m,,,,12:35.8,->,Flow rate:,66.67,L/m
16:12:35.865 -> Flow rate: 58.33 L/m,,,,12:35.9,->,Flow rate:,58.33,L/m
16:12:36.005 -> Flow rate: 66.67 L/m,,,,12:36.0,->,Flow rate:,66.67,L/m
16:12:36.099 -> Flow rate: 66.67 L/m,,,,12:36.1,->,Flow rate:,66.67,L/m
16:12:36.193 -> Flow rate: 58.33 L/m,,,,12:36.2,->,Flow rate:,58.33,L/m
16:12:36.287 -> Flow rate: 66.67 L/m,,,,12:36.3,->,Flow rate:,66.67,L/m
16:12:36.381 -> Flow rate: 58.33 L/m,,,,12:36.4,->,Flow rate:,58.33,L/m
16:12:36.474 -> Flow rate: 58.33 L/m,,,,12:36.5,->,Flow rate:,58.33,L/m
16:12:36.568 -> Flow rate: 50.00 L/m,,,,12:36.6,->,Flow rate:,50,L/m
16:12:36.709 -> Flow rate: 58.33 L/m,,,,12:36.7,->,Flow rate:,58.33,L/m
16:12:36.803 -> Flow rate: 50.00 L/m,,,,12:36.8,->,Flow rate:,50,L/m
16:12:36.896 -> Flow rate: 58.33 L/m,,,,12:36.9,->,Flow rate:,58.33,L/m
16:12:36.990 -> Flow rate: 58.33 L/m,,,,12:37.0,->,Flow rate:,58.33,L/m
16:12:37.084 -> Flow rate: 58.33 L/m,,,,12:37.1,->,Flow rate:,58.33,L/m
16:12:37.178 -> Flow rate: 58.33 L/m,,,,12:37.2,->,Flow rate:,58.33,L/m
16:12:37.272 -> Flow rate: 66.67 L/m,,,,12:37.3,->,Flow rate:,66.67,L/m
16:12:37.366 -> Flow rate: 66.67 L/m,,,,12:37.4,->,Flow rate:,66.67,L/m
16:12:37.506 -> Flow rate: 58.33 L/m,,,,12:37.5,->,Flow rate:,58.33,L/m
16:12:37.600 -> Flow rate: 66.67 L/m,,,,12:37.6,->,Flow rate:,66.67,L/m
16:12:37.694 -> Flow rate: 66.67 L/m,,,,12:37.7,->,Flow rate:,66.67,L/m
16:12:37.787 -> Flow rate: 66.67 L/m,,,,12:37.8,->,Flow rate:,66.67,L/m
16:12:37.881 -> Flow rate: 58.33 L/m,,,,12:37.9,->,Flow rate:,58.33,L/m
16:12:37.975 -> Flow rate: 66.67 L/m,,,,12:38.0,->,Flow rate:,66.67,L/m
16:12:38.069 -> Flow rate: 66.67 L/m,,,,12:38.1,->,Flow rate:,66.67,L/m
16:12:38.209 -> Flow rate: 66.67 L/m,,,,12:38.2,->,Flow rate:,66.67,L/m
16:12:38.303 -> Flow rate: 58.33 L/m,,,,12:38.3,->,Flow rate:,58.33,L/m
16:12:38.397 -> Flow rate: 66.67 L/m,,,,12:38.4,->,Flow rate:,66.67,L/m
16:12:38.491 -> Flow rate: 66.67 L/m,,,,12:38.5,->,Flow rate:,66.67,L/m
16:12:38.585 -> Flow rate: 66.67 L/m,,,,12:38.6,->,Flow rate:,66.67,L/m
16:12:38.678 -> Flow rate: 66.67 L/m,,,,12:38.7,->,Flow rate:,66.67,L/m
16:12:38.772 -> Flow rate: 66.67 L/m,,,,12:38.8,->,Flow rate:,66.67,L/m
16:12:38.866 -> Flow rate: 66.67 L/m,,,,12:38.9,->,Flow rate:,66.67,L/m
16:12:39.007 -> Flow rate: 66.67 L/m,,,,12:39.0,->,Flow rate:,66.67,L/m
16:12:39.100 -> Flow rate: 66.67 L/m,,,,12:39.1,->,Flow rate:,66.67,L/m
16:12:39.194 -> Flow rate: 66.67 L/m,,,,12:39.2,->,Flow rate:,66.67,L/m
16:12:39.288 -> Flow rate: 66.67 L/m,,,,12:39.3,->,Flow rate:,66.67,L/m
16:12:39.382 -> Flow rate: 66.67 L/m,,,,12:39.4,->,Flow rate:,66.67,L/m
16:12:39.475 -> Flow rate: 66.67 L/m,,,,12:39.5,->,Flow rate:,66.67,L/m
16:12:39.569 -> Flow rate: 66.67 L/m,,,,12:39.6,->,Flow rate:,66.67,L/m
16:12:39.710 -> Flow rate: 58.33 L/m,,,,12:39.7,->,Flow rate:,58.33,L/m
16:12:39.804 -> Flow rate: 66.67 L/m,,,,12:39.8,->,Flow rate:,66.67,L/m
16:12:39.898 -> Flow rate: 66.67 L/m,,,,12:39.9,->,Flow rate:,66.67,L/m
16:12:39.992 -> Flow rate: 66.67 L/m,,,,12:40.0,->,Flow rate:,66.67,L/m
16:12:40.085 -> Flow rate: 66.67 L/m,,,,12:40.1,->,Flow rate:,66.67,L/m
16:12:40.179 -> Flow rate: 66.67 L/m,,,,12:40.2,->,Flow rate:,66.67,L/m
16:12:40.273 -> Flow rate: 58.33 L/m,,,,12:40.3,->,Flow rate:,58.33,L/m
16:12:40.367 -> Flow rate: 66.67 L/m,,,,12:40.4,->,Flow rate:,66.67,L/m
16:12:40.507 -> Flow rate: 66.67 L/m,,,,12:40.5,->,Flow rate:,66.67,L/m
16:12:40.601 -> Flow rate: 58.33 L/m,,,,12:40.6,->,Flow rate:,58.33,L/m
16:12:40.695 -> Flow rate: 66.67 L/m,,,,12:40.7,->,Flow rate:,66.67,L/m
16:12:40.788 -> Flow rate: 66.67 L/m,,,,12:40.8,->,Flow rate:,66.67,L/m
16:12:40.882 -> Flow rate: 66.67 L/m,,,,12:40.9,->,Flow rate:,66.67,L/m
16:12:40.976 -> Flow rate: 66.67 L/m,,,,12:41.0,->,Flow rate:,66.67,L/m
16:12:41.070 -> Flow rate: 58.33 L/m,,,,12:41.1,->,Flow rate:,58.33,L/m
16:12:41.211 -> Flow rate: 66.67 L/m,,,,12:41.2,->,Flow rate:,66.67,L/m
16:12:41.305 -> Flow rate: 66.67 L/m,,,,12:41.3,->,Flow rate:,66.67,L/m
16:12:41.398 -> Flow rate: 66.67 L/m,,,,12:41.4,->,Flow rate:,66.67,L/m
16:12:41.492 -> Flow rate: 66.67 L/m,,,,12:41.5,->,Flow rate:,66.67,L/m
16:12:41.586 -> Flow rate: 66.67 L/m,,,,12:41.6,->,Flow rate:,66.67,L/m
16:12:41.680 -> Flow rate: 66.67 L/m,,,,12:41.7,->,Flow rate:,66.67,L/m
16:12:41.773 -> Flow rate: 66.67 L/m,,,,12:41.8,->,Flow rate:,66.67,L/m
16:12:41.867 -> Flow rate: 58.33 L/m,,,,12:41.9,->,Flow rate:,58.33,L/m
16:12:42.008 -> Flow rate: 58.33 L/m,,,,12:42.0,->,Flow rate:,58.33,L/m
16:12:42.102 -> Flow rate: 58.33 L/m,,,,12:42.1,->,Flow rate:,58.33,L/m
16:12:42.196 -> Flow rate: 58.33 L/m,,,,12:42.2,->,Flow rate:,58.33,L/m
16:12:42.290 -> Flow rate: 66.67 L/m,,,,12:42.3,->,Flow rate:,66.67,L/m
16:12:42.384 -> Flow rate: 58.33 L/m,,,,12:42.4,->,Flow rate:,58.33,L/m
16:12:42.477 -> Flow rate: 66.67 L/m,,,,12:42.5,->,Flow rate:,66.67,L/m
16:12:42.572 -> Flow rate: 66.67 L/m,,,,12:42.6,->,Flow rate:,66.67,L/m
16:12:42.666 -> Flow rate: 66.67 L/m,,,,12:42.7,->,Flow rate:,66.67,L/m
16:12:42.806 -> Flow rate: 66.67 L/m,,,,12:42.8,->,Flow rate:,66.67,L/m
16:12:42.900 -> Flow rate: 66.67 L/m,,,,12:42.9,->,Flow rate:,66.67,L/m
16:12:42.994 -> Flow rate: 66.67 L/m,,,,12:43.0,->,Flow rate:,66.67,L/m
16:12:43.088 -> Flow rate: 66.67 L/m,,,,12:43.1,->,Flow rate:,66.67,L/m
16:12:43.181 -> Flow rate: 66.67 L/m,,,,12:43.2,->,Flow rate:,66.67,L/m
16:12:43.275 -> Flow rate: 66.67 L/m,,,,12:43.3,->,Flow rate:,66.67,L/m
16:12:43.369 -> Flow rate: 66.67 L/m,,,,12:43.4,->,Flow rate:,66.67,L/m
16:12:43.509 -> Flow rate: 66.67 L/m,,,,12:43.5,->,Flow rate:,66.67,L/m
16:12:43.603 -> Flow rate: 58.33 L/m,,,,12:43.6,->,Flow rate:,58.33,L/m
16:12:43.697 -> Flow rate: 66.67 L/m,,,,12:43.7,->,Flow rate:,66.67,L/m
16:12:43.791 -> Flow rate: 66.67 L/m,,,,12:43.8,->,Flow rate:,66.67,L/m
16:12:43.885 -> Flow rate: 66.67 L/m,,,,12:43.9,->,Flow rate:,66.67,L/m
16:12:43.978 -> Flow rate: 66.67 L/m,,,,12:44.0,->,Flow rate:,66.67,L/m
16:12:44.072 -> Flow rate: 66.67 L/m,,,,12:44.1,->,Flow rate:,66.67,L/m
16:12:44.166 -> Flow rate: 66.67 L/m,,,,12:44.2,->,Flow rate:,66.67,L/m
16:12:44.307 -> Flow rate: 58.33 L/m,,,,12:44.3,->,Flow rate:,58.33,L/m
16:12:44.400 -> Flow rate: 66.67 L/m,,,,12:44.4,->,Flow rate:,66.67,L/m
16:12:44.494 -> Flow rate: 66.67 L/m,,,,12:44.5,->,Flow rate:,66.67,L/m
16:12:44.588 -> Flow rate: 58.33 L/m,,,,12:44.6,->,Flow rate:,58.33,L/m
16:12:44.682 -> Flow rate: 66.67 L/m,,,,12:44.7,->,Flow rate:,66.67,L/m
16:12:44.775 -> Flow rate: 66.67 L/m,,,,12:44.8,->,Flow rate:,66.67,L/m
16:12:44.869 -> Flow rate: 58.33 L/m,,,,12:44.9,->,Flow rate:,58.33,L/m
16:12:45.010 -> Flow rate: 66.67 L/m,,,,12:45.0,->,Flow rate:,66.67,L/m
16:12:45.104 -> Flow rate: 66.67 L/m,,,,12:45.1,->,Flow rate:,66.67,L/m
16:12:45.197 -> Flow rate: 66.67 L/m,,,,12:45.2,->,Flow rate:,66.67,L/m
16:12:45.292 -> Flow rate: 66.67 L/m,,,,12:45.3,->,Flow rate:,66.67,L/m
16:12:45.385 -> Flow rate: 66.67 L/m,,,,12:45.4,->,Flow rate:,66.67,L/m
16:12:45.479 -> Flow rate: 66.67 L/m,,,,12:45.5,->,Flow rate:,66.67,L/m
16:12:45.573 -> Flow rate: 58.33 L/m,,,,12:45.6,->,Flow rate:,58.33,L/m
16:12:45.667 -> Flow rate: 66.67 L/m,,,,12:45.7,->,Flow rate:,66.67,L/m
16:12:45.807 -> Flow rate: 66.67 L/m,,,,12:45.8,->,Flow rate:,66.67,L/m
16:12:45.901 -> Flow rate: 66.67 L/m,,,,12:45.9,->,Flow rate:,66.67,L/m
16:12:45.995 -> Flow rate: 66.67 L/m,,,,12:46.0,->,Flow rate:,66.67,L/m
16:12:46.089 -> Flow rate: 66.67 L/m,,,,12:46.1,->,Flow rate:,66.67,L/m
16:12:46.182 -> Flow rate: 58.33 L/m,,,,12:46.2,->,Flow rate:,58.33,L/m
16:12:46.276 -> Flow rate: 66.67 L/m,,,,12:46.3,->,Flow rate:,66.67,L/m
16:12:46.370 -> Flow rate: 58.33 L/m,,,,12:46.4,->,Flow rate:,58.33,L/m
16:12:46.464 -> Flow rate: 58.33 L/m,,,,12:46.5,->,Flow rate:,58.33,L/m
16:12:46.604 -> Flow rate: 58.33 L/m,,,,12:46.6,->,Flow rate:,58.33,L/m
16:12:46.699 -> Flow rate: 58.33 L/m,,,,12:46.7,->,Flow rate:,58.33,L/m
16:12:46.792 -> Flow rate: 50.00 L/m,,,,12:46.8,->,Flow rate:,50,L/m
16:12:46.886 -> Flow rate: 50.00 L/m,,,,12:46.9,->,Flow rate:,50,L/m
16:12:46.980 -> Flow rate: 50.00 L/m,,,,12:47.0,->,Flow rate:,50,L/m
16:12:47.074 -> Flow rate: 58.33 L/m,,,,12:47.1,->,Flow rate:,58.33,L/m
16:12:47.168 -> Flow rate: 58.33 L/m,,,,12:47.2,->,Flow rate:,58.33,L/m
16:12:47.309 -> Flow rate: 58.33 L/m,,,,12:47.3,->,Flow rate:,58.33,L/m
16:12:47.402 -> Flow rate: 58.33 L/m,,,,12:47.4,->,Flow rate:,58.33,L/m
16:12:47.496 -> Flow rate: 66.67 L/m,,,,12:47.5,->,Flow rate:,66.67,L/m
16:12:47.590 -> Flow rate: 66.67 L/m,,,,12:47.6,->,Flow rate:,66.67,L/m
16:12:47.683 -> Flow rate: 58.33 L/m,,,,12:47.7,->,Flow rate:,58.33,L/m
16:12:47.777 -> Flow rate: 66.67 L/m,,,,12:47.8,->,Flow rate:,66.67,L/m
16:12:47.871 -> Flow rate: 66.67 L/m,,,,12:47.9,->,Flow rate:,66.67,L/m
16:12:48.012 -> Flow rate: 58.33 L/m,,,,12:48.0,->,Flow rate:,58.33,L/m
16:12:48.106 -> Flow rate: 66.67 L/m,,,,12:48.1,->,Flow rate:,66.67,L/m
16:12:48.200 -> Flow rate: 66.67 L/m,,,,12:48.2,->,Flow rate:,66.67,L/m
16:12:48.293 -> Flow rate: 66.67 L/m,,,,12:48.3,->,Flow rate:,66.67,L/m
16:12:48.387 -> Flow rate: 66.67 L/m,,,,12:48.4,->,Flow rate:,66.67,L/m
16:12:48.481 -> Flow rate: 66.67 L/m,,,,12:48.5,->,Flow rate:,66.67,L/m
16:12:48.575 -> Flow rate: 66.67 L/m,,,,12:48.6,->,Flow rate:,66.67,L/m
16:12:48.668 -> Flow rate: 66.67 L/m,,,,12:48.7,->,Flow rate:,66.67,L/m
16:12:48.809 -> Flow rate: 66.67 L/m,,,,12:48.8,->,Flow rate:,66.67,L/m
16:12:48.903 -> Flow rate: 66.67 L/m,,,,12:48.9,->,Flow rate:,66.67,L/m
16:12:48.997 -> Flow rate: 66.67 L/m,,,,12:49.0,->,Flow rate:,66.67,L/m
16:12:49.091 -> Flow rate: 66.67 L/m,,,,12:49.1,->,Flow rate:,66.67,L/m
16:12:49.184 -> Flow rate: 66.67 L/m,,,,12:49.2,->,Flow rate:,66.67,L/m
16:12:49.278 -> Flow rate: 66.67 L/m,,,,12:49.3,->,Flow rate:,66.67,L/m
16:12:49.372 -> Flow rate: 66.67 L/m,,,,12:49.4,->,Flow rate:,66.67,L/m
16:12:49.466 -> Flow rate: 66.67 L/m,,,,12:49.5,->,Flow rate:,66.67,L/m
16:12:49.606 -> Flow rate: 66.67 L/m,,,,12:49.6,->,Flow rate:,66.67,L/m
16:12:49.700 -> Flow rate: 66.67 L/m,,,,12:49.7,->,Flow rate:,66.67,L/m
16:12:49.794 -> Flow rate: 66.67 L/m,,,,12:49.8,->,Flow rate:,66.67,L/m
16:12:49.888 -> Flow rate: 66.67 L/m,,,,12:49.9,->,Flow rate:,66.67,L/m
16:12:49.981 -> Flow rate: 66.67 L/m,,,,12:50.0,->,Flow rate:,66.67,L/m
16:12:50.075 -> Flow rate: 66.67 L/m,,,,12:50.1,->,Flow rate:,66.67,L/m
16:12:50.169 -> Flow rate: 58.33 L/m,,,,12:50.2,->,Flow rate:,58.33,L/m
16:12:50.310 -> Flow rate: 66.67 L/m,,,,12:50.3,->,Flow rate:,66.67,L/m
16:12:50.403 -> Flow rate: 66.67 L/m,,,,12:50.4,->,Flow rate:,66.67,L/m
16:12:50.497 -> Flow rate: 58.33 L/m,,,,12:50.5,->,Flow rate:,58.33,L/m
16:12:50.591 -> Flow rate: 66.67 L/m,,,,12:50.6,->,Flow rate:,66.67,L/m
16:12:50.685 -> Flow rate: 58.33 L/m,,,,12:50.7,->,Flow rate:,58.33,L/m
16:12:50.779 -> Flow rate: 66.67 L/m,,,,12:50.8,->,Flow rate:,66.67,L/m
16:12:50.872 -> Flow rate: 58.33 L/m,,,,12:50.9,->,Flow rate:,58.33,L/m
16:12:51.013 -> Flow rate: 66.67 L/m,,,,12:51.0,->,Flow rate:,66.67,L/m
16:12:51.107 -> Flow rate: 58.33 L/m,,,,12:51.1,->,Flow rate:,58.33,L/m
16:12:51.201 -> Flow rate: 66.67 L/m,,,,12:51.2,->,Flow rate:,66.67,L/m
16:12:51.294 -> Flow rate: 66.67 L/m,,,,12:51.3,->,Flow rate:,66.67,L/m
16:12:51.388 -> Flow rate: 58.33 L/m,,,,12:51.4,->,Flow rate:,58.33,L/m
16:12:51.482 -> Flow rate: 66.67 L/m,,,,12:51.5,->,Flow rate:,66.67,L/m
16:12:51.576 -> Flow rate: 66.67 L/m,,,,12:51.6,->,Flow rate:,66.67,L/m
16:12:51.669 -> Flow rate: 66.67 L/m,,,,12:51.7,->,Flow rate:,66.67,L/m
16:12:51.810 -> Flow rate: 66.67 L/m,,,,12:51.8,->,Flow rate:,66.67,L/m
16:12:51.904 -> Flow rate: 66.67 L/m,,,,12:51.9,->,Flow rate:,66.67,L/m
16:12:51.997 -> Flow rate: 66.67 L/m,,,,12:52.0,->,Flow rate:,66.67,L/m
16:12:52.091 -> Flow rate: 58.33 L/m,,,,12:52.1,->,Flow rate:,58.33,L/m
16:12:52.185 -> Flow rate: 66.67 L/m,,,,12:52.2,->,Flow rate:,66.67,L/m
16:12:52.279 -> Flow rate: 58.33 L/m,,,,12:52.3,->,Flow rate:,58.33,L/m
16:12:52.373 -> Flow rate: 66.67 L/m,,,,12:52.4,->,Flow rate:,66.67,L/m
16:12:52.466 -> Flow rate: 66.67 L/m,,,,12:52.5,->,Flow rate:,66.67,L/m
16:12:52.607 -> Flow rate: 66.67 L/m,,,,12:52.6,->,Flow rate:,66.67,L/m
16:12:52.701 -> Flow rate: 66.67 L/m,,,,12:52.7,->,Flow rate:,66.67,L/m
16:12:52.795 -> Flow rate: 66.67 L/m,,,,12:52.8,->,Flow rate:,66.67,L/m
16:12:52.888 -> Flow rate: 66.67 L/m,,,,12:52.9,->,Flow rate:,66.67,L/m
16:12:52.982 -> Flow rate: 66.67 L/m,,,,12:53.0,->,Flow rate:,66.67,L/m
16:12:53.076 -> Flow rate: 66.67 L/m,,,,12:53.1,->,Flow rate:,66.67,L/m
16:12:53.170 -> Flow rate: 58.33 L/m,,,,12:53.2,->,Flow rate:,58.33,L/m
16:12:53.310 -> Flow rate: 66.67 L/m,,,,12:53.3,->,Flow rate:,66.67,L/m
16:12:53.404 -> Flow rate: 66.67 L/m,,,,12:53.4,->,Flow rate:,66.67,L/m
16:12:53.498 -> Flow rate: 66.67 L/m,,,,12:53.5,->,Flow rate:,66.67,L/m
16:12:53.592 -> Flow rate: 58.33 L/m,,,,12:53.6,->,Flow rate:,58.33,L/m
16:12:53.686 -> Flow rate: 66.67 L/m,,,,12:53.7,->,Flow rate:,66.67,L/m
16:12:53.764 -> Flow rate: 66.67 L/m,,,,12:53.8,->,Flow rate:,66.67,L/m
16:12:53.904 -> Flow rate: 66.67 L/m,,,,12:53.9,->,Flow rate:,66.67,L/m
16:12:53.998 -> Flow rate: 66.67 L/m,,,,12:54.0,->,Flow rate:,66.67,L/m
16:12:54.092 -> Flow rate: 66.67 L/m,,,,12:54.1,->,Flow rate:,66.67,L/m
16:12:54.186 -> Flow rate: 66.67 L/m,,,,12:54.2,->,Flow rate:,66.67,L/m
16:12:54.280 -> Flow rate: 58.33 L/m,,,,12:54.3,->,Flow rate:,58.33,L/m
16:12:54.373 -> Flow rate: 75.00 L/m,,,,12:54.4,->,Flow rate:,75,L/m
16:12:54.467 -> Flow rate: 66.67 L/m,,,,12:54.5,->,Flow rate:,66.67,L/m
16:12:54.608 -> Flow rate: 58.33 L/m,,,,12:54.6,->,Flow rate:,58.33,L/m
16:12:54.701 -> Flow rate: 66.67 L/m,,,,12:54.7,->,Flow rate:,66.67,L/m
16:12:54.795 -> Flow rate: 66.67 L/m,,,,12:54.8,->,Flow rate:,66.67,L/m
16:12:54.890 -> Flow rate: 66.67 L/m,,,,12:54.9,->,Flow rate:,66.67,L/m
16:12:54.983 -> Flow rate: 66.67 L/m,,,,12:55.0,->,Flow rate:,66.67,L/m
16:12:55.077 -> Flow rate: 66.67 L/m,,,,12:55.1,->,Flow rate:,66.67,L/m
16:12:55.171 -> Flow rate: 66.67 L/m,,,,12:55.2,->,Flow rate:,66.67,L/m
16:12:55.311 -> Flow rate: 66.67 L/m,,,,12:55.3,->,Flow rate:,66.67,L/m
16:12:55.405 -> Flow rate: 66.67 L/m,,,,12:55.4,->,Flow rate:,66.67,L/m
16:12:55.499 -> Flow rate: 66.67 L/m,,,,12:55.5,->,Flow rate:,66.67,L/m
16:12:55.593 -> Flow rate: 58.33 L/m,,,,12:55.6,->,Flow rate:,58.33,L/m
16:12:55.686 -> Flow rate: 66.67 L/m,,,,12:55.7,->,Flow rate:,66.67,L/m
16:12:55.780 -> Flow rate: 66.67 L/m,,,,12:55.8,->,Flow rate:,66.67,L/m
16:12:55.874 -> Flow rate: 66.67 L/m,,,,12:55.9,->,Flow rate:,66.67,L/m
16:12:55.968 -> Flow rate: 66.67 L/m,,,,12:56.0,->,Flow rate:,66.67,L/m
16:12:56.108 -> Flow rate: 66.67 L/m,,,,12:56.1,->,Flow rate:,66.67,L/m
16:12:56.203 -> Flow rate: 66.67 L/m,,,,12:56.2,->,Flow rate:,66.67,L/m
16:12:56.296 -> Flow rate: 66.67 L/m,,,,12:56.3,->,Flow rate:,66.67,L/m
16:12:56.390 -> Flow rate: 58.33 L/m,,,,12:56.4,->,Flow rate:,58.33,L/m
16:12:56.484 -> Flow rate: 66.67 L/m,,,,12:56.5,->,Flow rate:,66.67,L/m
16:12:56.578 -> Flow rate: 66.67 L/m,,,,12:56.6,->,Flow rate:,66.67,L/m
16:12:56.671 -> Flow rate: 58.33 L/m,,,,12:56.7,->,Flow rate:,58.33,L/m
16:12:56.812 -> Flow rate: 66.67 L/m,,,,12:56.8,->,Flow rate:,66.67,L/m
16:12:56.906 -> Flow rate: 66.67 L/m,,,,12:56.9,->,Flow rate:,66.67,L/m
16:12:57.000 -> Flow rate: 66.67 L/m,,,,12:57.0,->,Flow rate:,66.67,L/m
16:12:57.094 -> Flow rate: 58.33 L/m,,,,12:57.1,->,Flow rate:,58.33,L/m
16:12:57.188 -> Flow rate: 66.67 L/m,,,,12:57.2,->,Flow rate:,66.67,L/m
16:12:57.282 -> Flow rate: 66.67 L/m,,,,12:57.3,->,Flow rate:,66.67,L/m
16:12:57.375 -> Flow rate: 66.67 L/m,,,,12:57.4,->,Flow rate:,66.67,L/m
16:12:57.469 -> Flow rate: 66.67 L/m,,,,12:57.5,->,Flow rate:,66.67,L/m
16:12:57.610 -> Flow rate: 66.67 L/m,,,,12:57.6,->,Flow rate:,66.67,L/m
16:12:57.704 -> Flow rate: 66.67 L/m,,,,12:57.7,->,Flow rate:,66.67,L/m
16:12:57.798 -> Flow rate: 66.67 L/m,,,,12:57.8,->,Flow rate:,66.67,L/m
16:12:57.891 -> Flow rate: 66.67 L/m,,,,12:57.9,->,Flow rate:,66.67,L/m
16:12:57.985 -> Flow rate: 58.33 L/m,,,,12:58.0,->,Flow rate:,58.33,L/m
16:12:58.079 -> Flow rate: 66.67 L/m,,,,12:58.1,->,Flow rate:,66.67,L/m
16:12:58.173 -> Flow rate: 58.33 L/m,,,,12:58.2,->,Flow rate:,58.33,L/m
16:12:58.266 -> Flow rate: 50.00 L/m,,,,12:58.3,->,Flow rate:,50,L/m
16:12:58.407 -> Flow rate: 58.33 L/m,,,,12:58.4,->,Flow rate:,58.33,L/m
16:12:58.501 -> Flow rate: 58.33 L/m,,,,12:58.5,->,Flow rate:,58.33,L/m
16:12:58.594 -> Flow rate: 58.33 L/m,,,,12:58.6,->,Flow rate:,58.33,L/m
16:12:58.688 -> Flow rate: 58.33 L/m,,,,12:58.7,->,Flow rate:,58.33,L/m
16:12:58.782 -> Flow rate: 66.67 L/m,,,,12:58.8,->,Flow rate:,66.67,L/m
16:12:58.876 -> Flow rate: 58.33 L/m,,,,12:58.9,->,Flow rate:,58.33,L/m
16:12:58.970 -> Flow rate: 66.67 L/m,,,,12:59.0,->,Flow rate:,66.67,L/m
16:12:59.064 -> Flow rate: 66.67 L/m,,,,12:59.1,->,Flow rate:,66.67,L/m
16:12:59.204 -> Flow rate: 66.67 L/m,,,,12:59.2,->,Flow rate:,66.67,L/m
16:12:59.298 -> Flow rate: 66.67 L/m,,,,12:59.3,->,Flow rate:,66.67,L/m
16:12:59.392 -> Flow rate: 58.33 L/m,,,,12:59.4,->,Flow rate:,58.33,L/m
16:12:59.485 -> Flow rate: 66.67 L/m,,,,12:59.5,->,Flow rate:,66.67,L/m
16:12:59.579 -> Flow rate: 66.67 L/m,,,,12:59.6,->,Flow rate:,66.67,L/m
16:12:59.673 -> Flow rate: 66.67 L/m,,,,12:59.7,->,Flow rate:,66.67,L/m
16:12:59.767 -> Flow rate: 66.67 L/m,,,,12:59.8,->,Flow rate:,66.67,L/m
16:12:59.907 -> Flow rate: 66.67 L/m,,,,12:59.9,->,Flow rate:,66.67,L/m
16:13:00.001 -> Flow rate: 58.33 L/m,,,,13:00.0,->,Flow rate:,58.33,L/m
16:13:00.095 -> Flow rate: 66.67 L/m,,,,13:00.1,->,Flow rate:,66.67,L/m
16:13:00.189 -> Flow rate: 66.67 L/m,,,,13:00.2,->,Flow rate:,66.67,L/m
16:13:00.284 -> Flow rate: 66.67 L/m,,,,13:00.3,->,Flow rate:,66.67,L/m
16:13:00.377 -> Flow rate: 66.67 L/m,,,,13:00.4,->,Flow rate:,66.67,L/m
16:13:00.471 -> Flow rate: 66.67 L/m,,,,13:00.5,->,Flow rate:,66.67,L/m
16:13:00.612 -> Flow rate: 66.67 L/m,,,,13:00.6,->,Flow rate:,66.67,L/m
16:13:00.706 -> Flow rate: 66.67 L/m,,,,13:00.7,->,Flow rate:,66.67,L/m
16:13:00.799 -> Flow rate: 66.67 L/m,,,,13:00.8,->,Flow rate:,66.67,L/m
16:13:00.893 -> Flow rate: 66.67 L/m,,,,13:00.9,->,Flow rate:,66.67,L/m
16:13:00.987 -> Flow rate: 66.67 L/m,,,,13:01.0,->,Flow rate:,66.67,L/m
16:13:01.081 -> Flow rate: 66.67 L/m,,,,13:01.1,->,Flow rate:,66.67,L/m
16:13:01.175 -> Flow rate: 66.67 L/m,,,,13:01.2,->,Flow rate:,66.67,L/m
16:13:01.269 -> Flow rate: 58.33 L/m,,,,13:01.3,->,Flow rate:,58.33,L/m
16:13:01.409 -> Flow rate: 66.67 L/m,,,,13:01.4,->,Flow rate:,66.67,L/m
16:13:01.503 -> Flow rate: 66.67 L/m,,,,13:01.5,->,Flow rate:,66.67,L/m
16:13:01.597 -> Flow rate: 66.67 L/m,,,,13:01.6,->,Flow rate:,66.67,L/m
16:13:01.691 -> Flow rate: 66.67 L/m,,,,13:01.7,->,Flow rate:,66.67,L/m
16:13:01.784 -> Flow rate: 66.67 L/m,,,,13:01.8,->,Flow rate:,66.67,L/m
16:13:01.878 -> Flow rate: 58.33 L/m,,,,13:01.9,->,Flow rate:,58.33,L/m
16:13:01.972 -> Flow rate: 66.67 L/m,,,,13:02.0,->,Flow rate:,66.67,L/m
16:13:02.097 -> Flow rate: 66.67 L/m,,,,13:02.1,->,Flow rate:,66.67,L/m
16:13:02.191 -> Flow rate: 66.67 L/m,,,,13:02.2,->,Flow rate:,66.67,L/m
16:13:02.285 -> Flow rate: 58.33 L/m,,,,13:02.3,->,Flow rate:,58.33,L/m
16:13:02.379 -> Flow rate: 58.33 L/m,,,,13:02.4,->,Flow rate:,58.33,L/m
16:13:02.472 -> Flow rate: 66.67 L/m,,,,13:02.5,->,Flow rate:,66.67,L/m
16:13:02.566 -> Flow rate: 58.33 L/m,,,,13:02.6,->,Flow rate:,58.33,L/m
16:13:02.707 -> Flow rate: 66.67 L/m,,,,13:02.7,->,Flow rate:,66.67,L/m
16:13:02.801 -> Flow rate: 66.67 L/m,,,,13:02.8,->,Flow rate:,66.67,L/m
16:13:02.894 -> Flow rate: 58.33 L/m,,,,13:02.9,->,Flow rate:,58.33,L/m
16:13:02.988 -> Flow rate: 66.67 L/m,,,,13:03.0,->,Flow rate:,66.67,L/m
16:13:03.082 -> Flow rate: 66.67 L/m,,,,13:03.1,->,Flow rate:,66.67,L/m
16:13:03.176 -> Flow rate: 66.67 L/m,,,,13:03.2,->,Flow rate:,66.67,L/m
16:13:03.270 -> Flow rate: 58.33 L/m,,,,13:03.3,->,Flow rate:,58.33,L/m
16:13:03.411 -> Flow rate: 66.67 L/m,,,,13:03.4,->,Flow rate:,66.67,L/m
16:13:03.505 -> Flow rate: 66.67 L/m,,,,13:03.5,->,Flow rate:,66.67,L/m
16:13:03.599 -> Flow rate: 58.33 L/m,,,,13:03.6,->,Flow rate:,58.33,L/m
16:13:03.692 -> Flow rate: 66.67 L/m,,,,13:03.7,->,Flow rate:,66.67,L/m
16:13:03.786 -> Flow rate: 66.67 L/m,,,,13:03.8,->,Flow rate:,66.67,L/m
16:13:03.880 -> Flow rate: 66.67 L/m,,,,13:03.9,->,Flow rate:,66.67,L/m
16:13:03.974 -> Flow rate: 66.67 L/m,,,,13:04.0,->,Flow rate:,66.67,L/m
16:13:04.067 -> Flow rate: 66.67 L/m,,,,13:04.1,->,Flow rate:,66.67,L/m
16:13:04.208 -> Flow rate: 66.67 L/m,,,,13:04.2,->,Flow rate:,66.67,L/m
16:13:04.302 -> Flow rate: 58.33 L/m,,,,13:04.3,->,Flow rate:,58.33,L/m
16:13:04.396 -> Flow rate: 66.67 L/m,,,,13:04.4,->,Flow rate:,66.67,L/m
16:13:04.489 -> Flow rate: 66.67 L/m,,,,13:04.5,->,Flow rate:,66.67,L/m
16:13:04.583 -> Flow rate: 66.67 L/m,,,,13:04.6,->,Flow rate:,66.67,L/m
16:13:04.677 -> Flow rate: 66.67 L/m,,,,13:04.7,->,Flow rate:,66.67,L/m
16:13:04.771 -> Flow rate: 58.33 L/m,,,,13:04.8,->,Flow rate:,58.33,L/m
16:13:04.911 -> Flow rate: 66.67 L/m,,,,13:04.9,->,Flow rate:,66.67,L/m
16:13:05.005 -> Flow rate: 58.33 L/m,,,,13:05.0,->,Flow rate:,58.33,L/m
16:13:05.099 -> Flow rate: 66.67 L/m,,,,13:05.1,->,Flow rate:,66.67,L/m
16:13:05.193 -> Flow rate: 66.67 L/m,,,,13:05.2,->,Flow rate:,66.67,L/m
16:13:05.286 -> Flow rate: 66.67 L/m,,,,13:05.3,->,Flow rate:,66.67,L/m
16:13:05.380 -> Flow rate: 66.67 L/m,,,,13:05.4,->,Flow rate:,66.67,L/m
16:13:05.474 -> Flow rate: 66.67 L/m,,,,13:05.5,->,Flow rate:,66.67,L/m
16:13:05.614 -> Flow rate: 58.33 L/m,,,,13:05.6,->,Flow rate:,58.33,L/m
16:13:05.708 -> Flow rate: 66.67 L/m,,,,13:05.7,->,Flow rate:,66.67,L/m
16:13:05.802 -> Flow rate: 66.67 L/m,,,,13:05.8,->,Flow rate:,66.67,L/m
16:13:05.896 -> Flow rate: 66.67 L/m,,,,13:05.9,->,Flow rate:,66.67,L/m
16:13:05.990 -> Flow rate: 66.67 L/m,,,,13:06.0,->,Flow rate:,66.67,L/m
16:13:06.084 -> Flow rate: 66.67 L/m,,,,13:06.1,->,Flow rate:,66.67,L/m
16:13:06.177 -> Flow rate: 66.67 L/m,,,,13:06.2,->,Flow rate:,66.67,L/m
16:13:06.271 -> Flow rate: 66.67 L/m,,,,13:06.3,->,Flow rate:,66.67,L/m
16:13:06.412 -> Flow rate: 66.67 L/m,,,,13:06.4,->,Flow rate:,66.67,L/m
16:13:06.505 -> Flow rate: 66.67 L/m,,,,13:06.5,->,Flow rate:,66.67,L/m
16:13:06.599 -> Flow rate: 66.67 L/m,,,,13:06.6,->,Flow rate:,66.67,L/m
16:13:06.693 -> Flow rate: 66.67 L/m,,,,13:06.7,->,Flow rate:,66.67,L/m
16:13:06.787 -> Flow rate: 66.67 L/m,,,,13:06.8,->,Flow rate:,66.67,L/m
16:13:06.880 -> Flow rate: 66.67 L/m,,,,13:06.9,->,Flow rate:,66.67,L/m
16:13:06.974 -> Flow rate: 66.67 L/m,,,,13:07.0,->,Flow rate:,66.67,L/m
16:13:07.068 -> Flow rate: 66.67 L/m,,,,13:07.1,->,Flow rate:,66.67,L/m
16:13:07.209 -> Flow rate: 66.67 L/m,,,,13:07.2,->,Flow rate:,66.67,L/m
16:13:07.302 -> Flow rate: 58.33 L/m,,,,13:07.3,->,Flow rate:,58.33,L/m
16:13:07.396 -> Flow rate: 66.67 L/m,,,,13:07.4,->,Flow rate:,66.67,L/m
16:13:07.490 -> Flow rate: 66.67 L/m,,,,13:07.5,->,Flow rate:,66.67,L/m
16:13:07.584 -> Flow rate: 66.67 L/m,,,,13:07.6,->,Flow rate:,66.67,L/m
16:13:07.677 -> Flow rate: 58.33 L/m,,,,13:07.7,->,Flow rate:,58.33,L/m
16:13:07.771 -> Flow rate: 66.67 L/m,,,,13:07.8,->,Flow rate:,66.67,L/m
16:13:07.865 -> Flow rate: 58.33 L/m,,,,13:07.9,->,Flow rate:,58.33,L/m
16:13:08.005 -> Flow rate: 66.67 L/m,,,,13:08.0,->,Flow rate:,66.67,L/m
16:13:08.099 -> Flow rate: 58.33 L/m,,,,13:08.1,->,Flow rate:,58.33,L/m
16:13:08.193 -> Flow rate: 708.33 L/m,,,,13:08.2,->,Flow rate:,70.83,L/m
16:13:08.271 -> Flow rate: 58.33 L/m,,,,13:08.3,->,Flow rate:,58.33,L/m
16:13:08.396 -> Flow rate: 25.00 L/m,,,,13:08.4,->,Flow rate:,25,L/m
16:13:08.490 -> Flow rate: 8.33 L/m,,,,13:08.5,->,Flow rate:,8.33,L/m
16:13:08.584 -> Flow rate: 16.67 L/m,,,,13:08.6,->,Flow rate:,16.67,L/m
16:13:08.679 -> Flow rate: 0.00 L/m,,,,13:08.7,->,Flow rate:,0,L/m
16:13:08.773 -> Flow rate: 8.33 L/m,,,,13:08.8,->,Flow rate:,8.33,L/m
16:13:08.867 -> Flow rate: 8.33 L/m,,,,13:08.9,->,Flow rate:,8.33,L/m
16:13:09.008 -> Flow rate: 0.00 L/m,,,,13:09.0,->,Flow rate:,0,L/m
16:13:09.102 -> Flow rate: 8.33 L/m,,,,13:09.1,->,Flow rate:,8.33,L/m
16:13:09.195 -> Flow rate: 0.00 L/m,,,,13:09.2,->,Flow rate:,0,L/m
16:13:09.289 -> Flow rate: 0.00 L/m,,,,13:09.3,->,Flow rate:,0,L/m
