TimeStamp,,,,TimeStamp1,,Specification,Value,Unit
17:19:21.594 -> Flow rate: 0.00 L/m,,,,19:21.6,->,Flow rate:,0,L/m
17:19:21.683 -> Flow rate: 0.00 L/m,,,,19:21.7,->,Flow rate:,0,L/m
17:19:21.778 -> Flow rate: 0.00 L/m,,,,19:21.8,->,Flow rate:,0,L/m
17:19:21.906 -> Flow rate: 0.00 L/m,,,,19:21.9,->,Flow rate:,0,L/m
17:19:22.001 -> Flow rate: 0.00 L/m,,,,19:22.0,->,Flow rate:,0,L/m
17:19:22.476 -> Flow rate: 0.00 L/m,,,,19:22.5,->,Flow rate:,0,L/m
17:19:22.574 -> Flow rate: 0.00 L/m,,,,19:22.6,->,Flow rate:,0,L/m
17:19:22.668 -> Flow rate: 0.00 L/m,,,,19:22.7,->,Flow rate:,0,L/m
17:19:22.763 -> Flow rate: 0.00 L/m,,,,19:22.8,->,Flow rate:,0,L/m
17:19:22.858 -> Flow rate: 8.33 L/m,,,,19:22.9,->,Flow rate:,8.33,L/m
17:19:22.976 -> Flow rate: 0.00 L/m,,,,19:23.0,->,Flow rate:,0,L/m
17:19:23.065 -> Flow rate: 8.33 L/m,,,,19:23.1,->,Flow rate:,8.33,L/m
17:19:23.158 -> Flow rate: 33.33 L/m,,,,19:23.2,->,Flow rate:,33.33,L/m
17:19:23.302 -> Flow rate: 58.33 L/m,,,,19:23.3,->,Flow rate:,58.33,L/m
17:19:23.394 -> Flow rate: 66.67 L/m,,,,19:23.4,->,Flow rate:,66.67,L/m
17:19:23.488 -> Flow rate: 58.33 L/m,,,,19:23.5,->,Flow rate:,58.33,L/m
17:19:23.566 -> Flow rate: 58.33 L/m,,,,19:23.6,->,Flow rate:,58.33,L/m
17:19:23.661 -> Flow rate: 66.67 L/m,,,,19:23.7,->,Flow rate:,66.67,L/m
17:19:23.757 -> Flow rate: 58.33 L/m,,,,19:23.8,->,Flow rate:,58.33,L/m
17:19:23.900 -> Flow rate: 58.33 L/m,,,,19:23.9,->,Flow rate:,58.33,L/m
17:19:23.994 -> Flow rate: 58.33 L/m,,,,19:24.0,->,Flow rate:,58.33,L/m
17:19:24.089 -> Flow rate: 58.33 L/m,,,,19:24.1,->,Flow rate:,58.33,L/m
17:19:24.183 -> Flow rate: 58.33 L/m,,,,19:24.2,->,Flow rate:,58.33,L/m
17:19:24.277 -> Flow rate: 66.67 L/m,,,,19:24.3,->,Flow rate:,66.67,L/m
17:19:24.370 -> Flow rate: 58.33 L/m,,,,19:24.4,->,Flow rate:,58.33,L/m
17:19:24.465 -> Flow rate: 58.33 L/m,,,,19:24.5,->,Flow rate:,58.33,L/m
17:19:24.560 -> Flow rate: 58.33 L/m,,,,19:24.6,->,Flow rate:,58.33,L/m
17:19:24.702 -> Flow rate: 58.33 L/m,,,,19:24.7,->,Flow rate:,58.33,L/m
17:19:24.780 -> Flow rate: 66.67 L/m,,,,19:24.8,->,Flow rate:,66.67,L/m
17:19:24.858 -> Flow rate: 58.33 L/m,,,,19:24.9,->,Flow rate:,58.33,L/m
17:19:25.000 -> Flow rate: 58.33 L/m,,,,19:25.0,->,Flow rate:,58.33,L/m
17:19:25.095 -> Flow rate: 58.33 L/m,,,,19:25.1,->,Flow rate:,58.33,L/m
17:19:25.190 -> Flow rate: 58.33 L/m,,,,19:25.2,->,Flow rate:,58.33,L/m
17:19:25.285 -> Flow rate: 58.33 L/m,,,,19:25.3,->,Flow rate:,58.33,L/m
17:19:25.379 -> Flow rate: 58.33 L/m,,,,19:25.4,->,Flow rate:,58.33,L/m
17:19:25.474 -> Flow rate: 66.67 L/m,,,,19:25.5,->,Flow rate:,66.67,L/m
17:19:25.584 -> Flow rate: 58.33 L/m,,,,19:25.6,->,Flow rate:,58.33,L/m
17:19:25.678 -> Flow rate: 58.33 L/m,,,,19:25.7,->,Flow rate:,58.33,L/m
17:19:25.758 -> Flow rate: 58.33 L/m,,,,19:25.8,->,Flow rate:,58.33,L/m
17:19:25.901 -> Flow rate: 58.33 L/m,,,,19:25.9,->,Flow rate:,58.33,L/m
17:19:25.996 -> Flow rate: 50.00 L/m,,,,19:26.0,->,Flow rate:,50,L/m
17:19:26.106 -> Flow rate: 58.33 L/m,,,,19:26.1,->,Flow rate:,58.33,L/m
17:19:26.200 -> Flow rate: 50.00 L/m,,,,19:26.2,->,Flow rate:,50,L/m
17:19:26.295 -> Flow rate: 50.00 L/m,,,,19:26.3,->,Flow rate:,50,L/m
17:19:26.389 -> Flow rate: 41.67 L/m,,,,19:26.4,->,Flow rate:,41.67,L/m
17:19:26.484 -> Flow rate: 50.00 L/m,,,,19:26.5,->,Flow rate:,50,L/m
17:19:26.579 -> Flow rate: 50.00 L/m,,,,19:26.6,->,Flow rate:,50,L/m
17:19:26.674 -> Flow rate: 50.00 L/m,,,,19:26.7,->,Flow rate:,50,L/m
17:19:26.769 -> Flow rate: 50.00 L/m,,,,19:26.8,->,Flow rate:,50,L/m
17:19:26.864 -> Flow rate: 50.00 L/m,,,,19:26.9,->,Flow rate:,50,L/m
17:19:26.958 -> Flow rate: 58.33 L/m,,,,19:27.0,->,Flow rate:,58.33,L/m
17:19:27.100 -> Flow rate: 50.00 L/m,,,,19:27.1,->,Flow rate:,50,L/m
17:19:27.195 -> Flow rate: 58.33 L/m,,,,19:27.2,->,Flow rate:,58.33,L/m
17:19:27.290 -> Flow rate: 50.00 L/m,,,,19:27.3,->,Flow rate:,50,L/m
17:19:27.387 -> Flow rate: 58.33 L/m,,,,19:27.4,->,Flow rate:,58.33,L/m
17:19:27.481 -> Flow rate: 58.33 L/m,,,,19:27.5,->,Flow rate:,58.33,L/m
17:19:27.577 -> Flow rate: 50.00 L/m,,,,19:27.6,->,Flow rate:,50,L/m
17:19:27.673 -> Flow rate: 58.33 L/m,,,,19:27.7,->,Flow rate:,58.33,L/m
17:19:27.766 -> Flow rate: 58.33 L/m,,,,19:27.8,->,Flow rate:,58.33,L/m
17:19:27.860 -> Flow rate: 58.33 L/m,,,,19:27.9,->,Flow rate:,58.33,L/m
17:19:27.955 -> Flow rate: 58.33 L/m,,,,19:28.0,->,Flow rate:,58.33,L/m
17:19:28.097 -> Flow rate: 58.33 L/m,,,,19:28.1,->,Flow rate:,58.33,L/m
17:19:28.190 -> Flow rate: 58.33 L/m,,,,19:28.2,->,Flow rate:,58.33,L/m
17:19:28.284 -> Flow rate: 58.33 L/m,,,,19:28.3,->,Flow rate:,58.33,L/m
17:19:28.379 -> Flow rate: 58.33 L/m,,,,19:28.4,->,Flow rate:,58.33,L/m
17:19:28.472 -> Flow rate: 58.33 L/m,,,,19:28.5,->,Flow rate:,58.33,L/m
17:19:28.567 -> Flow rate: 58.33 L/m,,,,19:28.6,->,Flow rate:,58.33,L/m
17:19:28.662 -> Flow rate: 58.33 L/m,,,,19:28.7,->,Flow rate:,58.33,L/m
17:19:28.755 -> Flow rate: 66.67 L/m,,,,19:28.8,->,Flow rate:,66.67,L/m
17:19:28.896 -> Flow rate: 58.33 L/m,,,,19:28.9,->,Flow rate:,58.33,L/m
17:19:28.990 -> Flow rate: 58.33 L/m,,,,19:29.0,->,Flow rate:,58.33,L/m
17:19:29.084 -> Flow rate: 58.33 L/m,,,,19:29.1,->,Flow rate:,58.33,L/m
17:19:29.177 -> Flow rate: 58.33 L/m,,,,19:29.2,->,Flow rate:,58.33,L/m
17:19:29.272 -> Flow rate: 58.33 L/m,,,,19:29.3,->,Flow rate:,58.33,L/m
17:19:29.360 -> Flow rate: 66.67 L/m,,,,19:29.4,->,Flow rate:,66.67,L/m
17:19:29.492 -> Flow rate: 58.33 L/m,,,,19:29.5,->,Flow rate:,58.33,L/m
17:19:29.586 -> Flow rate: 58.33 L/m,,,,19:29.6,->,Flow rate:,58.33,L/m
17:19:29.680 -> Flow rate: 58.33 L/m,,,,19:29.7,->,Flow rate:,58.33,L/m
17:19:29.774 -> Flow rate: 58.33 L/m,,,,19:29.8,->,Flow rate:,58.33,L/m
17:19:29.869 -> Flow rate: 58.33 L/m,,,,19:29.9,->,Flow rate:,58.33,L/m
17:19:29.963 -> Flow rate: 58.33 L/m,,,,19:30.0,->,Flow rate:,58.33,L/m
17:19:30.056 -> Flow rate: 58.33 L/m,,,,19:30.1,->,Flow rate:,58.33,L/m
17:19:30.150 -> Flow rate: 58.33 L/m,,,,19:30.2,->,Flow rate:,58.33,L/m
17:19:30.292 -> Flow rate: 58.33 L/m,,,,19:30.3,->,Flow rate:,58.33,L/m
17:19:30.388 -> Flow rate: 58.33 L/m,,,,19:30.4,->,Flow rate:,58.33,L/m
17:19:30.482 -> Flow rate: 58.33 L/m,,,,19:30.5,->,Flow rate:,58.33,L/m
17:19:30.577 -> Flow rate: 50.00 L/m,,,,19:30.6,->,Flow rate:,50,L/m
17:19:30.672 -> Flow rate: 58.33 L/m,,,,19:30.7,->,Flow rate:,58.33,L/m
17:19:30.767 -> Flow rate: 58.33 L/m,,,,19:30.8,->,Flow rate:,58.33,L/m
17:19:30.862 -> Flow rate: 50.00 L/m,,,,19:30.9,->,Flow rate:,50,L/m
17:19:30.957 -> Flow rate: 58.33 L/m,,,,19:31.0,->,Flow rate:,58.33,L/m
17:19:31.100 -> Flow rate: 58.33 L/m,,,,19:31.1,->,Flow rate:,58.33,L/m
17:19:31.194 -> Flow rate: 50.00 L/m,,,,19:31.2,->,Flow rate:,50,L/m
17:19:31.290 -> Flow rate: 58.33 L/m,,,,19:31.3,->,Flow rate:,58.33,L/m
17:19:31.385 -> Flow rate: 58.33 L/m,,,,19:31.4,->,Flow rate:,58.33,L/m
17:19:31.483 -> Flow rate: 58.33 L/m,,,,19:31.5,->,Flow rate:,58.33,L/m
17:19:31.575 -> Flow rate: 58.33 L/m,,,,19:31.6,->,Flow rate:,58.33,L/m
17:19:31.670 -> Flow rate: 58.33 L/m,,,,19:31.7,->,Flow rate:,58.33,L/m
17:19:31.764 -> Flow rate: 58.33 L/m,,,,19:31.8,->,Flow rate:,58.33,L/m
17:19:31.859 -> Flow rate: 58.33 L/m,,,,19:31.9,->,Flow rate:,58.33,L/m
17:19:31.954 -> Flow rate: 58.33 L/m,,,,19:32.0,->,Flow rate:,58.33,L/m
17:19:32.098 -> Flow rate: 58.33 L/m,,,,19:32.1,->,Flow rate:,58.33,L/m
17:19:32.146 -> Flow rate: 58.33 L/m,,,,19:32.1,->,Flow rate:,58.33,L/m
17:19:32.288 -> Flow rate: 58.33 L/m,,,,19:32.3,->,Flow rate:,58.33,L/m
17:19:32.384 -> Flow rate: 58.33 L/m,,,,19:32.4,->,Flow rate:,58.33,L/m
17:19:32.478 -> Flow rate: 58.33 L/m,,,,19:32.5,->,Flow rate:,58.33,L/m
17:19:32.574 -> Flow rate: 58.33 L/m,,,,19:32.6,->,Flow rate:,58.33,L/m
17:19:32.668 -> Flow rate: 58.33 L/m,,,,19:32.7,->,Flow rate:,58.33,L/m
17:19:32.777 -> Flow rate: 58.33 L/m,,,,19:32.8,->,Flow rate:,58.33,L/m
17:19:32.871 -> Flow rate: 58.33 L/m,,,,19:32.9,->,Flow rate:,58.33,L/m
17:19:32.966 -> Flow rate: 58.33 L/m,,,,19:33.0,->,Flow rate:,58.33,L/m
17:19:33.059 -> Flow rate: 50.00 L/m,,,,19:33.1,->,Flow rate:,50,L/m
17:19:33.199 -> Flow rate: 58.33 L/m,,,,19:33.2,->,Flow rate:,58.33,L/m
17:19:33.293 -> Flow rate: 50.00 L/m,,,,19:33.3,->,Flow rate:,50,L/m
17:19:33.387 -> Flow rate: 58.33 L/m,,,,19:33.4,->,Flow rate:,58.33,L/m
17:19:33.481 -> Flow rate: 58.33 L/m,,,,19:33.5,->,Flow rate:,58.33,L/m
17:19:33.576 -> Flow rate: 58.33 L/m,,,,19:33.6,->,Flow rate:,58.33,L/m
17:19:33.669 -> Flow rate: 50.00 L/m,,,,19:33.7,->,Flow rate:,50,L/m
17:19:33.765 -> Flow rate: 58.33 L/m,,,,19:33.8,->,Flow rate:,58.33,L/m
17:19:33.860 -> Flow rate: 58.33 L/m,,,,19:33.9,->,Flow rate:,58.33,L/m
17:19:34.001 -> Flow rate: 58.33 L/m,,,,19:34.0,->,Flow rate:,58.33,L/m
17:19:34.057 -> Flow rate: 50.00 L/m,,,,19:34.1,->,Flow rate:,50,L/m
17:19:34.159 -> Flow rate: 58.33 L/m,,,,19:34.2,->,Flow rate:,58.33,L/m
17:19:34.302 -> Flow rate: 58.33 L/m,,,,19:34.3,->,Flow rate:,58.33,L/m
17:19:34.413 -> Flow rate: 50.00 L/m,,,,19:34.4,->,Flow rate:,50,L/m
17:19:34.461 -> Flow rate: 58.33 L/m,,,,19:34.5,->,Flow rate:,58.33,L/m
17:19:34.556 -> Flow rate: 58.33 L/m,,,,19:34.6,->,Flow rate:,58.33,L/m
17:19:34.684 -> Flow rate: 58.33 L/m,,,,19:34.7,->,Flow rate:,58.33,L/m
17:19:34.779 -> Flow rate: 50.00 L/m,,,,19:34.8,->,Flow rate:,50,L/m
17:19:34.874 -> Flow rate: 58.33 L/m,,,,19:34.9,->,Flow rate:,58.33,L/m
17:19:34.985 -> Flow rate: 58.33 L/m,,,,19:35.0,->,Flow rate:,58.33,L/m
17:19:35.080 -> Flow rate: 58.33 L/m,,,,19:35.1,->,Flow rate:,58.33,L/m
17:19:35.174 -> Flow rate: 50.00 L/m,,,,19:35.2,->,Flow rate:,50,L/m
17:19:35.270 -> Flow rate: 50.00 L/m,,,,19:35.3,->,Flow rate:,50,L/m
17:19:35.365 -> Flow rate: 58.33 L/m,,,,19:35.4,->,Flow rate:,58.33,L/m
17:19:35.460 -> Flow rate: 50.00 L/m,,,,19:35.5,->,Flow rate:,50,L/m
17:19:35.558 -> Flow rate: 50.00 L/m,,,,19:35.6,->,Flow rate:,50,L/m
17:19:35.698 -> Flow rate: 50.00 L/m,,,,19:35.7,->,Flow rate:,50,L/m
17:19:35.767 -> Flow rate: 58.33 L/m,,,,19:35.8,->,Flow rate:,58.33,L/m
17:19:35.856 -> Flow rate: 58.33 L/m,,,,19:35.9,->,Flow rate:,58.33,L/m
17:19:35.999 -> Flow rate: 58.33 L/m,,,,19:36.0,->,Flow rate:,58.33,L/m
17:19:36.094 -> Flow rate: 58.33 L/m,,,,19:36.1,->,Flow rate:,58.33,L/m
17:19:36.188 -> Flow rate: 58.33 L/m,,,,19:36.2,->,Flow rate:,58.33,L/m
17:19:36.284 -> Flow rate: 58.33 L/m,,,,19:36.3,->,Flow rate:,58.33,L/m
17:19:36.379 -> Flow rate: 58.33 L/m,,,,19:36.4,->,Flow rate:,58.33,L/m
17:19:36.459 -> Flow rate: 58.33 L/m,,,,19:36.5,->,Flow rate:,58.33,L/m
17:19:36.558 -> Flow rate: 58.33 L/m,,,,19:36.6,->,Flow rate:,58.33,L/m
17:19:36.682 -> Flow rate: 58.33 L/m,,,,19:36.7,->,Flow rate:,58.33,L/m
17:19:36.775 -> Flow rate: 58.33 L/m,,,,19:36.8,->,Flow rate:,58.33,L/m
17:19:36.870 -> Flow rate: 58.33 L/m,,,,19:36.9,->,Flow rate:,58.33,L/m
17:19:36.965 -> Flow rate: 58.33 L/m,,,,19:37.0,->,Flow rate:,58.33,L/m
17:19:37.060 -> Flow rate: 58.33 L/m,,,,19:37.1,->,Flow rate:,58.33,L/m
17:19:37.203 -> Flow rate: 58.33 L/m,,,,19:37.2,->,Flow rate:,58.33,L/m
17:19:37.297 -> Flow rate: 58.33 L/m,,,,19:37.3,->,Flow rate:,58.33,L/m
17:19:37.392 -> Flow rate: 58.33 L/m,,,,19:37.4,->,Flow rate:,58.33,L/m
17:19:37.486 -> Flow rate: 58.33 L/m,,,,19:37.5,->,Flow rate:,58.33,L/m
17:19:37.580 -> Flow rate: 58.33 L/m,,,,19:37.6,->,Flow rate:,58.33,L/m
17:19:37.674 -> Flow rate: 66.67 L/m,,,,19:37.7,->,Flow rate:,66.67,L/m
17:19:37.768 -> Flow rate: 58.33 L/m,,,,19:37.8,->,Flow rate:,58.33,L/m
17:19:37.862 -> Flow rate: 58.33 L/m,,,,19:37.9,->,Flow rate:,58.33,L/m
17:19:37.955 -> Flow rate: 58.33 L/m,,,,19:38.0,->,Flow rate:,58.33,L/m
17:19:38.049 -> Flow rate: 58.33 L/m,,,,19:38.0,->,Flow rate:,58.33,L/m
17:19:38.190 -> Flow rate: 58.33 L/m,,,,19:38.2,->,Flow rate:,58.33,L/m
17:19:38.283 -> Flow rate: 58.33 L/m,,,,19:38.3,->,Flow rate:,58.33,L/m
17:19:38.378 -> Flow rate: 58.33 L/m,,,,19:38.4,->,Flow rate:,58.33,L/m
17:19:38.458 -> Flow rate: 50.00 L/m,,,,19:38.5,->,Flow rate:,50,L/m
17:19:38.554 -> Flow rate: 58.33 L/m,,,,19:38.6,->,Flow rate:,58.33,L/m
17:19:38.695 -> Flow rate: 58.33 L/m,,,,19:38.7,->,Flow rate:,58.33,L/m
17:19:38.789 -> Flow rate: 50.00 L/m,,,,19:38.8,->,Flow rate:,50,L/m
17:19:38.882 -> Flow rate: 50.00 L/m,,,,19:38.9,->,Flow rate:,50,L/m
17:19:38.976 -> Flow rate: 58.33 L/m,,,,19:39.0,->,Flow rate:,58.33,L/m
17:19:39.070 -> Flow rate: 50.00 L/m,,,,19:39.1,->,Flow rate:,50,L/m
17:19:39.164 -> Flow rate: 50.00 L/m,,,,19:39.2,->,Flow rate:,50,L/m
17:19:39.258 -> Flow rate: 50.00 L/m,,,,19:39.3,->,Flow rate:,50,L/m
17:19:39.401 -> Flow rate: 58.33 L/m,,,,19:39.4,->,Flow rate:,58.33,L/m
17:19:39.498 -> Flow rate: 50.00 L/m,,,,19:39.5,->,Flow rate:,50,L/m
17:19:39.593 -> Flow rate: 58.33 L/m,,,,19:39.6,->,Flow rate:,58.33,L/m
17:19:39.688 -> Flow rate: 58.33 L/m,,,,19:39.7,->,Flow rate:,58.33,L/m
17:19:39.790 -> Flow rate: 58.33 L/m,,,,19:39.8,->,Flow rate:,58.33,L/m
17:19:39.876 -> Flow rate: 58.33 L/m,,,,19:39.9,->,Flow rate:,58.33,L/m
17:19:39.970 -> Flow rate: 58.33 L/m,,,,19:40.0,->,Flow rate:,58.33,L/m
17:19:40.064 -> Flow rate: 58.33 L/m,,,,19:40.1,->,Flow rate:,58.33,L/m
17:19:40.157 -> Flow rate: 58.33 L/m,,,,19:40.2,->,Flow rate:,58.33,L/m
17:19:40.298 -> Flow rate: 58.33 L/m,,,,19:40.3,->,Flow rate:,58.33,L/m
17:19:40.393 -> Flow rate: 58.33 L/m,,,,19:40.4,->,Flow rate:,58.33,L/m
17:19:40.488 -> Flow rate: 58.33 L/m,,,,19:40.5,->,Flow rate:,58.33,L/m
17:19:40.583 -> Flow rate: 58.33 L/m,,,,19:40.6,->,Flow rate:,58.33,L/m
17:19:40.678 -> Flow rate: 58.33 L/m,,,,19:40.7,->,Flow rate:,58.33,L/m
17:19:40.788 -> Flow rate: 58.33 L/m,,,,19:40.8,->,Flow rate:,58.33,L/m
17:19:40.882 -> Flow rate: 58.33 L/m,,,,19:40.9,->,Flow rate:,58.33,L/m
17:19:40.978 -> Flow rate: 58.33 L/m,,,,19:41.0,->,Flow rate:,58.33,L/m
17:19:41.072 -> Flow rate: 58.33 L/m,,,,19:41.1,->,Flow rate:,58.33,L/m
17:19:41.167 -> Flow rate: 58.33 L/m,,,,19:41.2,->,Flow rate:,58.33,L/m
17:19:41.262 -> Flow rate: 58.33 L/m,,,,19:41.3,->,Flow rate:,58.33,L/m
17:19:41.403 -> Flow rate: 58.33 L/m,,,,19:41.4,->,Flow rate:,58.33,L/m
17:19:41.499 -> Flow rate: 58.33 L/m,,,,19:41.5,->,Flow rate:,58.33,L/m
17:19:41.578 -> Flow rate: 58.33 L/m,,,,19:41.6,->,Flow rate:,58.33,L/m
17:19:41.674 -> Flow rate: 50.00 L/m,,,,19:41.7,->,Flow rate:,50,L/m
17:19:41.767 -> Flow rate: 58.33 L/m,,,,19:41.8,->,Flow rate:,58.33,L/m
17:19:41.861 -> Flow rate: 58.33 L/m,,,,19:41.9,->,Flow rate:,58.33,L/m
17:19:42.002 -> Flow rate: 58.33 L/m,,,,19:42.0,->,Flow rate:,58.33,L/m
17:19:42.095 -> Flow rate: 58.33 L/m,,,,19:42.1,->,Flow rate:,58.33,L/m
17:19:42.189 -> Flow rate: 50.00 L/m,,,,19:42.2,->,Flow rate:,50,L/m
17:19:42.284 -> Flow rate: 58.33 L/m,,,,19:42.3,->,Flow rate:,58.33,L/m
17:19:42.379 -> Flow rate: 50.00 L/m,,,,19:42.4,->,Flow rate:,50,L/m
17:19:42.474 -> Flow rate: 50.00 L/m,,,,19:42.5,->,Flow rate:,50,L/m
17:19:42.584 -> Flow rate: 50.00 L/m,,,,19:42.6,->,Flow rate:,50,L/m
17:19:42.677 -> Flow rate: 50.00 L/m,,,,19:42.7,->,Flow rate:,50,L/m
17:19:42.787 -> Flow rate: 50.00 L/m,,,,19:42.8,->,Flow rate:,50,L/m
17:19:42.882 -> Flow rate: 41.67 L/m,,,,19:42.9,->,Flow rate:,41.67,L/m
17:19:42.976 -> Flow rate: 50.00 L/m,,,,19:43.0,->,Flow rate:,50,L/m
17:19:43.085 -> Flow rate: 50.00 L/m,,,,19:43.1,->,Flow rate:,50,L/m
17:19:43.179 -> Flow rate: 58.33 L/m,,,,19:43.2,->,Flow rate:,58.33,L/m
17:19:43.273 -> Flow rate: 50.00 L/m,,,,19:43.3,->,Flow rate:,50,L/m
17:19:43.366 -> Flow rate: 50.00 L/m,,,,19:43.4,->,Flow rate:,50,L/m
17:19:43.461 -> Flow rate: 58.33 L/m,,,,19:43.5,->,Flow rate:,58.33,L/m
17:19:43.604 -> Flow rate: 50.00 L/m,,,,19:43.6,->,Flow rate:,50,L/m
17:19:43.701 -> Flow rate: 50.00 L/m,,,,19:43.7,->,Flow rate:,50,L/m
17:19:43.798 -> Flow rate: 58.33 L/m,,,,19:43.8,->,Flow rate:,58.33,L/m
17:19:43.890 -> Flow rate: 50.00 L/m,,,,19:43.9,->,Flow rate:,50,L/m
17:19:43.985 -> Flow rate: 50.00 L/m,,,,19:44.0,->,Flow rate:,50,L/m
17:19:44.082 -> Flow rate: 58.33 L/m,,,,19:44.1,->,Flow rate:,58.33,L/m
17:19:44.160 -> Flow rate: 58.33 L/m,,,,19:44.2,->,Flow rate:,58.33,L/m
17:19:44.318 -> Flow rate: 50.00 L/m,,,,19:44.3,->,Flow rate:,50,L/m
17:19:44.400 -> Flow rate: 58.33 L/m,,,,19:44.4,->,Flow rate:,58.33,L/m
17:19:44.494 -> Flow rate: 58.33 L/m,,,,19:44.5,->,Flow rate:,58.33,L/m
17:19:44.589 -> Flow rate: 58.33 L/m,,,,19:44.6,->,Flow rate:,58.33,L/m
17:19:44.684 -> Flow rate: 58.33 L/m,,,,19:44.7,->,Flow rate:,58.33,L/m
17:19:44.763 -> Flow rate: 58.33 L/m,,,,19:44.8,->,Flow rate:,58.33,L/m
17:19:44.858 -> Flow rate: 58.33 L/m,,,,19:44.9,->,Flow rate:,58.33,L/m
17:19:45.001 -> Flow rate: 58.33 L/m,,,,19:45.0,->,Flow rate:,58.33,L/m
17:19:45.095 -> Flow rate: 58.33 L/m,,,,19:45.1,->,Flow rate:,58.33,L/m
17:19:45.190 -> Flow rate: 58.33 L/m,,,,19:45.2,->,Flow rate:,58.33,L/m
17:19:45.285 -> Flow rate: 58.33 L/m,,,,19:45.3,->,Flow rate:,58.33,L/m
17:19:45.380 -> Flow rate: 58.33 L/m,,,,19:45.4,->,Flow rate:,58.33,L/m
17:19:45.476 -> Flow rate: 58.33 L/m,,,,19:45.5,->,Flow rate:,58.33,L/m
17:19:45.571 -> Flow rate: 58.33 L/m,,,,19:45.6,->,Flow rate:,58.33,L/m
17:19:45.666 -> Flow rate: 58.33 L/m,,,,19:45.7,->,Flow rate:,58.33,L/m
17:19:45.760 -> Flow rate: 58.33 L/m,,,,19:45.8,->,Flow rate:,58.33,L/m
17:19:45.906 -> Flow rate: 58.33 L/m,,,,19:45.9,->,Flow rate:,58.33,L/m
17:19:45.998 -> Flow rate: 58.33 L/m,,,,19:46.0,->,Flow rate:,58.33,L/m
17:19:46.078 -> Flow rate: 58.33 L/m,,,,19:46.1,->,Flow rate:,58.33,L/m
17:19:46.173 -> Flow rate: 58.33 L/m,,,,19:46.2,->,Flow rate:,58.33,L/m
17:19:46.267 -> Flow rate: 66.67 L/m,,,,19:46.3,->,Flow rate:,66.67,L/m
17:19:46.365 -> Flow rate: 58.33 L/m,,,,19:46.4,->,Flow rate:,58.33,L/m
17:19:46.490 -> Flow rate: 58.33 L/m,,,,19:46.5,->,Flow rate:,58.33,L/m
17:19:46.585 -> Flow rate: 58.33 L/m,,,,19:46.6,->,Flow rate:,58.33,L/m
17:19:46.685 -> Flow rate: 58.33 L/m,,,,19:46.7,->,Flow rate:,58.33,L/m
17:19:46.759 -> Flow rate: 58.33 L/m,,,,19:46.8,->,Flow rate:,58.33,L/m
17:19:46.854 -> Flow rate: 58.33 L/m,,,,19:46.9,->,Flow rate:,58.33,L/m
17:19:46.997 -> Flow rate: 58.33 L/m,,,,19:47.0,->,Flow rate:,58.33,L/m
17:19:47.094 -> Flow rate: 58.33 L/m,,,,19:47.1,->,Flow rate:,58.33,L/m
17:19:47.187 -> Flow rate: 58.33 L/m,,,,19:47.2,->,Flow rate:,58.33,L/m
17:19:47.282 -> Flow rate: 58.33 L/m,,,,19:47.3,->,Flow rate:,58.33,L/m
17:19:47.377 -> Flow rate: 58.33 L/m,,,,19:47.4,->,Flow rate:,58.33,L/m
17:19:47.473 -> Flow rate: 58.33 L/m,,,,19:47.5,->,Flow rate:,58.33,L/m
17:19:47.568 -> Flow rate: 58.33 L/m,,,,19:47.6,->,Flow rate:,58.33,L/m
17:19:47.662 -> Flow rate: 58.33 L/m,,,,19:47.7,->,Flow rate:,58.33,L/m
17:19:47.757 -> Flow rate: 58.33 L/m,,,,19:47.8,->,Flow rate:,58.33,L/m
17:19:47.900 -> Flow rate: 58.33 L/m,,,,19:47.9,->,Flow rate:,58.33,L/m
17:19:47.964 -> Flow rate: 58.33 L/m,,,,19:48.0,->,Flow rate:,58.33,L/m
17:19:48.058 -> Flow rate: 58.33 L/m,,,,19:48.1,->,Flow rate:,58.33,L/m
17:19:48.199 -> Flow rate: 58.33 L/m,,,,19:48.2,->,Flow rate:,58.33,L/m
17:19:48.293 -> Flow rate: 58.33 L/m,,,,19:48.3,->,Flow rate:,58.33,L/m
17:19:48.387 -> Flow rate: 58.33 L/m,,,,19:48.4,->,Flow rate:,58.33,L/m
17:19:48.497 -> Flow rate: 58.33 L/m,,,,19:48.5,->,Flow rate:,58.33,L/m
17:19:48.593 -> Flow rate: 58.33 L/m,,,,19:48.6,->,Flow rate:,58.33,L/m
17:19:48.688 -> Flow rate: 58.33 L/m,,,,19:48.7,->,Flow rate:,58.33,L/m
17:19:48.783 -> Flow rate: 58.33 L/m,,,,19:48.8,->,Flow rate:,58.33,L/m
17:19:48.877 -> Flow rate: 58.33 L/m,,,,19:48.9,->,Flow rate:,58.33,L/m
17:19:48.970 -> Flow rate: 58.33 L/m,,,,19:49.0,->,Flow rate:,58.33,L/m
17:19:49.064 -> Flow rate: 66.67 L/m,,,,19:49.1,->,Flow rate:,66.67,L/m
17:19:49.158 -> Flow rate: 58.33 L/m,,,,19:49.2,->,Flow rate:,58.33,L/m
17:19:49.298 -> Flow rate: 58.33 L/m,,,,19:49.3,->,Flow rate:,58.33,L/m
17:19:49.393 -> Flow rate: 58.33 L/m,,,,19:49.4,->,Flow rate:,58.33,L/m
17:19:49.456 -> Flow rate: 58.33 L/m,,,,19:49.5,->,Flow rate:,58.33,L/m
17:19:49.598 -> Flow rate: 58.33 L/m,,,,19:49.6,->,Flow rate:,58.33,L/m
17:19:49.691 -> Flow rate: 58.33 L/m,,,,19:49.7,->,Flow rate:,58.33,L/m
17:19:49.785 -> Flow rate: 50.00 L/m,,,,19:49.8,->,Flow rate:,50,L/m
17:19:49.879 -> Flow rate: 58.33 L/m,,,,19:49.9,->,Flow rate:,58.33,L/m
17:19:49.972 -> Flow rate: 58.33 L/m,,,,19:50.0,->,Flow rate:,58.33,L/m
17:19:50.067 -> Flow rate: 58.33 L/m,,,,19:50.1,->,Flow rate:,58.33,L/m
17:19:50.162 -> Flow rate: 58.33 L/m,,,,19:50.2,->,Flow rate:,58.33,L/m
17:19:50.304 -> Flow rate: 58.33 L/m,,,,19:50.3,->,Flow rate:,58.33,L/m
17:19:50.398 -> Flow rate: 58.33 L/m,,,,19:50.4,->,Flow rate:,58.33,L/m
17:19:50.476 -> Flow rate: 58.33 L/m,,,,19:50.5,->,Flow rate:,58.33,L/m
17:19:50.571 -> Flow rate: 58.33 L/m,,,,19:50.6,->,Flow rate:,58.33,L/m
17:19:50.698 -> Flow rate: 58.33 L/m,,,,19:50.7,->,Flow rate:,58.33,L/m
17:19:50.792 -> Flow rate: 58.33 L/m,,,,19:50.8,->,Flow rate:,58.33,L/m
17:19:50.886 -> Flow rate: 58.33 L/m,,,,19:50.9,->,Flow rate:,58.33,L/m
17:19:50.982 -> Flow rate: 50.00 L/m,,,,19:51.0,->,Flow rate:,50,L/m
17:19:51.074 -> Flow rate: 58.33 L/m,,,,19:51.1,->,Flow rate:,58.33,L/m
17:19:51.168 -> Flow rate: 58.33 L/m,,,,19:51.2,->,Flow rate:,58.33,L/m
17:19:51.262 -> Flow rate: 50.00 L/m,,,,19:51.3,->,Flow rate:,50,L/m
17:19:51.403 -> Flow rate: 58.33 L/m,,,,19:51.4,->,Flow rate:,58.33,L/m
17:19:51.465 -> Flow rate: 50.00 L/m,,,,19:51.5,->,Flow rate:,50,L/m
17:19:51.576 -> Flow rate: 50.00 L/m,,,,19:51.6,->,Flow rate:,50,L/m
17:19:51.670 -> Flow rate: 58.33 L/m,,,,19:51.7,->,Flow rate:,58.33,L/m
17:19:51.781 -> Flow rate: 50.00 L/m,,,,19:51.8,->,Flow rate:,50,L/m
17:19:51.874 -> Flow rate: 50.00 L/m,,,,19:51.9,->,Flow rate:,50,L/m
17:19:51.968 -> Flow rate: 58.33 L/m,,,,19:52.0,->,Flow rate:,58.33,L/m
17:19:52.063 -> Flow rate: 58.33 L/m,,,,19:52.1,->,Flow rate:,58.33,L/m
17:19:52.156 -> Flow rate: 58.33 L/m,,,,19:52.2,->,Flow rate:,58.33,L/m
17:19:52.297 -> Flow rate: 58.33 L/m,,,,19:52.3,->,Flow rate:,58.33,L/m
17:19:52.391 -> Flow rate: 58.33 L/m,,,,19:52.4,->,Flow rate:,58.33,L/m
17:19:52.485 -> Flow rate: 58.33 L/m,,,,19:52.5,->,Flow rate:,58.33,L/m
17:19:52.578 -> Flow rate: 58.33 L/m,,,,19:52.6,->,Flow rate:,58.33,L/m
17:19:52.672 -> Flow rate: 58.33 L/m,,,,19:52.7,->,Flow rate:,58.33,L/m
17:19:52.766 -> Flow rate: 58.33 L/m,,,,19:52.8,->,Flow rate:,58.33,L/m
17:19:52.861 -> Flow rate: 58.33 L/m,,,,19:52.9,->,Flow rate:,58.33,L/m
17:19:52.954 -> Flow rate: 58.33 L/m,,,,19:53.0,->,Flow rate:,58.33,L/m
17:19:53.095 -> Flow rate: 58.33 L/m,,,,19:53.1,->,Flow rate:,58.33,L/m
17:19:53.189 -> Flow rate: 58.33 L/m,,,,19:53.2,->,Flow rate:,58.33,L/m
17:19:53.282 -> Flow rate: 58.33 L/m,,,,19:53.3,->,Flow rate:,58.33,L/m
17:19:53.376 -> Flow rate: 58.33 L/m,,,,19:53.4,->,Flow rate:,58.33,L/m
17:19:53.471 -> Flow rate: 58.33 L/m,,,,19:53.5,->,Flow rate:,58.33,L/m
17:19:53.564 -> Flow rate: 50.00 L/m,,,,19:53.6,->,Flow rate:,50,L/m
17:19:53.659 -> Flow rate: 58.33 L/m,,,,19:53.7,->,Flow rate:,58.33,L/m
17:19:53.801 -> Flow rate: 58.33 L/m,,,,19:53.8,->,Flow rate:,58.33,L/m
17:19:53.897 -> Flow rate: 50.00 L/m,,,,19:53.9,->,Flow rate:,50,L/m
17:19:53.992 -> Flow rate: 58.33 L/m,,,,19:54.0,->,Flow rate:,58.33,L/m
17:19:54.089 -> Flow rate: 58.33 L/m,,,,19:54.1,->,Flow rate:,58.33,L/m
17:19:54.183 -> Flow rate: 58.33 L/m,,,,19:54.2,->,Flow rate:,58.33,L/m
17:19:54.277 -> Flow rate: 58.33 L/m,,,,19:54.3,->,Flow rate:,58.33,L/m
17:19:54.371 -> Flow rate: 58.33 L/m,,,,19:54.4,->,Flow rate:,58.33,L/m
17:19:54.466 -> Flow rate: 58.33 L/m,,,,19:54.5,->,Flow rate:,58.33,L/m
17:19:54.562 -> Flow rate: 58.33 L/m,,,,19:54.6,->,Flow rate:,58.33,L/m
17:19:54.702 -> Flow rate: 58.33 L/m,,,,19:54.7,->,Flow rate:,58.33,L/m
17:19:54.797 -> Flow rate: 58.33 L/m,,,,19:54.8,->,Flow rate:,58.33,L/m
17:19:54.890 -> Flow rate: 58.33 L/m,,,,19:54.9,->,Flow rate:,58.33,L/m
17:19:54.984 -> Flow rate: 50.00 L/m,,,,19:55.0,->,Flow rate:,50,L/m
17:19:55.078 -> Flow rate: 58.33 L/m,,,,19:55.1,->,Flow rate:,58.33,L/m
17:19:55.174 -> Flow rate: 58.33 L/m,,,,19:55.2,->,Flow rate:,58.33,L/m
17:19:55.301 -> Flow rate: 58.33 L/m,,,,19:55.3,->,Flow rate:,58.33,L/m
17:19:55.396 -> Flow rate: 58.33 L/m,,,,19:55.4,->,Flow rate:,58.33,L/m
17:19:55.491 -> Flow rate: 50.00 L/m,,,,19:55.5,->,Flow rate:,50,L/m
17:19:55.585 -> Flow rate: 58.33 L/m,,,,19:55.6,->,Flow rate:,58.33,L/m
17:19:55.679 -> Flow rate: 58.33 L/m,,,,19:55.7,->,Flow rate:,58.33,L/m
17:19:55.775 -> Flow rate: 58.33 L/m,,,,19:55.8,->,Flow rate:,58.33,L/m
17:19:55.870 -> Flow rate: 58.33 L/m,,,,19:55.9,->,Flow rate:,58.33,L/m
17:19:55.964 -> Flow rate: 58.33 L/m,,,,19:56.0,->,Flow rate:,58.33,L/m
17:19:56.058 -> Flow rate: 50.00 L/m,,,,19:56.1,->,Flow rate:,50,L/m
17:19:56.152 -> Flow rate: 58.33 L/m,,,,19:56.2,->,Flow rate:,58.33,L/m
17:19:56.293 -> Flow rate: 50.00 L/m,,,,19:56.3,->,Flow rate:,50,L/m
17:19:56.387 -> Flow rate: 50.00 L/m,,,,19:56.4,->,Flow rate:,50,L/m
17:19:56.482 -> Flow rate: 58.33 L/m,,,,19:56.5,->,Flow rate:,58.33,L/m
17:19:56.577 -> Flow rate: 50.00 L/m,,,,19:56.6,->,Flow rate:,50,L/m
17:19:56.672 -> Flow rate: 58.33 L/m,,,,19:56.7,->,Flow rate:,58.33,L/m
17:19:56.799 -> Flow rate: 50.00 L/m,,,,19:56.8,->,Flow rate:,50,L/m
17:19:56.893 -> Flow rate: 50.00 L/m,,,,19:56.9,->,Flow rate:,50,L/m
17:19:56.987 -> Flow rate: 50.00 L/m,,,,19:57.0,->,Flow rate:,50,L/m
17:19:57.081 -> Flow rate: 58.33 L/m,,,,19:57.1,->,Flow rate:,58.33,L/m
17:19:57.182 -> Flow rate: 50.00 L/m,,,,19:57.2,->,Flow rate:,50,L/m
17:19:57.272 -> Flow rate: 50.00 L/m,,,,19:57.3,->,Flow rate:,50,L/m
17:19:57.366 -> Flow rate: 58.33 L/m,,,,19:57.4,->,Flow rate:,58.33,L/m
17:19:57.460 -> Flow rate: 50.00 L/m,,,,19:57.5,->,Flow rate:,50,L/m
17:19:57.557 -> Flow rate: 58.33 L/m,,,,19:57.6,->,Flow rate:,58.33,L/m
17:19:57.699 -> Flow rate: 50.00 L/m,,,,19:57.7,->,Flow rate:,50,L/m
17:19:57.794 -> Flow rate: 58.33 L/m,,,,19:57.8,->,Flow rate:,58.33,L/m
17:19:57.890 -> Flow rate: 50.00 L/m,,,,19:57.9,->,Flow rate:,50,L/m
17:19:57.986 -> Flow rate: 58.33 L/m,,,,19:58.0,->,Flow rate:,58.33,L/m
17:19:58.081 -> Flow rate: 50.00 L/m,,,,19:58.1,->,Flow rate:,50,L/m
17:19:58.174 -> Flow rate: 50.00 L/m,,,,19:58.2,->,Flow rate:,50,L/m
17:19:58.268 -> Flow rate: 58.33 L/m,,,,19:58.3,->,Flow rate:,58.33,L/m
17:19:58.362 -> Flow rate: 50.00 L/m,,,,19:58.4,->,Flow rate:,50,L/m
17:19:58.456 -> Flow rate: 50.00 L/m,,,,19:58.5,->,Flow rate:,50,L/m
17:19:58.598 -> Flow rate: 58.33 L/m,,,,19:58.6,->,Flow rate:,58.33,L/m
17:19:58.693 -> Flow rate: 50.00 L/m,,,,19:58.7,->,Flow rate:,50,L/m
17:19:58.787 -> Flow rate: 58.33 L/m,,,,19:58.8,->,Flow rate:,58.33,L/m
17:19:58.882 -> Flow rate: 58.33 L/m,,,,19:58.9,->,Flow rate:,58.33,L/m
17:19:58.976 -> Flow rate: 50.00 L/m,,,,19:59.0,->,Flow rate:,50,L/m
17:19:59.069 -> Flow rate: 58.33 L/m,,,,19:59.1,->,Flow rate:,58.33,L/m
17:19:59.163 -> Flow rate: 58.33 L/m,,,,19:59.2,->,Flow rate:,58.33,L/m
17:19:59.257 -> Flow rate: 58.33 L/m,,,,19:59.3,->,Flow rate:,58.33,L/m
17:19:59.351 -> Flow rate: 58.33 L/m,,,,19:59.4,->,Flow rate:,58.33,L/m
17:19:59.492 -> Flow rate: 66.67 L/m,,,,19:59.5,->,Flow rate:,66.67,L/m
17:19:59.588 -> Flow rate: 58.33 L/m,,,,19:59.6,->,Flow rate:,58.33,L/m
17:19:59.684 -> Flow rate: 58.33 L/m,,,,19:59.7,->,Flow rate:,58.33,L/m
17:19:59.779 -> Flow rate: 58.33 L/m,,,,19:59.8,->,Flow rate:,58.33,L/m
17:19:59.859 -> Flow rate: 58.33 L/m,,,,19:59.9,->,Flow rate:,58.33,L/m
17:20:00.000 -> Flow rate: 58.33 L/m,,,,20:00.0,->,Flow rate:,58.33,L/m
17:20:00.095 -> Flow rate: 58.33 L/m,,,,20:00.1,->,Flow rate:,58.33,L/m
17:20:00.190 -> Flow rate: 66.67 L/m,,,,20:00.2,->,Flow rate:,66.67,L/m
17:20:00.284 -> Flow rate: 58.33 L/m,,,,20:00.3,->,Flow rate:,58.33,L/m
17:20:00.378 -> Flow rate: 58.33 L/m,,,,20:00.4,->,Flow rate:,58.33,L/m
17:20:00.472 -> Flow rate: 58.33 L/m,,,,20:00.5,->,Flow rate:,58.33,L/m
17:20:00.583 -> Flow rate: 58.33 L/m,,,,20:00.6,->,Flow rate:,58.33,L/m
17:20:00.692 -> Flow rate: 58.33 L/m,,,,20:00.7,->,Flow rate:,58.33,L/m
17:20:00.787 -> Flow rate: 58.33 L/m,,,,20:00.8,->,Flow rate:,58.33,L/m
17:20:00.881 -> Flow rate: 58.33 L/m,,,,20:00.9,->,Flow rate:,58.33,L/m
17:20:00.975 -> Flow rate: 58.33 L/m,,,,20:01.0,->,Flow rate:,58.33,L/m
17:20:01.069 -> Flow rate: 58.33 L/m,,,,20:01.1,->,Flow rate:,58.33,L/m
17:20:01.162 -> Flow rate: 58.33 L/m,,,,20:01.2,->,Flow rate:,58.33,L/m
17:20:01.303 -> Flow rate: 58.33 L/m,,,,20:01.3,->,Flow rate:,58.33,L/m
17:20:01.397 -> Flow rate: 66.67 L/m,,,,20:01.4,->,Flow rate:,66.67,L/m
17:20:01.490 -> Flow rate: 58.33 L/m,,,,20:01.5,->,Flow rate:,58.33,L/m
17:20:01.586 -> Flow rate: 58.33 L/m,,,,20:01.6,->,Flow rate:,58.33,L/m
17:20:01.681 -> Flow rate: 58.33 L/m,,,,20:01.7,->,Flow rate:,58.33,L/m
17:20:01.776 -> Flow rate: 58.33 L/m,,,,20:01.8,->,Flow rate:,58.33,L/m
17:20:01.870 -> Flow rate: 58.33 L/m,,,,20:01.9,->,Flow rate:,58.33,L/m
17:20:01.963 -> Flow rate: 58.33 L/m,,,,20:02.0,->,Flow rate:,58.33,L/m
17:20:02.057 -> Flow rate: 58.33 L/m,,,,20:02.1,->,Flow rate:,58.33,L/m
17:20:02.198 -> Flow rate: 66.67 L/m,,,,20:02.2,->,Flow rate:,66.67,L/m
17:20:02.292 -> Flow rate: 58.33 L/m,,,,20:02.3,->,Flow rate:,58.33,L/m
17:20:02.385 -> Flow rate: 58.33 L/m,,,,20:02.4,->,Flow rate:,58.33,L/m
17:20:02.496 -> Flow rate: 58.33 L/m,,,,20:02.5,->,Flow rate:,58.33,L/m
17:20:02.590 -> Flow rate: 58.33 L/m,,,,20:02.6,->,Flow rate:,58.33,L/m
17:20:02.686 -> Flow rate: 58.33 L/m,,,,20:02.7,->,Flow rate:,58.33,L/m
17:20:02.780 -> Flow rate: 58.33 L/m,,,,20:02.8,->,Flow rate:,58.33,L/m
17:20:02.874 -> Flow rate: 58.33 L/m,,,,20:02.9,->,Flow rate:,58.33,L/m
17:20:02.969 -> Flow rate: 58.33 L/m,,,,20:03.0,->,Flow rate:,58.33,L/m
17:20:03.065 -> Flow rate: 58.33 L/m,,,,20:03.1,->,Flow rate:,58.33,L/m
17:20:03.159 -> Flow rate: 58.33 L/m,,,,20:03.2,->,Flow rate:,58.33,L/m
17:20:03.277 -> Flow rate: 58.33 L/m,,,,20:03.3,->,Flow rate:,58.33,L/m
17:20:03.364 -> Flow rate: 58.33 L/m,,,,20:03.4,->,Flow rate:,58.33,L/m
17:20:03.466 -> Flow rate: 58.33 L/m,,,,20:03.5,->,Flow rate:,58.33,L/m
17:20:03.601 -> Flow rate: 58.33 L/m,,,,20:03.6,->,Flow rate:,58.33,L/m
17:20:03.697 -> Flow rate: 58.33 L/m,,,,20:03.7,->,Flow rate:,58.33,L/m
17:20:03.793 -> Flow rate: 58.33 L/m,,,,20:03.8,->,Flow rate:,58.33,L/m
17:20:03.887 -> Flow rate: 66.67 L/m,,,,20:03.9,->,Flow rate:,66.67,L/m
17:20:03.982 -> Flow rate: 58.33 L/m,,,,20:04.0,->,Flow rate:,58.33,L/m
17:20:04.076 -> Flow rate: 58.33 L/m,,,,20:04.1,->,Flow rate:,58.33,L/m
17:20:04.187 -> Flow rate: 58.33 L/m,,,,20:04.2,->,Flow rate:,58.33,L/m
17:20:04.282 -> Flow rate: 58.33 L/m,,,,20:04.3,->,Flow rate:,58.33,L/m
17:20:04.377 -> Flow rate: 58.33 L/m,,,,20:04.4,->,Flow rate:,58.33,L/m
17:20:04.472 -> Flow rate: 58.33 L/m,,,,20:04.5,->,Flow rate:,58.33,L/m
17:20:04.566 -> Flow rate: 58.33 L/m,,,,20:04.6,->,Flow rate:,58.33,L/m
17:20:04.676 -> Flow rate: 58.33 L/m,,,,20:04.7,->,Flow rate:,58.33,L/m
17:20:04.773 -> Flow rate: 58.33 L/m,,,,20:04.8,->,Flow rate:,58.33,L/m
17:20:04.867 -> Flow rate: 66.67 L/m,,,,20:04.9,->,Flow rate:,66.67,L/m
17:20:04.978 -> Flow rate: 58.33 L/m,,,,20:05.0,->,Flow rate:,58.33,L/m
17:20:05.057 -> Flow rate: 58.33 L/m,,,,20:05.1,->,Flow rate:,58.33,L/m
17:20:05.200 -> Flow rate: 58.33 L/m,,,,20:05.2,->,Flow rate:,58.33,L/m
17:20:05.303 -> Flow rate: 58.33 L/m,,,,20:05.3,->,Flow rate:,58.33,L/m
17:20:05.394 -> Flow rate: 58.33 L/m,,,,20:05.4,->,Flow rate:,58.33,L/m
17:20:05.485 -> Flow rate: 58.33 L/m,,,,20:05.5,->,Flow rate:,58.33,L/m
17:20:05.579 -> Flow rate: 58.33 L/m,,,,20:05.6,->,Flow rate:,58.33,L/m
17:20:05.678 -> Flow rate: 58.33 L/m,,,,20:05.7,->,Flow rate:,58.33,L/m
17:20:05.769 -> Flow rate: 66.67 L/m,,,,20:05.8,->,Flow rate:,66.67,L/m
17:20:05.865 -> Flow rate: 58.33 L/m,,,,20:05.9,->,Flow rate:,58.33,L/m
17:20:05.960 -> Flow rate: 58.33 L/m,,,,20:06.0,->,Flow rate:,58.33,L/m
17:20:06.087 -> Flow rate: 50.00 L/m,,,,20:06.1,->,Flow rate:,50,L/m
17:20:06.182 -> Flow rate: 58.33 L/m,,,,20:06.2,->,Flow rate:,58.33,L/m
17:20:06.276 -> Flow rate: 58.33 L/m,,,,20:06.3,->,Flow rate:,58.33,L/m
17:20:06.371 -> Flow rate: 58.33 L/m,,,,20:06.4,->,Flow rate:,58.33,L/m
17:20:06.467 -> Flow rate: 58.33 L/m,,,,20:06.5,->,Flow rate:,58.33,L/m
17:20:06.562 -> Flow rate: 58.33 L/m,,,,20:06.6,->,Flow rate:,58.33,L/m
17:20:06.657 -> Flow rate: 58.33 L/m,,,,20:06.7,->,Flow rate:,58.33,L/m
17:20:06.799 -> Flow rate: 66.67 L/m,,,,20:06.8,->,Flow rate:,66.67,L/m
17:20:06.894 -> Flow rate: 58.33 L/m,,,,20:06.9,->,Flow rate:,58.33,L/m
17:20:06.973 -> Flow rate: 50.00 L/m,,,,20:07.0,->,Flow rate:,50,L/m
17:20:07.069 -> Flow rate: 50.00 L/m,,,,20:07.1,->,Flow rate:,50,L/m
17:20:07.164 -> Flow rate: 58.33 L/m,,,,20:07.2,->,Flow rate:,58.33,L/m
17:20:07.259 -> Flow rate: 50.00 L/m,,,,20:07.3,->,Flow rate:,50,L/m
17:20:07.400 -> Flow rate: 58.33 L/m,,,,20:07.4,->,Flow rate:,58.33,L/m
17:20:07.480 -> Flow rate: 58.33 L/m,,,,20:07.5,->,Flow rate:,58.33,L/m
17:20:07.576 -> Flow rate: 50.00 L/m,,,,20:07.6,->,Flow rate:,50,L/m
17:20:07.671 -> Flow rate: 58.33 L/m,,,,20:07.7,->,Flow rate:,58.33,L/m
17:20:07.765 -> Flow rate: 58.33 L/m,,,,20:07.8,->,Flow rate:,58.33,L/m
17:20:07.859 -> Flow rate: 66.67 L/m,,,,20:07.9,->,Flow rate:,66.67,L/m
17:20:08.000 -> Flow rate: 58.33 L/m,,,,20:08.0,->,Flow rate:,58.33,L/m
17:20:08.096 -> Flow rate: 58.33 L/m,,,,20:08.1,->,Flow rate:,58.33,L/m
17:20:08.175 -> Flow rate: 58.33 L/m,,,,20:08.2,->,Flow rate:,58.33,L/m
17:20:08.270 -> Flow rate: 58.33 L/m,,,,20:08.3,->,Flow rate:,58.33,L/m
17:20:08.365 -> Flow rate: 58.33 L/m,,,,20:08.4,->,Flow rate:,58.33,L/m
17:20:08.460 -> Flow rate: 58.33 L/m,,,,20:08.5,->,Flow rate:,58.33,L/m
17:20:08.570 -> Flow rate: 66.67 L/m,,,,20:08.6,->,Flow rate:,66.67,L/m
17:20:08.664 -> Flow rate: 58.33 L/m,,,,20:08.7,->,Flow rate:,58.33,L/m
17:20:08.759 -> Flow rate: 58.33 L/m,,,,20:08.8,->,Flow rate:,58.33,L/m
17:20:08.900 -> Flow rate: 58.33 L/m,,,,20:08.9,->,Flow rate:,58.33,L/m
17:20:08.996 -> Flow rate: 50.00 L/m,,,,20:09.0,->,Flow rate:,50,L/m
17:20:09.075 -> Flow rate: 58.33 L/m,,,,20:09.1,->,Flow rate:,58.33,L/m
17:20:09.170 -> Flow rate: 58.33 L/m,,,,20:09.2,->,Flow rate:,58.33,L/m
17:20:09.265 -> Flow rate: 58.33 L/m,,,,20:09.3,->,Flow rate:,58.33,L/m
17:20:09.359 -> Flow rate: 58.33 L/m,,,,20:09.4,->,Flow rate:,58.33,L/m
17:20:09.499 -> Flow rate: 58.33 L/m,,,,20:09.5,->,Flow rate:,58.33,L/m
17:20:09.546 -> Flow rate: 58.33 L/m,,,,20:09.5,->,Flow rate:,58.33,L/m
17:20:09.704 -> Flow rate: 58.33 L/m,,,,20:09.7,->,Flow rate:,58.33,L/m
17:20:09.798 -> Flow rate: 58.33 L/m,,,,20:09.8,->,Flow rate:,58.33,L/m
17:20:09.876 -> Flow rate: 58.33 L/m,,,,20:09.9,->,Flow rate:,58.33,L/m
17:20:09.970 -> Flow rate: 58.33 L/m,,,,20:10.0,->,Flow rate:,58.33,L/m
17:20:10.079 -> Flow rate: 58.33 L/m,,,,20:10.1,->,Flow rate:,58.33,L/m
17:20:10.157 -> Flow rate: 58.33 L/m,,,,20:10.2,->,Flow rate:,58.33,L/m
17:20:10.251 -> Flow rate: 58.33 L/m,,,,20:10.3,->,Flow rate:,58.33,L/m
17:20:10.392 -> Flow rate: 58.33 L/m,,,,20:10.4,->,Flow rate:,58.33,L/m
17:20:10.486 -> Flow rate: 58.33 L/m,,,,20:10.5,->,Flow rate:,58.33,L/m
17:20:10.579 -> Flow rate: 58.33 L/m,,,,20:10.6,->,Flow rate:,58.33,L/m
17:20:10.675 -> Flow rate: 58.33 L/m,,,,20:10.7,->,Flow rate:,58.33,L/m
17:20:10.769 -> Flow rate: 58.33 L/m,,,,20:10.8,->,Flow rate:,58.33,L/m
17:20:10.863 -> Flow rate: 58.33 L/m,,,,20:10.9,->,Flow rate:,58.33,L/m
17:20:10.957 -> Flow rate: 58.33 L/m,,,,20:11.0,->,Flow rate:,58.33,L/m
17:20:11.097 -> Flow rate: 58.33 L/m,,,,20:11.1,->,Flow rate:,58.33,L/m
17:20:11.191 -> Flow rate: 58.33 L/m,,,,20:11.2,->,Flow rate:,58.33,L/m
17:20:11.285 -> Flow rate: 58.33 L/m,,,,20:11.3,->,Flow rate:,58.33,L/m
17:20:11.379 -> Flow rate: 66.67 L/m,,,,20:11.4,->,Flow rate:,66.67,L/m
17:20:11.473 -> Flow rate: 58.33 L/m,,,,20:11.5,->,Flow rate:,58.33,L/m
17:20:11.568 -> Flow rate: 50.00 L/m,,,,20:11.6,->,Flow rate:,50,L/m
17:20:11.663 -> Flow rate: 66.67 L/m,,,,20:11.7,->,Flow rate:,66.67,L/m
17:20:11.758 -> Flow rate: 58.33 L/m,,,,20:11.8,->,Flow rate:,58.33,L/m
17:20:11.899 -> Flow rate: 58.33 L/m,,,,20:11.9,->,Flow rate:,58.33,L/m
17:20:11.993 -> Flow rate: 58.33 L/m,,,,20:12.0,->,Flow rate:,58.33,L/m
17:20:12.087 -> Flow rate: 58.33 L/m,,,,20:12.1,->,Flow rate:,58.33,L/m
17:20:12.181 -> Flow rate: 58.33 L/m,,,,20:12.2,->,Flow rate:,58.33,L/m
17:20:12.275 -> Flow rate: 58.33 L/m,,,,20:12.3,->,Flow rate:,58.33,L/m
17:20:12.370 -> Flow rate: 58.33 L/m,,,,20:12.4,->,Flow rate:,58.33,L/m
17:20:12.463 -> Flow rate: 58.33 L/m,,,,20:12.5,->,Flow rate:,58.33,L/m
17:20:12.557 -> Flow rate: 58.33 L/m,,,,20:12.6,->,Flow rate:,58.33,L/m
17:20:12.698 -> Flow rate: 58.33 L/m,,,,20:12.7,->,Flow rate:,58.33,L/m
17:20:12.792 -> Flow rate: 58.33 L/m,,,,20:12.8,->,Flow rate:,58.33,L/m
17:20:12.886 -> Flow rate: 58.33 L/m,,,,20:12.9,->,Flow rate:,58.33,L/m
17:20:12.979 -> Flow rate: 66.67 L/m,,,,20:13.0,->,Flow rate:,66.67,L/m
17:20:13.073 -> Flow rate: 58.33 L/m,,,,20:13.1,->,Flow rate:,58.33,L/m
17:20:13.167 -> Flow rate: 58.33 L/m,,,,20:13.2,->,Flow rate:,58.33,L/m
17:20:13.260 -> Flow rate: 58.33 L/m,,,,20:13.3,->,Flow rate:,58.33,L/m
17:20:13.354 -> Flow rate: 58.33 L/m,,,,20:13.4,->,Flow rate:,58.33,L/m
17:20:13.495 -> Flow rate: 58.33 L/m,,,,20:13.5,->,Flow rate:,58.33,L/m
17:20:13.589 -> Flow rate: 58.33 L/m,,,,20:13.6,->,Flow rate:,58.33,L/m
17:20:13.651 -> Flow rate: 58.33 L/m,,,,20:13.7,->,Flow rate:,58.33,L/m
17:20:13.793 -> Flow rate: 66.67 L/m,,,,20:13.8,->,Flow rate:,66.67,L/m
17:20:13.889 -> Flow rate: 58.33 L/m,,,,20:13.9,->,Flow rate:,58.33,L/m
17:20:13.984 -> Flow rate: 58.33 L/m,,,,20:14.0,->,Flow rate:,58.33,L/m
17:20:14.080 -> Flow rate: 58.33 L/m,,,,20:14.1,->,Flow rate:,58.33,L/m
17:20:14.175 -> Flow rate: 58.33 L/m,,,,20:14.2,->,Flow rate:,58.33,L/m
17:20:14.270 -> Flow rate: 58.33 L/m,,,,20:14.3,->,Flow rate:,58.33,L/m
17:20:14.364 -> Flow rate: 58.33 L/m,,,,20:14.4,->,Flow rate:,58.33,L/m
17:20:14.458 -> Flow rate: 58.33 L/m,,,,20:14.5,->,Flow rate:,58.33,L/m
17:20:14.552 -> Flow rate: 58.33 L/m,,,,20:14.6,->,Flow rate:,58.33,L/m
17:20:14.694 -> Flow rate: 66.67 L/m,,,,20:14.7,->,Flow rate:,66.67,L/m
17:20:14.789 -> Flow rate: 58.33 L/m,,,,20:14.8,->,Flow rate:,58.33,L/m
17:20:14.885 -> Flow rate: 50.00 L/m,,,,20:14.9,->,Flow rate:,50,L/m
17:20:14.980 -> Flow rate: 58.33 L/m,,,,20:15.0,->,Flow rate:,58.33,L/m
17:20:15.075 -> Flow rate: 58.33 L/m,,,,20:15.1,->,Flow rate:,58.33,L/m
17:20:15.170 -> Flow rate: 50.00 L/m,,,,20:15.2,->,Flow rate:,50,L/m
17:20:15.296 -> Flow rate: 50.00 L/m,,,,20:15.3,->,Flow rate:,50,L/m
17:20:15.391 -> Flow rate: 50.00 L/m,,,,20:15.4,->,Flow rate:,50,L/m
17:20:15.455 -> Flow rate: 58.33 L/m,,,,20:15.5,->,Flow rate:,58.33,L/m
17:20:15.599 -> Flow rate: 50.00 L/m,,,,20:15.6,->,Flow rate:,50,L/m
17:20:15.693 -> Flow rate: 58.33 L/m,,,,20:15.7,->,Flow rate:,58.33,L/m
17:20:15.788 -> Flow rate: 58.33 L/m,,,,20:15.8,->,Flow rate:,58.33,L/m
17:20:15.883 -> Flow rate: 58.33 L/m,,,,20:15.9,->,Flow rate:,58.33,L/m
17:20:15.978 -> Flow rate: 58.33 L/m,,,,20:16.0,->,Flow rate:,58.33,L/m
17:20:16.072 -> Flow rate: 58.33 L/m,,,,20:16.1,->,Flow rate:,58.33,L/m
17:20:16.167 -> Flow rate: 58.33 L/m,,,,20:16.2,->,Flow rate:,58.33,L/m
17:20:16.261 -> Flow rate: 58.33 L/m,,,,20:16.3,->,Flow rate:,58.33,L/m
17:20:16.419 -> Flow rate: 58.33 L/m,,,,20:16.4,->,Flow rate:,58.33,L/m
17:20:16.467 -> Flow rate: 66.67 L/m,,,,20:16.5,->,Flow rate:,66.67,L/m
17:20:16.561 -> Flow rate: 58.33 L/m,,,,20:16.6,->,Flow rate:,58.33,L/m
17:20:16.703 -> Flow rate: 58.33 L/m,,,,20:16.7,->,Flow rate:,58.33,L/m
17:20:16.797 -> Flow rate: 58.33 L/m,,,,20:16.8,->,Flow rate:,58.33,L/m
17:20:16.892 -> Flow rate: 58.33 L/m,,,,20:16.9,->,Flow rate:,58.33,L/m
17:20:16.987 -> Flow rate: 58.33 L/m,,,,20:17.0,->,Flow rate:,58.33,L/m
17:20:17.083 -> Flow rate: 66.67 L/m,,,,20:17.1,->,Flow rate:,66.67,L/m
17:20:17.178 -> Flow rate: 58.33 L/m,,,,20:17.2,->,Flow rate:,58.33,L/m
17:20:17.257 -> Flow rate: 58.33 L/m,,,,20:17.3,->,Flow rate:,58.33,L/m
17:20:17.399 -> Flow rate: 58.33 L/m,,,,20:17.4,->,Flow rate:,58.33,L/m
17:20:17.494 -> Flow rate: 58.33 L/m,,,,20:17.5,->,Flow rate:,58.33,L/m
17:20:17.574 -> Flow rate: 58.33 L/m,,,,20:17.6,->,Flow rate:,58.33,L/m
17:20:17.668 -> Flow rate: 58.33 L/m,,,,20:17.7,->,Flow rate:,58.33,L/m
17:20:17.763 -> Flow rate: 58.33 L/m,,,,20:17.8,->,Flow rate:,58.33,L/m
17:20:17.859 -> Flow rate: 66.67 L/m,,,,20:17.9,->,Flow rate:,66.67,L/m
17:20:17.999 -> Flow rate: 58.33 L/m,,,,20:18.0,->,Flow rate:,58.33,L/m
17:20:18.078 -> Flow rate: 58.33 L/m,,,,20:18.1,->,Flow rate:,58.33,L/m
17:20:18.173 -> Flow rate: 58.33 L/m,,,,20:18.2,->,Flow rate:,58.33,L/m
17:20:18.268 -> Flow rate: 58.33 L/m,,,,20:18.3,->,Flow rate:,58.33,L/m
17:20:18.363 -> Flow rate: 58.33 L/m,,,,20:18.4,->,Flow rate:,58.33,L/m
17:20:18.457 -> Flow rate: 66.67 L/m,,,,20:18.5,->,Flow rate:,66.67,L/m
17:20:18.552 -> Flow rate: 58.33 L/m,,,,20:18.6,->,Flow rate:,58.33,L/m
17:20:18.694 -> Flow rate: 58.33 L/m,,,,20:18.7,->,Flow rate:,58.33,L/m
17:20:18.789 -> Flow rate: 58.33 L/m,,,,20:18.8,->,Flow rate:,58.33,L/m
17:20:18.884 -> Flow rate: 58.33 L/m,,,,20:18.9,->,Flow rate:,58.33,L/m
17:20:18.979 -> Flow rate: 58.33 L/m,,,,20:19.0,->,Flow rate:,58.33,L/m
17:20:19.074 -> Flow rate: 58.33 L/m,,,,20:19.1,->,Flow rate:,58.33,L/m
17:20:19.170 -> Flow rate: 58.33 L/m,,,,20:19.2,->,Flow rate:,58.33,L/m
17:20:19.264 -> Flow rate: 66.67 L/m,,,,20:19.3,->,Flow rate:,66.67,L/m
17:20:19.360 -> Flow rate: 58.33 L/m,,,,20:19.4,->,Flow rate:,58.33,L/m
17:20:19.500 -> Flow rate: 58.33 L/m,,,,20:19.5,->,Flow rate:,58.33,L/m
17:20:19.594 -> Flow rate: 58.33 L/m,,,,20:19.6,->,Flow rate:,58.33,L/m
17:20:19.689 -> Flow rate: 58.33 L/m,,,,20:19.7,->,Flow rate:,58.33,L/m
17:20:19.784 -> Flow rate: 58.33 L/m,,,,20:19.8,->,Flow rate:,58.33,L/m
17:20:19.879 -> Flow rate: 66.67 L/m,,,,20:19.9,->,Flow rate:,66.67,L/m
17:20:19.972 -> Flow rate: 58.33 L/m,,,,20:20.0,->,Flow rate:,58.33,L/m
17:20:20.067 -> Flow rate: 58.33 L/m,,,,20:20.1,->,Flow rate:,58.33,L/m
17:20:20.161 -> Flow rate: 58.33 L/m,,,,20:20.2,->,Flow rate:,58.33,L/m
17:20:20.272 -> Flow rate: 66.67 L/m,,,,20:20.3,->,Flow rate:,66.67,L/m
17:20:20.366 -> Flow rate: 58.33 L/m,,,,20:20.4,->,Flow rate:,58.33,L/m
17:20:20.466 -> Flow rate: 58.33 L/m,,,,20:20.5,->,Flow rate:,58.33,L/m
17:20:20.604 -> Flow rate: 58.33 L/m,,,,20:20.6,->,Flow rate:,58.33,L/m
17:20:20.684 -> Flow rate: 58.33 L/m,,,,20:20.7,->,Flow rate:,58.33,L/m
17:20:20.779 -> Flow rate: 58.33 L/m,,,,20:20.8,->,Flow rate:,58.33,L/m
17:20:20.874 -> Flow rate: 58.33 L/m,,,,20:20.9,->,Flow rate:,58.33,L/m
17:20:20.968 -> Flow rate: 58.33 L/m,,,,20:21.0,->,Flow rate:,58.33,L/m
17:20:21.064 -> Flow rate: 66.67 L/m,,,,20:21.1,->,Flow rate:,66.67,L/m
17:20:21.163 -> Flow rate: 58.33 L/m,,,,20:21.2,->,Flow rate:,58.33,L/m
17:20:21.299 -> Flow rate: 58.33 L/m,,,,20:21.3,->,Flow rate:,58.33,L/m
17:20:21.394 -> Flow rate: 58.33 L/m,,,,20:21.4,->,Flow rate:,58.33,L/m
17:20:21.489 -> Flow rate: 58.33 L/m,,,,20:21.5,->,Flow rate:,58.33,L/m
17:20:21.586 -> Flow rate: 58.33 L/m,,,,20:21.6,->,Flow rate:,58.33,L/m
17:20:21.679 -> Flow rate: 58.33 L/m,,,,20:21.7,->,Flow rate:,58.33,L/m
17:20:21.773 -> Flow rate: 58.33 L/m,,,,20:21.8,->,Flow rate:,58.33,L/m
17:20:21.898 -> Flow rate: 58.33 L/m,,,,20:21.9,->,Flow rate:,58.33,L/m
17:20:21.992 -> Flow rate: 58.33 L/m,,,,20:22.0,->,Flow rate:,58.33,L/m
17:20:22.086 -> Flow rate: 58.33 L/m,,,,20:22.1,->,Flow rate:,58.33,L/m
17:20:22.181 -> Flow rate: 58.33 L/m,,,,20:22.2,->,Flow rate:,58.33,L/m
17:20:22.276 -> Flow rate: 58.33 L/m,,,,20:22.3,->,Flow rate:,58.33,L/m
17:20:22.370 -> Flow rate: 58.33 L/m,,,,20:22.4,->,Flow rate:,58.33,L/m
17:20:22.464 -> Flow rate: 58.33 L/m,,,,20:22.5,->,Flow rate:,58.33,L/m
17:20:22.604 -> Flow rate: 58.33 L/m,,,,20:22.6,->,Flow rate:,58.33,L/m
17:20:22.698 -> Flow rate: 58.33 L/m,,,,20:22.7,->,Flow rate:,58.33,L/m
17:20:22.808 -> Flow rate: 58.33 L/m,,,,20:22.8,->,Flow rate:,58.33,L/m
17:20:22.903 -> Flow rate: 58.33 L/m,,,,20:22.9,->,Flow rate:,58.33,L/m
17:20:22.998 -> Flow rate: 58.33 L/m,,,,20:23.0,->,Flow rate:,58.33,L/m
17:20:23.091 -> Flow rate: 58.33 L/m,,,,20:23.1,->,Flow rate:,58.33,L/m
17:20:23.185 -> Flow rate: 58.33 L/m,,,,20:23.2,->,Flow rate:,58.33,L/m
17:20:23.280 -> Flow rate: 58.33 L/m,,,,20:23.3,->,Flow rate:,58.33,L/m
17:20:23.375 -> Flow rate: 58.33 L/m,,,,20:23.4,->,Flow rate:,58.33,L/m
17:20:23.470 -> Flow rate: 66.67 L/m,,,,20:23.5,->,Flow rate:,66.67,L/m
17:20:23.564 -> Flow rate: 58.33 L/m,,,,20:23.6,->,Flow rate:,58.33,L/m
17:20:23.674 -> Flow rate: 58.33 L/m,,,,20:23.7,->,Flow rate:,58.33,L/m
17:20:23.772 -> Flow rate: 58.33 L/m,,,,20:23.8,->,Flow rate:,58.33,L/m
17:20:23.865 -> Flow rate: 58.33 L/m,,,,20:23.9,->,Flow rate:,58.33,L/m
17:20:23.960 -> Flow rate: 58.33 L/m,,,,20:24.0,->,Flow rate:,58.33,L/m
17:20:24.055 -> Flow rate: 66.67 L/m,,,,20:24.1,->,Flow rate:,66.67,L/m
17:20:24.196 -> Flow rate: 58.33 L/m,,,,20:24.2,->,Flow rate:,58.33,L/m
17:20:24.290 -> Flow rate: 58.33 L/m,,,,20:24.3,->,Flow rate:,58.33,L/m
17:20:24.385 -> Flow rate: 58.33 L/m,,,,20:24.4,->,Flow rate:,58.33,L/m
17:20:24.480 -> Flow rate: 58.33 L/m,,,,20:24.5,->,Flow rate:,58.33,L/m
17:20:24.560 -> Flow rate: 66.67 L/m,,,,20:24.6,->,Flow rate:,66.67,L/m
17:20:24.654 -> Flow rate: 58.33 L/m,,,,20:24.7,->,Flow rate:,58.33,L/m
17:20:24.795 -> Flow rate: 58.33 L/m,,,,20:24.8,->,Flow rate:,58.33,L/m
17:20:24.888 -> Flow rate: 58.33 L/m,,,,20:24.9,->,Flow rate:,58.33,L/m
17:20:24.983 -> Flow rate: 58.33 L/m,,,,20:25.0,->,Flow rate:,58.33,L/m
17:20:25.079 -> Flow rate: 58.33 L/m,,,,20:25.1,->,Flow rate:,58.33,L/m
17:20:25.174 -> Flow rate: 66.67 L/m,,,,20:25.2,->,Flow rate:,66.67,L/m
17:20:25.302 -> Flow rate: 58.33 L/m,,,,20:25.3,->,Flow rate:,58.33,L/m
17:20:25.396 -> Flow rate: 58.33 L/m,,,,20:25.4,->,Flow rate:,58.33,L/m
17:20:25.490 -> Flow rate: 58.33 L/m,,,,20:25.5,->,Flow rate:,58.33,L/m
17:20:25.583 -> Flow rate: 58.33 L/m,,,,20:25.6,->,Flow rate:,58.33,L/m
17:20:25.677 -> Flow rate: 58.33 L/m,,,,20:25.7,->,Flow rate:,58.33,L/m
17:20:25.772 -> Flow rate: 58.33 L/m,,,,20:25.8,->,Flow rate:,58.33,L/m
17:20:25.865 -> Flow rate: 66.67 L/m,,,,20:25.9,->,Flow rate:,66.67,L/m
17:20:25.959 -> Flow rate: 58.33 L/m,,,,20:26.0,->,Flow rate:,58.33,L/m
17:20:26.103 -> Flow rate: 58.33 L/m,,,,20:26.1,->,Flow rate:,58.33,L/m
17:20:26.198 -> Flow rate: 58.33 L/m,,,,20:26.2,->,Flow rate:,58.33,L/m
17:20:26.292 -> Flow rate: 58.33 L/m,,,,20:26.3,->,Flow rate:,58.33,L/m
17:20:26.385 -> Flow rate: 58.33 L/m,,,,20:26.4,->,Flow rate:,58.33,L/m
17:20:26.479 -> Flow rate: 58.33 L/m,,,,20:26.5,->,Flow rate:,58.33,L/m
17:20:26.557 -> Flow rate: 58.33 L/m,,,,20:26.6,->,Flow rate:,58.33,L/m
17:20:26.698 -> Flow rate: 58.33 L/m,,,,20:26.7,->,Flow rate:,58.33,L/m
17:20:26.792 -> Flow rate: 66.67 L/m,,,,20:26.8,->,Flow rate:,66.67,L/m
17:20:26.886 -> Flow rate: 58.33 L/m,,,,20:26.9,->,Flow rate:,58.33,L/m
17:20:26.981 -> Flow rate: 58.33 L/m,,,,20:27.0,->,Flow rate:,58.33,L/m
17:20:27.076 -> Flow rate: 58.33 L/m,,,,20:27.1,->,Flow rate:,58.33,L/m
17:20:27.169 -> Flow rate: 58.33 L/m,,,,20:27.2,->,Flow rate:,58.33,L/m
17:20:27.263 -> Flow rate: 58.33 L/m,,,,20:27.3,->,Flow rate:,58.33,L/m
17:20:27.357 -> Flow rate: 58.33 L/m,,,,20:27.4,->,Flow rate:,58.33,L/m
17:20:27.497 -> Flow rate: 58.33 L/m,,,,20:27.5,->,Flow rate:,58.33,L/m
17:20:27.591 -> Flow rate: 58.33 L/m,,,,20:27.6,->,Flow rate:,58.33,L/m
17:20:27.685 -> Flow rate: 58.33 L/m,,,,20:27.7,->,Flow rate:,58.33,L/m
17:20:27.796 -> Flow rate: 66.67 L/m,,,,20:27.8,->,Flow rate:,66.67,L/m
17:20:27.891 -> Flow rate: 58.33 L/m,,,,20:27.9,->,Flow rate:,58.33,L/m
17:20:27.987 -> Flow rate: 58.33 L/m,,,,20:28.0,->,Flow rate:,58.33,L/m
17:20:28.082 -> Flow rate: 58.33 L/m,,,,20:28.1,->,Flow rate:,58.33,L/m
17:20:28.177 -> Flow rate: 58.33 L/m,,,,20:28.2,->,Flow rate:,58.33,L/m
17:20:28.271 -> Flow rate: 58.33 L/m,,,,20:28.3,->,Flow rate:,58.33,L/m
17:20:28.365 -> Flow rate: 58.33 L/m,,,,20:28.4,->,Flow rate:,58.33,L/m
17:20:28.459 -> Flow rate: 58.33 L/m,,,,20:28.5,->,Flow rate:,58.33,L/m
17:20:28.602 -> Flow rate: 66.67 L/m,,,,20:28.6,->,Flow rate:,66.67,L/m
17:20:28.696 -> Flow rate: 58.33 L/m,,,,20:28.7,->,Flow rate:,58.33,L/m
17:20:28.791 -> Flow rate: 58.33 L/m,,,,20:28.8,->,Flow rate:,58.33,L/m
17:20:28.885 -> Flow rate: 58.33 L/m,,,,20:28.9,->,Flow rate:,58.33,L/m
17:20:28.979 -> Flow rate: 50.00 L/m,,,,20:29.0,->,Flow rate:,50,L/m
17:20:29.072 -> Flow rate: 58.33 L/m,,,,20:29.1,->,Flow rate:,58.33,L/m
17:20:29.166 -> Flow rate: 58.33 L/m,,,,20:29.2,->,Flow rate:,58.33,L/m
17:20:29.275 -> Flow rate: 58.33 L/m,,,,20:29.3,->,Flow rate:,58.33,L/m
17:20:29.369 -> Flow rate: 50.00 L/m,,,,20:29.4,->,Flow rate:,50,L/m
17:20:29.463 -> Flow rate: 58.33 L/m,,,,20:29.5,->,Flow rate:,58.33,L/m
17:20:29.557 -> Flow rate: 58.33 L/m,,,,20:29.6,->,Flow rate:,58.33,L/m
17:20:29.650 -> Flow rate: 66.67 L/m,,,,20:29.7,->,Flow rate:,66.67,L/m
17:20:29.791 -> Flow rate: 58.33 L/m,,,,20:29.8,->,Flow rate:,58.33,L/m
17:20:29.885 -> Flow rate: 58.33 L/m,,,,20:29.9,->,Flow rate:,58.33,L/m
17:20:29.979 -> Flow rate: 58.33 L/m,,,,20:30.0,->,Flow rate:,58.33,L/m
17:20:30.072 -> Flow rate: 58.33 L/m,,,,20:30.1,->,Flow rate:,58.33,L/m
17:20:30.166 -> Flow rate: 58.33 L/m,,,,20:30.2,->,Flow rate:,58.33,L/m
17:20:30.260 -> Flow rate: 58.33 L/m,,,,20:30.3,->,Flow rate:,58.33,L/m
17:20:30.404 -> Flow rate: 58.33 L/m,,,,20:30.4,->,Flow rate:,58.33,L/m
17:20:30.486 -> Flow rate: 58.33 L/m,,,,20:30.5,->,Flow rate:,58.33,L/m
17:20:30.579 -> Flow rate: 66.67 L/m,,,,20:30.6,->,Flow rate:,66.67,L/m
17:20:30.673 -> Flow rate: 58.33 L/m,,,,20:30.7,->,Flow rate:,58.33,L/m
17:20:30.767 -> Flow rate: 58.33 L/m,,,,20:30.8,->,Flow rate:,58.33,L/m
17:20:30.860 -> Flow rate: 58.33 L/m,,,,20:30.9,->,Flow rate:,58.33,L/m
17:20:31.004 -> Flow rate: 58.33 L/m,,,,20:31.0,->,Flow rate:,58.33,L/m
17:20:31.098 -> Flow rate: 58.33 L/m,,,,20:31.1,->,Flow rate:,58.33,L/m
17:20:31.193 -> Flow rate: 66.67 L/m,,,,20:31.2,->,Flow rate:,66.67,L/m
17:20:31.289 -> Flow rate: 58.33 L/m,,,,20:31.3,->,Flow rate:,58.33,L/m
17:20:31.384 -> Flow rate: 58.33 L/m,,,,20:31.4,->,Flow rate:,58.33,L/m
17:20:31.478 -> Flow rate: 58.33 L/m,,,,20:31.5,->,Flow rate:,58.33,L/m
17:20:31.581 -> Flow rate: 58.33 L/m,,,,20:31.6,->,Flow rate:,58.33,L/m
17:20:31.669 -> Flow rate: 58.33 L/m,,,,20:31.7,->,Flow rate:,58.33,L/m
17:20:31.763 -> Flow rate: 66.67 L/m,,,,20:31.8,->,Flow rate:,66.67,L/m
17:20:31.858 -> Flow rate: 58.33 L/m,,,,20:31.9,->,Flow rate:,58.33,L/m
17:20:32.001 -> Flow rate: 58.33 L/m,,,,20:32.0,->,Flow rate:,58.33,L/m
17:20:32.080 -> Flow rate: 58.33 L/m,,,,20:32.1,->,Flow rate:,58.33,L/m
17:20:32.161 -> Flow rate: 58.33 L/m,,,,20:32.2,->,Flow rate:,58.33,L/m
17:20:32.301 -> Flow rate: 66.67 L/m,,,,20:32.3,->,Flow rate:,66.67,L/m
17:20:32.396 -> Flow rate: 58.33 L/m,,,,20:32.4,->,Flow rate:,58.33,L/m
17:20:32.492 -> Flow rate: 58.33 L/m,,,,20:32.5,->,Flow rate:,58.33,L/m
17:20:32.588 -> Flow rate: 58.33 L/m,,,,20:32.6,->,Flow rate:,58.33,L/m
17:20:32.682 -> Flow rate: 58.33 L/m,,,,20:32.7,->,Flow rate:,58.33,L/m
17:20:32.762 -> Flow rate: 58.33 L/m,,,,20:32.8,->,Flow rate:,58.33,L/m
17:20:32.904 -> Flow rate: 58.33 L/m,,,,20:32.9,->,Flow rate:,58.33,L/m
17:20:33.000 -> Flow rate: 58.33 L/m,,,,20:33.0,->,Flow rate:,58.33,L/m
17:20:33.094 -> Flow rate: 58.33 L/m,,,,20:33.1,->,Flow rate:,58.33,L/m
17:20:33.173 -> Flow rate: 58.33 L/m,,,,20:33.2,->,Flow rate:,58.33,L/m
17:20:33.269 -> Flow rate: 58.33 L/m,,,,20:33.3,->,Flow rate:,58.33,L/m
17:20:33.364 -> Flow rate: 58.33 L/m,,,,20:33.4,->,Flow rate:,58.33,L/m
17:20:33.459 -> Flow rate: 58.33 L/m,,,,20:33.5,->,Flow rate:,58.33,L/m
17:20:33.601 -> Flow rate: 58.33 L/m,,,,20:33.6,->,Flow rate:,58.33,L/m
17:20:33.697 -> Flow rate: 58.33 L/m,,,,20:33.7,->,Flow rate:,58.33,L/m
17:20:33.793 -> Flow rate: 58.33 L/m,,,,20:33.8,->,Flow rate:,58.33,L/m
17:20:33.887 -> Flow rate: 58.33 L/m,,,,20:33.9,->,Flow rate:,58.33,L/m
17:20:33.983 -> Flow rate: 66.67 L/m,,,,20:34.0,->,Flow rate:,66.67,L/m
17:20:34.077 -> Flow rate: 58.33 L/m,,,,20:34.1,->,Flow rate:,58.33,L/m
17:20:34.173 -> Flow rate: 58.33 L/m,,,,20:34.2,->,Flow rate:,58.33,L/m
17:20:34.301 -> Flow rate: 58.33 L/m,,,,20:34.3,->,Flow rate:,58.33,L/m
17:20:34.396 -> Flow rate: 58.33 L/m,,,,20:34.4,->,Flow rate:,58.33,L/m
17:20:34.492 -> Flow rate: 58.33 L/m,,,,20:34.5,->,Flow rate:,58.33,L/m
17:20:34.589 -> Flow rate: 58.33 L/m,,,,20:34.6,->,Flow rate:,58.33,L/m
17:20:34.682 -> Flow rate: 58.33 L/m,,,,20:34.7,->,Flow rate:,58.33,L/m
17:20:34.777 -> Flow rate: 66.67 L/m,,,,20:34.8,->,Flow rate:,66.67,L/m
17:20:34.871 -> Flow rate: 58.33 L/m,,,,20:34.9,->,Flow rate:,58.33,L/m
17:20:34.964 -> Flow rate: 58.33 L/m,,,,20:35.0,->,Flow rate:,58.33,L/m
17:20:35.060 -> Flow rate: 58.33 L/m,,,,20:35.1,->,Flow rate:,58.33,L/m
17:20:35.204 -> Flow rate: 58.33 L/m,,,,20:35.2,->,Flow rate:,58.33,L/m
17:20:35.297 -> Flow rate: 58.33 L/m,,,,20:35.3,->,Flow rate:,58.33,L/m
17:20:35.391 -> Flow rate: 58.33 L/m,,,,20:35.4,->,Flow rate:,58.33,L/m
17:20:35.485 -> Flow rate: 58.33 L/m,,,,20:35.5,->,Flow rate:,58.33,L/m
17:20:35.579 -> Flow rate: 58.33 L/m,,,,20:35.6,->,Flow rate:,58.33,L/m
17:20:35.677 -> Flow rate: 58.33 L/m,,,,20:35.7,->,Flow rate:,58.33,L/m
17:20:35.798 -> Flow rate: 58.33 L/m,,,,20:35.8,->,Flow rate:,58.33,L/m
17:20:35.893 -> Flow rate: 66.67 L/m,,,,20:35.9,->,Flow rate:,66.67,L/m
17:20:35.987 -> Flow rate: 58.33 L/m,,,,20:36.0,->,Flow rate:,58.33,L/m
17:20:36.083 -> Flow rate: 58.33 L/m,,,,20:36.1,->,Flow rate:,58.33,L/m
17:20:36.178 -> Flow rate: 58.33 L/m,,,,20:36.2,->,Flow rate:,58.33,L/m
17:20:36.272 -> Flow rate: 58.33 L/m,,,,20:36.3,->,Flow rate:,58.33,L/m
17:20:36.366 -> Flow rate: 66.67 L/m,,,,20:36.4,->,Flow rate:,66.67,L/m
17:20:36.459 -> Flow rate: 58.33 L/m,,,,20:36.5,->,Flow rate:,58.33,L/m
17:20:36.600 -> Flow rate: 58.33 L/m,,,,20:36.6,->,Flow rate:,58.33,L/m
17:20:36.694 -> Flow rate: 58.33 L/m,,,,20:36.7,->,Flow rate:,58.33,L/m
17:20:36.788 -> Flow rate: 58.33 L/m,,,,20:36.8,->,Flow rate:,58.33,L/m
17:20:36.897 -> Flow rate: 58.33 L/m,,,,20:36.9,->,Flow rate:,58.33,L/m
17:20:36.991 -> Flow rate: 58.33 L/m,,,,20:37.0,->,Flow rate:,58.33,L/m
17:20:37.086 -> Flow rate: 58.33 L/m,,,,20:37.1,->,Flow rate:,58.33,L/m
17:20:37.181 -> Flow rate: 58.33 L/m,,,,20:37.2,->,Flow rate:,58.33,L/m
17:20:37.275 -> Flow rate: 58.33 L/m,,,,20:37.3,->,Flow rate:,58.33,L/m
17:20:37.369 -> Flow rate: 58.33 L/m,,,,20:37.4,->,Flow rate:,58.33,L/m
17:20:37.463 -> Flow rate: 58.33 L/m,,,,20:37.5,->,Flow rate:,58.33,L/m
17:20:37.603 -> Flow rate: 58.33 L/m,,,,20:37.6,->,Flow rate:,58.33,L/m
17:20:37.697 -> Flow rate: 58.33 L/m,,,,20:37.7,->,Flow rate:,58.33,L/m
17:20:37.791 -> Flow rate: 58.33 L/m,,,,20:37.8,->,Flow rate:,58.33,L/m
17:20:37.884 -> Flow rate: 58.33 L/m,,,,20:37.9,->,Flow rate:,58.33,L/m
17:20:37.978 -> Flow rate: 58.33 L/m,,,,20:38.0,->,Flow rate:,58.33,L/m
17:20:38.072 -> Flow rate: 58.33 L/m,,,,20:38.1,->,Flow rate:,58.33,L/m
17:20:38.166 -> Flow rate: 58.33 L/m,,,,20:38.2,->,Flow rate:,58.33,L/m
17:20:38.260 -> Flow rate: 66.67 L/m,,,,20:38.3,->,Flow rate:,66.67,L/m
17:20:38.400 -> Flow rate: 58.33 L/m,,,,20:38.4,->,Flow rate:,58.33,L/m
17:20:38.482 -> Flow rate: 58.33 L/m,,,,20:38.5,->,Flow rate:,58.33,L/m
17:20:38.574 -> Flow rate: 58.33 L/m,,,,20:38.6,->,Flow rate:,58.33,L/m
17:20:38.669 -> Flow rate: 58.33 L/m,,,,20:38.7,->,Flow rate:,58.33,L/m
17:20:38.762 -> Flow rate: 58.33 L/m,,,,20:38.8,->,Flow rate:,58.33,L/m
17:20:38.905 -> Flow rate: 58.33 L/m,,,,20:38.9,->,Flow rate:,58.33,L/m
17:20:39.015 -> Flow rate: 66.67 L/m,,,,20:39.0,->,Flow rate:,66.67,L/m
17:20:39.062 -> Flow rate: 58.33 L/m,,,,20:39.1,->,Flow rate:,58.33,L/m
17:20:39.157 -> Flow rate: 58.33 L/m,,,,20:39.2,->,Flow rate:,58.33,L/m
17:20:39.251 -> Flow rate: 58.33 L/m,,,,20:39.3,->,Flow rate:,58.33,L/m
17:20:39.391 -> Flow rate: 58.33 L/m,,,,20:39.4,->,Flow rate:,58.33,L/m
17:20:39.485 -> Flow rate: 58.33 L/m,,,,20:39.5,->,Flow rate:,58.33,L/m
17:20:39.579 -> Flow rate: 66.67 L/m,,,,20:39.6,->,Flow rate:,66.67,L/m
17:20:39.673 -> Flow rate: 50.00 L/m,,,,20:39.7,->,Flow rate:,50,L/m
17:20:39.766 -> Flow rate: 58.33 L/m,,,,20:39.8,->,Flow rate:,58.33,L/m
17:20:39.861 -> Flow rate: 58.33 L/m,,,,20:39.9,->,Flow rate:,58.33,L/m
17:20:40.001 -> Flow rate: 58.33 L/m,,,,20:40.0,->,Flow rate:,58.33,L/m
17:20:40.048 -> Flow rate: 58.33 L/m,,,,20:40.0,->,Flow rate:,58.33,L/m
17:20:40.175 -> Flow rate: 58.33 L/m,,,,20:40.2,->,Flow rate:,58.33,L/m
17:20:40.269 -> Flow rate: 58.33 L/m,,,,20:40.3,->,Flow rate:,58.33,L/m
17:20:40.362 -> Flow rate: 58.33 L/m,,,,20:40.4,->,Flow rate:,58.33,L/m
17:20:40.456 -> Flow rate: 58.33 L/m,,,,20:40.5,->,Flow rate:,58.33,L/m
17:20:40.597 -> Flow rate: 58.33 L/m,,,,20:40.6,->,Flow rate:,58.33,L/m
17:20:40.691 -> Flow rate: 58.33 L/m,,,,20:40.7,->,Flow rate:,58.33,L/m
17:20:40.785 -> Flow rate: 58.33 L/m,,,,20:40.8,->,Flow rate:,58.33,L/m
17:20:40.879 -> Flow rate: 58.33 L/m,,,,20:40.9,->,Flow rate:,58.33,L/m
17:20:40.974 -> Flow rate: 58.33 L/m,,,,20:41.0,->,Flow rate:,58.33,L/m
17:20:41.069 -> Flow rate: 66.67 L/m,,,,20:41.1,->,Flow rate:,66.67,L/m
17:20:41.165 -> Flow rate: 58.33 L/m,,,,20:41.2,->,Flow rate:,58.33,L/m
17:20:41.259 -> Flow rate: 58.33 L/m,,,,20:41.3,->,Flow rate:,58.33,L/m
17:20:41.353 -> Flow rate: 58.33 L/m,,,,20:41.4,->,Flow rate:,58.33,L/m
17:20:41.493 -> Flow rate: 58.33 L/m,,,,20:41.5,->,Flow rate:,58.33,L/m
17:20:41.587 -> Flow rate: 66.67 L/m,,,,20:41.6,->,Flow rate:,66.67,L/m
17:20:41.681 -> Flow rate: 58.33 L/m,,,,20:41.7,->,Flow rate:,58.33,L/m
17:20:41.775 -> Flow rate: 58.33 L/m,,,,20:41.8,->,Flow rate:,58.33,L/m
17:20:41.868 -> Flow rate: 58.33 L/m,,,,20:41.9,->,Flow rate:,58.33,L/m
17:20:41.978 -> Flow rate: 58.33 L/m,,,,20:42.0,->,Flow rate:,58.33,L/m
17:20:42.074 -> Flow rate: 58.33 L/m,,,,20:42.1,->,Flow rate:,58.33,L/m
17:20:42.168 -> Flow rate: 66.67 L/m,,,,20:42.2,->,Flow rate:,66.67,L/m
17:20:42.263 -> Flow rate: 58.33 L/m,,,,20:42.3,->,Flow rate:,58.33,L/m
17:20:42.404 -> Flow rate: 58.33 L/m,,,,20:42.4,->,Flow rate:,58.33,L/m
17:20:42.499 -> Flow rate: 58.33 L/m,,,,20:42.5,->,Flow rate:,58.33,L/m
17:20:42.593 -> Flow rate: 58.33 L/m,,,,20:42.6,->,Flow rate:,58.33,L/m
17:20:42.688 -> Flow rate: 58.33 L/m,,,,20:42.7,->,Flow rate:,58.33,L/m
17:20:42.782 -> Flow rate: 58.33 L/m,,,,20:42.8,->,Flow rate:,58.33,L/m
17:20:42.877 -> Flow rate: 58.33 L/m,,,,20:42.9,->,Flow rate:,58.33,L/m
17:20:42.971 -> Flow rate: 58.33 L/m,,,,20:43.0,->,Flow rate:,58.33,L/m
17:20:43.065 -> Flow rate: 58.33 L/m,,,,20:43.1,->,Flow rate:,58.33,L/m
17:20:43.160 -> Flow rate: 58.33 L/m,,,,20:43.2,->,Flow rate:,58.33,L/m
17:20:43.302 -> Flow rate: 58.33 L/m,,,,20:43.3,->,Flow rate:,58.33,L/m
17:20:43.396 -> Flow rate: 58.33 L/m,,,,20:43.4,->,Flow rate:,58.33,L/m
17:20:43.498 -> Flow rate: 58.33 L/m,,,,20:43.5,->,Flow rate:,58.33,L/m
17:20:43.556 -> Flow rate: 58.33 L/m,,,,20:43.6,->,Flow rate:,58.33,L/m
17:20:43.698 -> Flow rate: 58.33 L/m,,,,20:43.7,->,Flow rate:,58.33,L/m
17:20:43.794 -> Flow rate: 66.67 L/m,,,,20:43.8,->,Flow rate:,66.67,L/m
17:20:43.889 -> Flow rate: 58.33 L/m,,,,20:43.9,->,Flow rate:,58.33,L/m
17:20:44.000 -> Flow rate: 58.33 L/m,,,,20:44.0,->,Flow rate:,58.33,L/m
17:20:44.065 -> Flow rate: 58.33 L/m,,,,20:44.1,->,Flow rate:,58.33,L/m
17:20:44.168 -> Flow rate: 58.33 L/m,,,,20:44.2,->,Flow rate:,58.33,L/m
17:20:44.256 -> Flow rate: 66.67 L/m,,,,20:44.3,->,Flow rate:,66.67,L/m
17:20:44.384 -> Flow rate: 58.33 L/m,,,,20:44.4,->,Flow rate:,58.33,L/m
17:20:44.481 -> Flow rate: 58.33 L/m,,,,20:44.5,->,Flow rate:,58.33,L/m
17:20:44.575 -> Flow rate: 58.33 L/m,,,,20:44.6,->,Flow rate:,58.33,L/m
17:20:44.672 -> Flow rate: 58.33 L/m,,,,20:44.7,->,Flow rate:,58.33,L/m
17:20:44.766 -> Flow rate: 58.33 L/m,,,,20:44.8,->,Flow rate:,58.33,L/m
17:20:44.862 -> Flow rate: 58.33 L/m,,,,20:44.9,->,Flow rate:,58.33,L/m
17:20:44.956 -> Flow rate: 66.67 L/m,,,,20:45.0,->,Flow rate:,66.67,L/m
17:20:45.067 -> Flow rate: 58.33 L/m,,,,20:45.1,->,Flow rate:,58.33,L/m
17:20:45.161 -> Flow rate: 58.33 L/m,,,,20:45.2,->,Flow rate:,58.33,L/m
17:20:45.304 -> Flow rate: 58.33 L/m,,,,20:45.3,->,Flow rate:,58.33,L/m
17:20:45.400 -> Flow rate: 58.33 L/m,,,,20:45.4,->,Flow rate:,58.33,L/m
17:20:45.496 -> Flow rate: 58.33 L/m,,,,20:45.5,->,Flow rate:,58.33,L/m
17:20:45.590 -> Flow rate: 58.33 L/m,,,,20:45.6,->,Flow rate:,58.33,L/m
17:20:45.685 -> Flow rate: 58.33 L/m,,,,20:45.7,->,Flow rate:,58.33,L/m
17:20:45.780 -> Flow rate: 58.33 L/m,,,,20:45.8,->,Flow rate:,58.33,L/m
17:20:45.874 -> Flow rate: 66.67 L/m,,,,20:45.9,->,Flow rate:,66.67,L/m
17:20:45.968 -> Flow rate: 58.33 L/m,,,,20:46.0,->,Flow rate:,58.33,L/m
17:20:46.068 -> Flow rate: 58.33 L/m,,,,20:46.1,->,Flow rate:,58.33,L/m
17:20:46.159 -> Flow rate: 58.33 L/m,,,,20:46.2,->,Flow rate:,58.33,L/m
17:20:46.301 -> Flow rate: 58.33 L/m,,,,20:46.3,->,Flow rate:,58.33,L/m
17:20:46.395 -> Flow rate: 58.33 L/m,,,,20:46.4,->,Flow rate:,58.33,L/m
17:20:46.476 -> Flow rate: 58.33 L/m,,,,20:46.5,->,Flow rate:,58.33,L/m
17:20:46.570 -> Flow rate: 58.33 L/m,,,,20:46.6,->,Flow rate:,58.33,L/m
17:20:46.664 -> Flow rate: 66.67 L/m,,,,20:46.7,->,Flow rate:,66.67,L/m
17:20:46.792 -> Flow rate: 58.33 L/m,,,,20:46.8,->,Flow rate:,58.33,L/m
17:20:46.903 -> Flow rate: 58.33 L/m,,,,20:46.9,->,Flow rate:,58.33,L/m
17:20:46.997 -> Flow rate: 58.33 L/m,,,,20:47.0,->,Flow rate:,58.33,L/m
17:20:47.093 -> Flow rate: 58.33 L/m,,,,20:47.1,->,Flow rate:,58.33,L/m
17:20:47.203 -> Flow rate: 58.33 L/m,,,,20:47.2,->,Flow rate:,58.33,L/m
17:20:47.298 -> Flow rate: 58.33 L/m,,,,20:47.3,->,Flow rate:,58.33,L/m
17:20:47.393 -> Flow rate: 58.33 L/m,,,,20:47.4,->,Flow rate:,58.33,L/m
17:20:47.473 -> Flow rate: 66.67 L/m,,,,20:47.5,->,Flow rate:,66.67,L/m
17:20:47.568 -> Flow rate: 58.33 L/m,,,,20:47.6,->,Flow rate:,58.33,L/m
17:20:47.663 -> Flow rate: 58.33 L/m,,,,20:47.7,->,Flow rate:,58.33,L/m
17:20:47.804 -> Flow rate: 58.33 L/m,,,,20:47.8,->,Flow rate:,58.33,L/m
17:20:47.868 -> Flow rate: 58.33 L/m,,,,20:47.9,->,Flow rate:,58.33,L/m
17:20:47.996 -> Flow rate: 58.33 L/m,,,,20:48.0,->,Flow rate:,58.33,L/m
17:20:48.073 -> Flow rate: 58.33 L/m,,,,20:48.1,->,Flow rate:,58.33,L/m
17:20:48.170 -> Flow rate: 58.33 L/m,,,,20:48.2,->,Flow rate:,58.33,L/m
17:20:48.269 -> Flow rate: 58.33 L/m,,,,20:48.3,->,Flow rate:,58.33,L/m
17:20:48.407 -> Flow rate: 58.33 L/m,,,,20:48.4,->,Flow rate:,58.33,L/m
17:20:48.502 -> Flow rate: 66.67 L/m,,,,20:48.5,->,Flow rate:,66.67,L/m
17:20:48.597 -> Flow rate: 58.33 L/m,,,,20:48.6,->,Flow rate:,58.33,L/m
17:20:48.691 -> Flow rate: 58.33 L/m,,,,20:48.7,->,Flow rate:,58.33,L/m
17:20:48.788 -> Flow rate: 58.33 L/m,,,,20:48.8,->,Flow rate:,58.33,L/m
17:20:48.882 -> Flow rate: 58.33 L/m,,,,20:48.9,->,Flow rate:,58.33,L/m
17:20:48.993 -> Flow rate: 58.33 L/m,,,,20:49.0,->,Flow rate:,58.33,L/m
17:20:49.087 -> Flow rate: 66.67 L/m,,,,20:49.1,->,Flow rate:,66.67,L/m
17:20:49.188 -> Flow rate: 58.33 L/m,,,,20:49.2,->,Flow rate:,58.33,L/m
17:20:49.277 -> Flow rate: 58.33 L/m,,,,20:49.3,->,Flow rate:,58.33,L/m
17:20:49.374 -> Flow rate: 58.33 L/m,,,,20:49.4,->,Flow rate:,58.33,L/m
17:20:49.467 -> Flow rate: 58.33 L/m,,,,20:49.5,->,Flow rate:,58.33,L/m
17:20:49.563 -> Flow rate: 58.33 L/m,,,,20:49.6,->,Flow rate:,58.33,L/m
17:20:49.704 -> Flow rate: 58.33 L/m,,,,20:49.7,->,Flow rate:,58.33,L/m
17:20:49.799 -> Flow rate: 58.33 L/m,,,,20:49.8,->,Flow rate:,58.33,L/m
17:20:49.894 -> Flow rate: 58.33 L/m,,,,20:49.9,->,Flow rate:,58.33,L/m
17:20:49.974 -> Flow rate: 58.33 L/m,,,,20:50.0,->,Flow rate:,58.33,L/m
17:20:50.072 -> Flow rate: 58.33 L/m,,,,20:50.1,->,Flow rate:,58.33,L/m
17:20:50.166 -> Flow rate: 58.33 L/m,,,,20:50.2,->,Flow rate:,58.33,L/m
17:20:50.272 -> Flow rate: 58.33 L/m,,,,20:50.3,->,Flow rate:,58.33,L/m
17:20:50.404 -> Flow rate: 58.33 L/m,,,,20:50.4,->,Flow rate:,58.33,L/m
17:20:50.501 -> Flow rate: 66.67 L/m,,,,20:50.5,->,Flow rate:,66.67,L/m
17:20:50.595 -> Flow rate: 58.33 L/m,,,,20:50.6,->,Flow rate:,58.33,L/m
17:20:50.690 -> Flow rate: 58.33 L/m,,,,20:50.7,->,Flow rate:,58.33,L/m
17:20:50.785 -> Flow rate: 58.33 L/m,,,,20:50.8,->,Flow rate:,58.33,L/m
17:20:50.879 -> Flow rate: 58.33 L/m,,,,20:50.9,->,Flow rate:,58.33,L/m
17:20:50.976 -> Flow rate: 58.33 L/m,,,,20:51.0,->,Flow rate:,58.33,L/m
17:20:51.085 -> Flow rate: 58.33 L/m,,,,20:51.1,->,Flow rate:,58.33,L/m
17:20:51.179 -> Flow rate: 58.33 L/m,,,,20:51.2,->,Flow rate:,58.33,L/m
17:20:51.274 -> Flow rate: 58.33 L/m,,,,20:51.3,->,Flow rate:,58.33,L/m
17:20:51.415 -> Flow rate: 58.33 L/m,,,,20:51.4,->,Flow rate:,58.33,L/m
17:20:51.495 -> Flow rate: 58.33 L/m,,,,20:51.5,->,Flow rate:,58.33,L/m
17:20:51.589 -> Flow rate: 58.33 L/m,,,,20:51.6,->,Flow rate:,58.33,L/m
17:20:51.685 -> Flow rate: 58.33 L/m,,,,20:51.7,->,Flow rate:,58.33,L/m
17:20:51.780 -> Flow rate: 58.33 L/m,,,,20:51.8,->,Flow rate:,58.33,L/m
17:20:51.874 -> Flow rate: 58.33 L/m,,,,20:51.9,->,Flow rate:,58.33,L/m
17:20:51.969 -> Flow rate: 58.33 L/m,,,,20:52.0,->,Flow rate:,58.33,L/m
17:20:52.067 -> Flow rate: 50.00 L/m,,,,20:52.1,->,Flow rate:,50,L/m
17:20:52.176 -> Flow rate: 58.33 L/m,,,,20:52.2,->,Flow rate:,58.33,L/m
17:20:52.270 -> Flow rate: 58.33 L/m,,,,20:52.3,->,Flow rate:,58.33,L/m
17:20:52.381 -> Flow rate: 58.33 L/m,,,,20:52.4,->,Flow rate:,58.33,L/m
17:20:52.483 -> Flow rate: 66.67 L/m,,,,20:52.5,->,Flow rate:,66.67,L/m
17:20:52.559 -> Flow rate: 58.33 L/m,,,,20:52.6,->,Flow rate:,58.33,L/m
17:20:52.666 -> Flow rate: 58.33 L/m,,,,20:52.7,->,Flow rate:,58.33,L/m
17:20:52.761 -> Flow rate: 58.33 L/m,,,,20:52.8,->,Flow rate:,58.33,L/m
17:20:52.904 -> Flow rate: 58.33 L/m,,,,20:52.9,->,Flow rate:,58.33,L/m
17:20:52.999 -> Flow rate: 58.33 L/m,,,,20:53.0,->,Flow rate:,58.33,L/m
17:20:53.093 -> Flow rate: 58.33 L/m,,,,20:53.1,->,Flow rate:,58.33,L/m
17:20:53.176 -> Flow rate: 58.33 L/m,,,,20:53.2,->,Flow rate:,58.33,L/m
17:20:53.268 -> Flow rate: 58.33 L/m,,,,20:53.3,->,Flow rate:,58.33,L/m
17:20:53.371 -> Flow rate: 58.33 L/m,,,,20:53.4,->,Flow rate:,58.33,L/m
17:20:53.459 -> Flow rate: 58.33 L/m,,,,20:53.5,->,Flow rate:,58.33,L/m
17:20:53.602 -> Flow rate: 58.33 L/m,,,,20:53.6,->,Flow rate:,58.33,L/m
17:20:53.698 -> Flow rate: 58.33 L/m,,,,20:53.7,->,Flow rate:,58.33,L/m
17:20:53.778 -> Flow rate: 50.00 L/m,,,,20:53.8,->,Flow rate:,50,L/m
17:20:53.873 -> Flow rate: 58.33 L/m,,,,20:53.9,->,Flow rate:,58.33,L/m
17:20:53.968 -> Flow rate: 58.33 L/m,,,,20:54.0,->,Flow rate:,58.33,L/m
17:20:54.064 -> Flow rate: 58.33 L/m,,,,20:54.1,->,Flow rate:,58.33,L/m
17:20:54.173 -> Flow rate: 58.33 L/m,,,,20:54.2,->,Flow rate:,58.33,L/m
17:20:54.268 -> Flow rate: 58.33 L/m,,,,20:54.3,->,Flow rate:,58.33,L/m
17:20:54.362 -> Flow rate: 58.33 L/m,,,,20:54.4,->,Flow rate:,58.33,L/m
17:20:54.472 -> Flow rate: 58.33 L/m,,,,20:54.5,->,Flow rate:,58.33,L/m
17:20:54.567 -> Flow rate: 58.33 L/m,,,,20:54.6,->,Flow rate:,58.33,L/m
17:20:54.662 -> Flow rate: 58.33 L/m,,,,20:54.7,->,Flow rate:,58.33,L/m
17:20:54.804 -> Flow rate: 58.33 L/m,,,,20:54.8,->,Flow rate:,58.33,L/m
17:20:54.898 -> Flow rate: 58.33 L/m,,,,20:54.9,->,Flow rate:,58.33,L/m
17:20:54.978 -> Flow rate: 66.67 L/m,,,,20:55.0,->,Flow rate:,66.67,L/m
17:20:55.058 -> Flow rate: 58.33 L/m,,,,20:55.1,->,Flow rate:,58.33,L/m
17:20:55.200 -> Flow rate: 58.33 L/m,,,,20:55.2,->,Flow rate:,58.33,L/m
17:20:55.295 -> Flow rate: 58.33 L/m,,,,20:55.3,->,Flow rate:,58.33,L/m
17:20:55.392 -> Flow rate: 58.33 L/m,,,,20:55.4,->,Flow rate:,58.33,L/m
17:20:55.486 -> Flow rate: 58.33 L/m,,,,20:55.5,->,Flow rate:,58.33,L/m
17:20:55.580 -> Flow rate: 58.33 L/m,,,,20:55.6,->,Flow rate:,58.33,L/m
17:20:55.675 -> Flow rate: 58.33 L/m,,,,20:55.7,->,Flow rate:,58.33,L/m
17:20:55.770 -> Flow rate: 58.33 L/m,,,,20:55.8,->,Flow rate:,58.33,L/m
17:20:55.865 -> Flow rate: 66.67 L/m,,,,20:55.9,->,Flow rate:,66.67,L/m
17:20:55.963 -> Flow rate: 58.33 L/m,,,,20:56.0,->,Flow rate:,58.33,L/m
17:20:56.056 -> Flow rate: 58.33 L/m,,,,20:56.1,->,Flow rate:,58.33,L/m
17:20:56.198 -> Flow rate: 58.33 L/m,,,,20:56.2,->,Flow rate:,58.33,L/m
17:20:56.295 -> Flow rate: 58.33 L/m,,,,20:56.3,->,Flow rate:,58.33,L/m
17:20:56.388 -> Flow rate: 58.33 L/m,,,,20:56.4,->,Flow rate:,58.33,L/m
17:20:56.469 -> Flow rate: 66.67 L/m,,,,20:56.5,->,Flow rate:,66.67,L/m
17:20:56.562 -> Flow rate: 58.33 L/m,,,,20:56.6,->,Flow rate:,58.33,L/m
17:20:56.703 -> Flow rate: 58.33 L/m,,,,20:56.7,->,Flow rate:,58.33,L/m
17:20:56.766 -> Flow rate: 58.33 L/m,,,,20:56.8,->,Flow rate:,58.33,L/m
17:20:56.875 -> Flow rate: 58.33 L/m,,,,20:56.9,->,Flow rate:,58.33,L/m
17:20:56.969 -> Flow rate: 58.33 L/m,,,,20:57.0,->,Flow rate:,58.33,L/m
17:20:57.095 -> Flow rate: 58.33 L/m,,,,20:57.1,->,Flow rate:,58.33,L/m
17:20:57.191 -> Flow rate: 66.67 L/m,,,,20:57.2,->,Flow rate:,66.67,L/m
17:20:57.302 -> Flow rate: 50.00 L/m,,,,20:57.3,->,Flow rate:,50,L/m
17:20:57.396 -> Flow rate: 58.33 L/m,,,,20:57.4,->,Flow rate:,58.33,L/m
17:20:57.492 -> Flow rate: 66.67 L/m,,,,20:57.5,->,Flow rate:,66.67,L/m
17:20:57.593 -> Flow rate: 58.33 L/m,,,,20:57.6,->,Flow rate:,58.33,L/m
17:20:57.685 -> Flow rate: 58.33 L/m,,,,20:57.7,->,Flow rate:,58.33,L/m
17:20:57.779 -> Flow rate: 58.33 L/m,,,,20:57.8,->,Flow rate:,58.33,L/m
17:20:57.873 -> Flow rate: 58.33 L/m,,,,20:57.9,->,Flow rate:,58.33,L/m
17:20:57.967 -> Flow rate: 58.33 L/m,,,,20:58.0,->,Flow rate:,58.33,L/m
17:20:58.063 -> Flow rate: 58.33 L/m,,,,20:58.1,->,Flow rate:,58.33,L/m
17:20:58.190 -> Flow rate: 58.33 L/m,,,,20:58.2,->,Flow rate:,58.33,L/m
17:20:58.271 -> Flow rate: 58.33 L/m,,,,20:58.3,->,Flow rate:,58.33,L/m
17:20:58.366 -> Flow rate: 58.33 L/m,,,,20:58.4,->,Flow rate:,58.33,L/m
17:20:58.461 -> Flow rate: 66.67 L/m,,,,20:58.5,->,Flow rate:,66.67,L/m
17:20:58.604 -> Flow rate: 58.33 L/m,,,,20:58.6,->,Flow rate:,58.33,L/m
17:20:58.698 -> Flow rate: 58.33 L/m,,,,20:58.7,->,Flow rate:,58.33,L/m
17:20:58.827 -> Flow rate: 58.33 L/m,,,,20:58.8,->,Flow rate:,58.33,L/m
17:20:58.871 -> Flow rate: 58.33 L/m,,,,20:58.9,->,Flow rate:,58.33,L/m
17:20:58.966 -> Flow rate: 58.33 L/m,,,,20:59.0,->,Flow rate:,58.33,L/m
17:20:59.061 -> Flow rate: 66.67 L/m,,,,20:59.1,->,Flow rate:,66.67,L/m
17:20:59.205 -> Flow rate: 58.33 L/m,,,,20:59.2,->,Flow rate:,58.33,L/m
17:20:59.285 -> Flow rate: 58.33 L/m,,,,20:59.3,->,Flow rate:,58.33,L/m
17:20:59.380 -> Flow rate: 58.33 L/m,,,,20:59.4,->,Flow rate:,58.33,L/m
17:20:59.477 -> Flow rate: 58.33 L/m,,,,20:59.5,->,Flow rate:,58.33,L/m
17:20:59.571 -> Flow rate: 58.33 L/m,,,,20:59.6,->,Flow rate:,58.33,L/m
17:20:59.667 -> Flow rate: 66.67 L/m,,,,20:59.7,->,Flow rate:,66.67,L/m
17:20:59.761 -> Flow rate: 58.33 L/m,,,,20:59.8,->,Flow rate:,58.33,L/m
17:20:59.856 -> Flow rate: 58.33 L/m,,,,20:59.9,->,Flow rate:,58.33,L/m
17:20:59.999 -> Flow rate: 58.33 L/m,,,,21:00.0,->,Flow rate:,58.33,L/m
17:21:00.080 -> Flow rate: 58.33 L/m,,,,21:00.1,->,Flow rate:,58.33,L/m
17:21:00.160 -> Flow rate: 58.33 L/m,,,,21:00.2,->,Flow rate:,58.33,L/m
17:21:00.304 -> Flow rate: 58.33 L/m,,,,21:00.3,->,Flow rate:,58.33,L/m
17:21:00.397 -> Flow rate: 66.67 L/m,,,,21:00.4,->,Flow rate:,66.67,L/m
17:21:00.495 -> Flow rate: 58.33 L/m,,,,21:00.5,->,Flow rate:,58.33,L/m
17:21:00.589 -> Flow rate: 58.33 L/m,,,,21:00.6,->,Flow rate:,58.33,L/m
17:21:00.685 -> Flow rate: 58.33 L/m,,,,21:00.7,->,Flow rate:,58.33,L/m
17:21:00.781 -> Flow rate: 58.33 L/m,,,,21:00.8,->,Flow rate:,58.33,L/m
17:21:00.876 -> Flow rate: 58.33 L/m,,,,21:00.9,->,Flow rate:,58.33,L/m
17:21:00.971 -> Flow rate: 58.33 L/m,,,,21:01.0,->,Flow rate:,58.33,L/m
17:21:01.065 -> Flow rate: 58.33 L/m,,,,21:01.1,->,Flow rate:,58.33,L/m
17:21:01.159 -> Flow rate: 58.33 L/m,,,,21:01.2,->,Flow rate:,58.33,L/m
17:21:01.301 -> Flow rate: 66.67 L/m,,,,21:01.3,->,Flow rate:,66.67,L/m
17:21:01.397 -> Flow rate: 58.33 L/m,,,,21:01.4,->,Flow rate:,58.33,L/m
17:21:01.492 -> Flow rate: 58.33 L/m,,,,21:01.5,->,Flow rate:,58.33,L/m
17:21:01.588 -> Flow rate: 58.33 L/m,,,,21:01.6,->,Flow rate:,58.33,L/m
17:21:01.712 -> Flow rate: 58.33 L/m,,,,21:01.7,->,Flow rate:,58.33,L/m
17:21:01.793 -> Flow rate: 58.33 L/m,,,,21:01.8,->,Flow rate:,58.33,L/m
17:21:01.887 -> Flow rate: 58.33 L/m,,,,21:01.9,->,Flow rate:,58.33,L/m
17:21:01.982 -> Flow rate: 66.67 L/m,,,,21:02.0,->,Flow rate:,66.67,L/m
17:21:02.062 -> Flow rate: 58.33 L/m,,,,21:02.1,->,Flow rate:,58.33,L/m
17:21:02.157 -> Flow rate: 58.33 L/m,,,,21:02.2,->,Flow rate:,58.33,L/m
17:21:02.305 -> Flow rate: 58.33 L/m,,,,21:02.3,->,Flow rate:,58.33,L/m
17:21:02.394 -> Flow rate: 58.33 L/m,,,,21:02.4,->,Flow rate:,58.33,L/m
17:21:02.496 -> Flow rate: 58.33 L/m,,,,21:02.5,->,Flow rate:,58.33,L/m
17:21:02.586 -> Flow rate: 58.33 L/m,,,,21:02.6,->,Flow rate:,58.33,L/m
17:21:02.679 -> Flow rate: 58.33 L/m,,,,21:02.7,->,Flow rate:,58.33,L/m
17:21:02.774 -> Flow rate: 58.33 L/m,,,,21:02.8,->,Flow rate:,58.33,L/m
17:21:02.869 -> Flow rate: 58.33 L/m,,,,21:02.9,->,Flow rate:,58.33,L/m
17:21:02.974 -> Flow rate: 66.67 L/m,,,,21:03.0,->,Flow rate:,66.67,L/m
17:21:03.063 -> Flow rate: 58.33 L/m,,,,21:03.1,->,Flow rate:,58.33,L/m
17:21:03.204 -> Flow rate: 58.33 L/m,,,,21:03.2,->,Flow rate:,58.33,L/m
17:21:03.296 -> Flow rate: 58.33 L/m,,,,21:03.3,->,Flow rate:,58.33,L/m
17:21:03.390 -> Flow rate: 58.33 L/m,,,,21:03.4,->,Flow rate:,58.33,L/m
17:21:03.485 -> Flow rate: 58.33 L/m,,,,21:03.5,->,Flow rate:,58.33,L/m
17:21:03.585 -> Flow rate: 66.67 L/m,,,,21:03.6,->,Flow rate:,66.67,L/m
17:21:03.674 -> Flow rate: 58.33 L/m,,,,21:03.7,->,Flow rate:,58.33,L/m
17:21:03.773 -> Flow rate: 58.33 L/m,,,,21:03.8,->,Flow rate:,58.33,L/m
17:21:03.881 -> Flow rate: 58.33 L/m,,,,21:03.9,->,Flow rate:,58.33,L/m
17:21:03.975 -> Flow rate: 58.33 L/m,,,,21:04.0,->,Flow rate:,58.33,L/m
17:21:04.070 -> Flow rate: 58.33 L/m,,,,21:04.1,->,Flow rate:,58.33,L/m
17:21:04.196 -> Flow rate: 58.33 L/m,,,,21:04.2,->,Flow rate:,58.33,L/m
17:21:04.303 -> Flow rate: 58.33 L/m,,,,21:04.3,->,Flow rate:,58.33,L/m
17:21:04.385 -> Flow rate: 66.67 L/m,,,,21:04.4,->,Flow rate:,66.67,L/m
17:21:04.481 -> Flow rate: 58.33 L/m,,,,21:04.5,->,Flow rate:,58.33,L/m
17:21:04.576 -> Flow rate: 58.33 L/m,,,,21:04.6,->,Flow rate:,58.33,L/m
17:21:04.671 -> Flow rate: 58.33 L/m,,,,21:04.7,->,Flow rate:,58.33,L/m
17:21:04.768 -> Flow rate: 58.33 L/m,,,,21:04.8,->,Flow rate:,58.33,L/m
17:21:04.866 -> Flow rate: 58.33 L/m,,,,21:04.9,->,Flow rate:,58.33,L/m
17:21:04.973 -> Flow rate: 58.33 L/m,,,,21:05.0,->,Flow rate:,58.33,L/m
17:21:05.070 -> Flow rate: 58.33 L/m,,,,21:05.1,->,Flow rate:,58.33,L/m
17:21:05.162 -> Flow rate: 58.33 L/m,,,,21:05.2,->,Flow rate:,58.33,L/m
17:21:05.256 -> Flow rate: 58.33 L/m,,,,21:05.3,->,Flow rate:,58.33,L/m
17:21:05.399 -> Flow rate: 58.33 L/m,,,,21:05.4,->,Flow rate:,58.33,L/m
17:21:05.493 -> Flow rate: 58.33 L/m,,,,21:05.5,->,Flow rate:,58.33,L/m
17:21:05.587 -> Flow rate: 58.33 L/m,,,,21:05.6,->,Flow rate:,58.33,L/m
17:21:05.682 -> Flow rate: 58.33 L/m,,,,21:05.7,->,Flow rate:,58.33,L/m
17:21:05.777 -> Flow rate: 66.67 L/m,,,,21:05.8,->,Flow rate:,66.67,L/m
17:21:05.903 -> Flow rate: 58.33 L/m,,,,21:05.9,->,Flow rate:,58.33,L/m
17:21:05.998 -> Flow rate: 58.33 L/m,,,,21:06.0,->,Flow rate:,58.33,L/m
17:21:06.093 -> Flow rate: 58.33 L/m,,,,21:06.1,->,Flow rate:,58.33,L/m
17:21:06.188 -> Flow rate: 58.33 L/m,,,,21:06.2,->,Flow rate:,58.33,L/m
17:21:06.283 -> Flow rate: 66.67 L/m,,,,21:06.3,->,Flow rate:,66.67,L/m
17:21:06.378 -> Flow rate: 58.33 L/m,,,,21:06.4,->,Flow rate:,58.33,L/m
17:21:06.473 -> Flow rate: 58.33 L/m,,,,21:06.5,->,Flow rate:,58.33,L/m
17:21:06.569 -> Flow rate: 58.33 L/m,,,,21:06.6,->,Flow rate:,58.33,L/m
17:21:06.695 -> Flow rate: 58.33 L/m,,,,21:06.7,->,Flow rate:,58.33,L/m
17:21:06.790 -> Flow rate: 58.33 L/m,,,,21:06.8,->,Flow rate:,58.33,L/m
17:21:06.885 -> Flow rate: 58.33 L/m,,,,21:06.9,->,Flow rate:,58.33,L/m
17:21:06.979 -> Flow rate: 66.67 L/m,,,,21:07.0,->,Flow rate:,66.67,L/m
17:21:07.075 -> Flow rate: 58.33 L/m,,,,21:07.1,->,Flow rate:,58.33,L/m
17:21:07.168 -> Flow rate: 58.33 L/m,,,,21:07.2,->,Flow rate:,58.33,L/m
17:21:07.262 -> Flow rate: 58.33 L/m,,,,21:07.3,->,Flow rate:,58.33,L/m
17:21:07.404 -> Flow rate: 58.33 L/m,,,,21:07.4,->,Flow rate:,58.33,L/m
17:21:07.483 -> Flow rate: 58.33 L/m,,,,21:07.5,->,Flow rate:,58.33,L/m
17:21:07.576 -> Flow rate: 58.33 L/m,,,,21:07.6,->,Flow rate:,58.33,L/m
17:21:07.672 -> Flow rate: 66.67 L/m,,,,21:07.7,->,Flow rate:,66.67,L/m
17:21:07.766 -> Flow rate: 58.33 L/m,,,,21:07.8,->,Flow rate:,58.33,L/m
17:21:07.861 -> Flow rate: 58.33 L/m,,,,21:07.9,->,Flow rate:,58.33,L/m
17:21:08.003 -> Flow rate: 58.33 L/m,,,,21:08.0,->,Flow rate:,58.33,L/m
17:21:08.098 -> Flow rate: 58.33 L/m,,,,21:08.1,->,Flow rate:,58.33,L/m
17:21:08.192 -> Flow rate: 58.33 L/m,,,,21:08.2,->,Flow rate:,58.33,L/m
17:21:08.340 -> Flow rate: 58.33 L/m,,,,21:08.3,->,Flow rate:,58.33,L/m
17:21:08.380 -> Flow rate: 58.33 L/m,,,,21:08.4,->,Flow rate:,58.33,L/m
17:21:08.475 -> Flow rate: 58.33 L/m,,,,21:08.5,->,Flow rate:,58.33,L/m
17:21:08.569 -> Flow rate: 58.33 L/m,,,,21:08.6,->,Flow rate:,58.33,L/m
17:21:08.663 -> Flow rate: 66.67 L/m,,,,21:08.7,->,Flow rate:,66.67,L/m
17:21:08.758 -> Flow rate: 58.33 L/m,,,,21:08.8,->,Flow rate:,58.33,L/m
17:21:08.900 -> Flow rate: 58.33 L/m,,,,21:08.9,->,Flow rate:,58.33,L/m
17:21:08.995 -> Flow rate: 58.33 L/m,,,,21:09.0,->,Flow rate:,58.33,L/m
17:21:09.121 -> Flow rate: 58.33 L/m,,,,21:09.1,->,Flow rate:,58.33,L/m
17:21:09.168 -> Flow rate: 58.33 L/m,,,,21:09.2,->,Flow rate:,58.33,L/m
17:21:09.262 -> Flow rate: 66.67 L/m,,,,21:09.3,->,Flow rate:,66.67,L/m
17:21:09.387 -> Flow rate: 58.33 L/m,,,,21:09.4,->,Flow rate:,58.33,L/m
17:21:09.481 -> Flow rate: 58.33 L/m,,,,21:09.5,->,Flow rate:,58.33,L/m
17:21:09.577 -> Flow rate: 58.33 L/m,,,,21:09.6,->,Flow rate:,58.33,L/m
17:21:09.672 -> Flow rate: 58.33 L/m,,,,21:09.7,->,Flow rate:,58.33,L/m
17:21:09.767 -> Flow rate: 58.33 L/m,,,,21:09.8,->,Flow rate:,58.33,L/m
17:21:09.863 -> Flow rate: 58.33 L/m,,,,21:09.9,->,Flow rate:,58.33,L/m
17:21:09.991 -> Flow rate: 58.33 L/m,,,,21:10.0,->,Flow rate:,58.33,L/m
17:21:10.086 -> Flow rate: 58.33 L/m,,,,21:10.1,->,Flow rate:,58.33,L/m
17:21:10.181 -> Flow rate: 66.67 L/m,,,,21:10.2,->,Flow rate:,66.67,L/m
17:21:10.276 -> Flow rate: 58.33 L/m,,,,21:10.3,->,Flow rate:,58.33,L/m
17:21:10.370 -> Flow rate: 58.33 L/m,,,,21:10.4,->,Flow rate:,58.33,L/m
17:21:10.498 -> Flow rate: 58.33 L/m,,,,21:10.5,->,Flow rate:,58.33,L/m
17:21:10.594 -> Flow rate: 58.33 L/m,,,,21:10.6,->,Flow rate:,58.33,L/m
17:21:10.692 -> Flow rate: 58.33 L/m,,,,21:10.7,->,Flow rate:,58.33,L/m
17:21:10.784 -> Flow rate: 58.33 L/m,,,,21:10.8,->,Flow rate:,58.33,L/m
17:21:10.879 -> Flow rate: 58.33 L/m,,,,21:10.9,->,Flow rate:,58.33,L/m
17:21:10.974 -> Flow rate: 58.33 L/m,,,,21:11.0,->,Flow rate:,58.33,L/m
17:21:11.069 -> Flow rate: 66.67 L/m,,,,21:11.1,->,Flow rate:,66.67,L/m
17:21:11.166 -> Flow rate: 58.33 L/m,,,,21:11.2,->,Flow rate:,58.33,L/m
17:21:11.260 -> Flow rate: 58.33 L/m,,,,21:11.3,->,Flow rate:,58.33,L/m
17:21:11.401 -> Flow rate: 58.33 L/m,,,,21:11.4,->,Flow rate:,58.33,L/m
17:21:11.496 -> Flow rate: 58.33 L/m,,,,21:11.5,->,Flow rate:,58.33,L/m
17:21:11.591 -> Flow rate: 58.33 L/m,,,,21:11.6,->,Flow rate:,58.33,L/m
17:21:11.687 -> Flow rate: 58.33 L/m,,,,21:11.7,->,Flow rate:,58.33,L/m
17:21:11.783 -> Flow rate: 58.33 L/m,,,,21:11.8,->,Flow rate:,58.33,L/m
17:21:11.878 -> Flow rate: 66.67 L/m,,,,21:11.9,->,Flow rate:,66.67,L/m
17:21:11.972 -> Flow rate: 58.33 L/m,,,,21:12.0,->,Flow rate:,58.33,L/m
17:21:12.068 -> Flow rate: 58.33 L/m,,,,21:12.1,->,Flow rate:,58.33,L/m
17:21:12.165 -> Flow rate: 58.33 L/m,,,,21:12.2,->,Flow rate:,58.33,L/m
17:21:12.259 -> Flow rate: 58.33 L/m,,,,21:12.3,->,Flow rate:,58.33,L/m
17:21:12.402 -> Flow rate: 58.33 L/m,,,,21:12.4,->,Flow rate:,58.33,L/m
17:21:12.497 -> Flow rate: 58.33 L/m,,,,21:12.5,->,Flow rate:,58.33,L/m
17:21:12.593 -> Flow rate: 58.33 L/m,,,,21:12.6,->,Flow rate:,58.33,L/m
17:21:12.687 -> Flow rate: 58.33 L/m,,,,21:12.7,->,Flow rate:,58.33,L/m
17:21:12.782 -> Flow rate: 66.67 L/m,,,,21:12.8,->,Flow rate:,66.67,L/m
17:21:12.876 -> Flow rate: 58.33 L/m,,,,21:12.9,->,Flow rate:,58.33,L/m
17:21:12.972 -> Flow rate: 58.33 L/m,,,,21:13.0,->,Flow rate:,58.33,L/m
17:21:13.067 -> Flow rate: 58.33 L/m,,,,21:13.1,->,Flow rate:,58.33,L/m
17:21:13.161 -> Flow rate: 58.33 L/m,,,,21:13.2,->,Flow rate:,58.33,L/m
17:21:13.256 -> Flow rate: 58.33 L/m,,,,21:13.3,->,Flow rate:,58.33,L/m
17:21:13.398 -> Flow rate: 58.33 L/m,,,,21:13.4,->,Flow rate:,58.33,L/m
17:21:13.461 -> Flow rate: 66.67 L/m,,,,21:13.5,->,Flow rate:,66.67,L/m
17:21:13.587 -> Flow rate: 58.33 L/m,,,,21:13.6,->,Flow rate:,58.33,L/m
17:21:13.689 -> Flow rate: 58.33 L/m,,,,21:13.7,->,Flow rate:,58.33,L/m
17:21:13.778 -> Flow rate: 58.33 L/m,,,,21:13.8,->,Flow rate:,58.33,L/m
17:21:13.873 -> Flow rate: 58.33 L/m,,,,21:13.9,->,Flow rate:,58.33,L/m
17:21:13.968 -> Flow rate: 66.67 L/m,,,,21:14.0,->,Flow rate:,66.67,L/m
17:21:14.063 -> Flow rate: 58.33 L/m,,,,21:14.1,->,Flow rate:,58.33,L/m
17:21:14.160 -> Flow rate: 58.33 L/m,,,,21:14.2,->,Flow rate:,58.33,L/m
17:21:14.301 -> Flow rate: 58.33 L/m,,,,21:14.3,->,Flow rate:,58.33,L/m
17:21:14.395 -> Flow rate: 58.33 L/m,,,,21:14.4,->,Flow rate:,58.33,L/m
17:21:14.507 -> Flow rate: 58.33 L/m,,,,21:14.5,->,Flow rate:,58.33,L/m
17:21:14.561 -> Flow rate: 66.67 L/m,,,,21:14.6,->,Flow rate:,66.67,L/m
17:21:14.697 -> Flow rate: 58.33 L/m,,,,21:14.7,->,Flow rate:,58.33,L/m
17:21:14.792 -> Flow rate: 58.33 L/m,,,,21:14.8,->,Flow rate:,58.33,L/m
17:21:14.888 -> Flow rate: 58.33 L/m,,,,21:14.9,->,Flow rate:,58.33,L/m
17:21:14.983 -> Flow rate: 58.33 L/m,,,,21:15.0,->,Flow rate:,58.33,L/m
17:21:15.078 -> Flow rate: 58.33 L/m,,,,21:15.1,->,Flow rate:,58.33,L/m
17:21:15.173 -> Flow rate: 66.67 L/m,,,,21:15.2,->,Flow rate:,66.67,L/m
17:21:15.268 -> Flow rate: 58.33 L/m,,,,21:15.3,->,Flow rate:,58.33,L/m
17:21:15.378 -> Flow rate: 58.33 L/m,,,,21:15.4,->,Flow rate:,58.33,L/m
17:21:15.471 -> Flow rate: 58.33 L/m,,,,21:15.5,->,Flow rate:,58.33,L/m
17:21:15.565 -> Flow rate: 58.33 L/m,,,,21:15.6,->,Flow rate:,58.33,L/m
17:21:15.706 -> Flow rate: 58.33 L/m,,,,21:15.7,->,Flow rate:,58.33,L/m
17:21:15.801 -> Flow rate: 58.33 L/m,,,,21:15.8,->,Flow rate:,58.33,L/m
17:21:15.880 -> Flow rate: 58.33 L/m,,,,21:15.9,->,Flow rate:,58.33,L/m
17:21:15.975 -> Flow rate: 58.33 L/m,,,,21:16.0,->,Flow rate:,58.33,L/m
17:21:16.071 -> Flow rate: 58.33 L/m,,,,21:16.1,->,Flow rate:,58.33,L/m
17:21:16.165 -> Flow rate: 58.33 L/m,,,,21:16.2,->,Flow rate:,58.33,L/m
17:21:16.292 -> Flow rate: 58.33 L/m,,,,21:16.3,->,Flow rate:,58.33,L/m
17:21:16.354 -> Flow rate: 66.67 L/m,,,,21:16.4,->,Flow rate:,66.67,L/m
17:21:16.495 -> Flow rate: 58.33 L/m,,,,21:16.5,->,Flow rate:,58.33,L/m
17:21:16.591 -> Flow rate: 58.33 L/m,,,,21:16.6,->,Flow rate:,58.33,L/m
17:21:16.685 -> Flow rate: 58.33 L/m,,,,21:16.7,->,Flow rate:,58.33,L/m
17:21:16.780 -> Flow rate: 58.33 L/m,,,,21:16.8,->,Flow rate:,58.33,L/m
17:21:16.874 -> Flow rate: 58.33 L/m,,,,21:16.9,->,Flow rate:,58.33,L/m
17:21:16.969 -> Flow rate: 58.33 L/m,,,,21:17.0,->,Flow rate:,58.33,L/m
17:21:17.063 -> Flow rate: 58.33 L/m,,,,21:17.1,->,Flow rate:,58.33,L/m
17:21:17.205 -> Flow rate: 66.67 L/m,,,,21:17.2,->,Flow rate:,66.67,L/m
17:21:17.300 -> Flow rate: 58.33 L/m,,,,21:17.3,->,Flow rate:,58.33,L/m
17:21:17.379 -> Flow rate: 58.33 L/m,,,,21:17.4,->,Flow rate:,58.33,L/m
17:21:17.473 -> Flow rate: 58.33 L/m,,,,21:17.5,->,Flow rate:,58.33,L/m
17:21:17.567 -> Flow rate: 58.33 L/m,,,,21:17.6,->,Flow rate:,58.33,L/m
17:21:17.663 -> Flow rate: 50.00 L/m,,,,21:17.7,->,Flow rate:,50,L/m
17:21:17.805 -> Flow rate: 58.33 L/m,,,,21:17.8,->,Flow rate:,58.33,L/m
17:21:17.900 -> Flow rate: 58.33 L/m,,,,21:17.9,->,Flow rate:,58.33,L/m
17:21:17.994 -> Flow rate: 58.33 L/m,,,,21:18.0,->,Flow rate:,58.33,L/m
17:21:18.088 -> Flow rate: 58.33 L/m,,,,21:18.1,->,Flow rate:,58.33,L/m
17:21:18.183 -> Flow rate: 58.33 L/m,,,,21:18.2,->,Flow rate:,58.33,L/m
17:21:18.278 -> Flow rate: 58.33 L/m,,,,21:18.3,->,Flow rate:,58.33,L/m
17:21:18.373 -> Flow rate: 58.33 L/m,,,,21:18.4,->,Flow rate:,58.33,L/m
17:21:18.466 -> Flow rate: 66.67 L/m,,,,21:18.5,->,Flow rate:,66.67,L/m
17:21:18.562 -> Flow rate: 58.33 L/m,,,,21:18.6,->,Flow rate:,58.33,L/m
17:21:18.688 -> Flow rate: 58.33 L/m,,,,21:18.7,->,Flow rate:,58.33,L/m
17:21:18.768 -> Flow rate: 58.33 L/m,,,,21:18.8,->,Flow rate:,58.33,L/m
17:21:18.863 -> Flow rate: 58.33 L/m,,,,21:18.9,->,Flow rate:,58.33,L/m
17:21:19.006 -> Flow rate: 58.33 L/m,,,,21:19.0,->,Flow rate:,58.33,L/m
17:21:19.100 -> Flow rate: 58.33 L/m,,,,21:19.1,->,Flow rate:,58.33,L/m
17:21:19.196 -> Flow rate: 66.67 L/m,,,,21:19.2,->,Flow rate:,66.67,L/m
17:21:19.290 -> Flow rate: 58.33 L/m,,,,21:19.3,->,Flow rate:,58.33,L/m
17:21:19.370 -> Flow rate: 58.33 L/m,,,,21:19.4,->,Flow rate:,58.33,L/m
17:21:19.465 -> Flow rate: 58.33 L/m,,,,21:19.5,->,Flow rate:,58.33,L/m
17:21:19.560 -> Flow rate: 58.33 L/m,,,,21:19.6,->,Flow rate:,58.33,L/m
17:21:19.703 -> Flow rate: 58.33 L/m,,,,21:19.7,->,Flow rate:,58.33,L/m
17:21:19.798 -> Flow rate: 58.33 L/m,,,,21:19.8,->,Flow rate:,58.33,L/m
17:21:19.893 -> Flow rate: 58.33 L/m,,,,21:19.9,->,Flow rate:,58.33,L/m
17:21:19.988 -> Flow rate: 66.67 L/m,,,,21:20.0,->,Flow rate:,66.67,L/m
17:21:20.082 -> Flow rate: 58.33 L/m,,,,21:20.1,->,Flow rate:,58.33,L/m
17:21:20.161 -> Flow rate: 58.33 L/m,,,,21:20.2,->,Flow rate:,58.33,L/m
17:21:20.303 -> Flow rate: 58.33 L/m,,,,21:20.3,->,Flow rate:,58.33,L/m
17:21:20.398 -> Flow rate: 58.33 L/m,,,,21:20.4,->,Flow rate:,58.33,L/m
17:21:20.493 -> Flow rate: 58.33 L/m,,,,21:20.5,->,Flow rate:,58.33,L/m
17:21:20.588 -> Flow rate: 66.67 L/m,,,,21:20.6,->,Flow rate:,66.67,L/m
17:21:20.683 -> Flow rate: 58.33 L/m,,,,21:20.7,->,Flow rate:,58.33,L/m
17:21:20.778 -> Flow rate: 58.33 L/m,,,,21:20.8,->,Flow rate:,58.33,L/m
17:21:20.873 -> Flow rate: 58.33 L/m,,,,21:20.9,->,Flow rate:,58.33,L/m
17:21:20.969 -> Flow rate: 58.33 L/m,,,,21:21.0,->,Flow rate:,58.33,L/m
17:21:21.064 -> Flow rate: 58.33 L/m,,,,21:21.1,->,Flow rate:,58.33,L/m
17:21:21.159 -> Flow rate: 58.33 L/m,,,,21:21.2,->,Flow rate:,58.33,L/m
17:21:21.302 -> Flow rate: 58.33 L/m,,,,21:21.3,->,Flow rate:,58.33,L/m
17:21:21.382 -> Flow rate: 58.33 L/m,,,,21:21.4,->,Flow rate:,58.33,L/m
17:21:21.476 -> Flow rate: 58.33 L/m,,,,21:21.5,->,Flow rate:,58.33,L/m
17:21:21.570 -> Flow rate: 66.67 L/m,,,,21:21.6,->,Flow rate:,66.67,L/m
17:21:21.665 -> Flow rate: 58.33 L/m,,,,21:21.7,->,Flow rate:,58.33,L/m
17:21:21.793 -> Flow rate: 58.33 L/m,,,,21:21.8,->,Flow rate:,58.33,L/m
17:21:21.888 -> Flow rate: 58.33 L/m,,,,21:21.9,->,Flow rate:,58.33,L/m
17:21:21.968 -> Flow rate: 58.33 L/m,,,,21:22.0,->,Flow rate:,58.33,L/m
17:21:22.063 -> Flow rate: 58.33 L/m,,,,21:22.1,->,Flow rate:,58.33,L/m
17:21:22.206 -> Flow rate: 58.33 L/m,,,,21:22.2,->,Flow rate:,58.33,L/m
17:21:22.301 -> Flow rate: 58.33 L/m,,,,21:22.3,->,Flow rate:,58.33,L/m
17:21:22.396 -> Flow rate: 66.67 L/m,,,,21:22.4,->,Flow rate:,66.67,L/m
17:21:22.490 -> Flow rate: 58.33 L/m,,,,21:22.5,->,Flow rate:,58.33,L/m
17:21:22.587 -> Flow rate: 58.33 L/m,,,,21:22.6,->,Flow rate:,58.33,L/m
17:21:22.681 -> Flow rate: 58.33 L/m,,,,21:22.7,->,Flow rate:,58.33,L/m
17:21:22.776 -> Flow rate: 58.33 L/m,,,,21:22.8,->,Flow rate:,58.33,L/m
17:21:22.870 -> Flow rate: 58.33 L/m,,,,21:22.9,->,Flow rate:,58.33,L/m
17:21:22.964 -> Flow rate: 58.33 L/m,,,,21:23.0,->,Flow rate:,58.33,L/m
17:21:23.106 -> Flow rate: 58.33 L/m,,,,21:23.1,->,Flow rate:,58.33,L/m
17:21:23.186 -> Flow rate: 58.33 L/m,,,,21:23.2,->,Flow rate:,58.33,L/m
17:21:23.281 -> Flow rate: 66.67 L/m,,,,21:23.3,->,Flow rate:,66.67,L/m
17:21:23.376 -> Flow rate: 58.33 L/m,,,,21:23.4,->,Flow rate:,58.33,L/m
17:21:23.471 -> Flow rate: 58.33 L/m,,,,21:23.5,->,Flow rate:,58.33,L/m
17:21:23.567 -> Flow rate: 58.33 L/m,,,,21:23.6,->,Flow rate:,58.33,L/m
17:21:23.662 -> Flow rate: 58.33 L/m,,,,21:23.7,->,Flow rate:,58.33,L/m
17:21:23.804 -> Flow rate: 58.33 L/m,,,,21:23.8,->,Flow rate:,58.33,L/m
17:21:23.899 -> Flow rate: 58.33 L/m,,,,21:23.9,->,Flow rate:,58.33,L/m
17:21:23.994 -> Flow rate: 58.33 L/m,,,,21:24.0,->,Flow rate:,58.33,L/m
17:21:24.090 -> Flow rate: 58.33 L/m,,,,21:24.1,->,Flow rate:,58.33,L/m
17:21:24.186 -> Flow rate: 66.67 L/m,,,,21:24.2,->,Flow rate:,66.67,L/m
17:21:24.280 -> Flow rate: 58.33 L/m,,,,21:24.3,->,Flow rate:,58.33,L/m
17:21:24.376 -> Flow rate: 58.33 L/m,,,,21:24.4,->,Flow rate:,58.33,L/m
17:21:24.470 -> Flow rate: 58.33 L/m,,,,21:24.5,->,Flow rate:,58.33,L/m
17:21:24.566 -> Flow rate: 58.33 L/m,,,,21:24.6,->,Flow rate:,58.33,L/m
17:21:24.662 -> Flow rate: 58.33 L/m,,,,21:24.7,->,Flow rate:,58.33,L/m
17:21:24.788 -> Flow rate: 66.67 L/m,,,,21:24.8,->,Flow rate:,66.67,L/m
17:21:24.882 -> Flow rate: 58.33 L/m,,,,21:24.9,->,Flow rate:,58.33,L/m
17:21:24.977 -> Flow rate: 58.33 L/m,,,,21:25.0,->,Flow rate:,58.33,L/m
17:21:25.073 -> Flow rate: 58.33 L/m,,,,21:25.1,->,Flow rate:,58.33,L/m
17:21:25.168 -> Flow rate: 58.33 L/m,,,,21:25.2,->,Flow rate:,58.33,L/m
17:21:25.264 -> Flow rate: 58.33 L/m,,,,21:25.3,->,Flow rate:,58.33,L/m
17:21:25.406 -> Flow rate: 58.33 L/m,,,,21:25.4,->,Flow rate:,58.33,L/m
17:21:25.502 -> Flow rate: 58.33 L/m,,,,21:25.5,->,Flow rate:,58.33,L/m
17:21:25.598 -> Flow rate: 58.33 L/m,,,,21:25.6,->,Flow rate:,58.33,L/m
17:21:25.695 -> Flow rate: 66.67 L/m,,,,21:25.7,->,Flow rate:,66.67,L/m
17:21:25.790 -> Flow rate: 58.33 L/m,,,,21:25.8,->,Flow rate:,58.33,L/m
17:21:25.884 -> Flow rate: 58.33 L/m,,,,21:25.9,->,Flow rate:,58.33,L/m
17:21:25.980 -> Flow rate: 58.33 L/m,,,,21:26.0,->,Flow rate:,58.33,L/m
17:21:26.076 -> Flow rate: 58.33 L/m,,,,21:26.1,->,Flow rate:,58.33,L/m
17:21:26.171 -> Flow rate: 58.33 L/m,,,,21:26.2,->,Flow rate:,58.33,L/m
17:21:26.268 -> Flow rate: 58.33 L/m,,,,21:26.3,->,Flow rate:,58.33,L/m
17:21:26.363 -> Flow rate: 58.33 L/m,,,,21:26.4,->,Flow rate:,58.33,L/m
17:21:26.505 -> Flow rate: 66.67 L/m,,,,21:26.5,->,Flow rate:,66.67,L/m
17:21:26.601 -> Flow rate: 58.33 L/m,,,,21:26.6,->,Flow rate:,58.33,L/m
17:21:26.695 -> Flow rate: 58.33 L/m,,,,21:26.7,->,Flow rate:,58.33,L/m
17:21:26.790 -> Flow rate: 58.33 L/m,,,,21:26.8,->,Flow rate:,58.33,L/m
17:21:26.886 -> Flow rate: 58.33 L/m,,,,21:26.9,->,Flow rate:,58.33,L/m
17:21:26.981 -> Flow rate: 58.33 L/m,,,,21:27.0,->,Flow rate:,58.33,L/m
17:21:27.061 -> Flow rate: 58.33 L/m,,,,21:27.1,->,Flow rate:,58.33,L/m
17:21:27.157 -> Flow rate: 58.33 L/m,,,,21:27.2,->,Flow rate:,58.33,L/m
17:21:27.301 -> Flow rate: 66.67 L/m,,,,21:27.3,->,Flow rate:,66.67,L/m
17:21:27.395 -> Flow rate: 58.33 L/m,,,,21:27.4,->,Flow rate:,58.33,L/m
17:21:27.491 -> Flow rate: 58.33 L/m,,,,21:27.5,->,Flow rate:,58.33,L/m
17:21:27.586 -> Flow rate: 58.33 L/m,,,,21:27.6,->,Flow rate:,58.33,L/m
17:21:27.682 -> Flow rate: 58.33 L/m,,,,21:27.7,->,Flow rate:,58.33,L/m
17:21:27.779 -> Flow rate: 58.33 L/m,,,,21:27.8,->,Flow rate:,58.33,L/m
17:21:27.872 -> Flow rate: 66.67 L/m,,,,21:27.9,->,Flow rate:,66.67,L/m
17:21:27.967 -> Flow rate: 58.33 L/m,,,,21:28.0,->,Flow rate:,58.33,L/m
17:21:28.095 -> Flow rate: 58.33 L/m,,,,21:28.1,->,Flow rate:,58.33,L/m
17:21:28.191 -> Flow rate: 58.33 L/m,,,,21:28.2,->,Flow rate:,58.33,L/m
17:21:28.285 -> Flow rate: 58.33 L/m,,,,21:28.3,->,Flow rate:,58.33,L/m
17:21:28.379 -> Flow rate: 58.33 L/m,,,,21:28.4,->,Flow rate:,58.33,L/m
17:21:28.474 -> Flow rate: 58.33 L/m,,,,21:28.5,->,Flow rate:,58.33,L/m
17:21:28.570 -> Flow rate: 66.67 L/m,,,,21:28.6,->,Flow rate:,66.67,L/m
17:21:28.667 -> Flow rate: 58.33 L/m,,,,21:28.7,->,Flow rate:,58.33,L/m
17:21:28.762 -> Flow rate: 58.33 L/m,,,,21:28.8,->,Flow rate:,58.33,L/m
17:21:28.905 -> Flow rate: 58.33 L/m,,,,21:28.9,->,Flow rate:,58.33,L/m
17:21:29.001 -> Flow rate: 58.33 L/m,,,,21:29.0,->,Flow rate:,58.33,L/m
17:21:29.095 -> Flow rate: 58.33 L/m,,,,21:29.1,->,Flow rate:,58.33,L/m
17:21:29.189 -> Flow rate: 58.33 L/m,,,,21:29.2,->,Flow rate:,58.33,L/m
17:21:29.284 -> Flow rate: 58.33 L/m,,,,21:29.3,->,Flow rate:,58.33,L/m
17:21:29.379 -> Flow rate: 58.33 L/m,,,,21:29.4,->,Flow rate:,58.33,L/m
17:21:29.474 -> Flow rate: 66.67 L/m,,,,21:29.5,->,Flow rate:,66.67,L/m
17:21:29.554 -> Flow rate: 58.33 L/m,,,,21:29.6,->,Flow rate:,58.33,L/m
17:21:29.681 -> Flow rate: 58.33 L/m,,,,21:29.7,->,Flow rate:,58.33,L/m
17:21:29.776 -> Flow rate: 58.33 L/m,,,,21:29.8,->,Flow rate:,58.33,L/m
17:21:29.871 -> Flow rate: 58.33 L/m,,,,21:29.9,->,Flow rate:,58.33,L/m
17:21:29.966 -> Flow rate: 58.33 L/m,,,,21:30.0,->,Flow rate:,58.33,L/m
17:21:30.061 -> Flow rate: 58.33 L/m,,,,21:30.1,->,Flow rate:,58.33,L/m
17:21:30.205 -> Flow rate: 58.33 L/m,,,,21:30.2,->,Flow rate:,58.33,L/m
17:21:30.301 -> Flow rate: 58.33 L/m,,,,21:30.3,->,Flow rate:,58.33,L/m
17:21:30.395 -> Flow rate: 66.67 L/m,,,,21:30.4,->,Flow rate:,66.67,L/m
17:21:30.490 -> Flow rate: 58.33 L/m,,,,21:30.5,->,Flow rate:,58.33,L/m
17:21:30.585 -> Flow rate: 58.33 L/m,,,,21:30.6,->,Flow rate:,58.33,L/m
17:21:30.681 -> Flow rate: 58.33 L/m,,,,21:30.7,->,Flow rate:,58.33,L/m
17:21:30.760 -> Flow rate: 58.33 L/m,,,,21:30.8,->,Flow rate:,58.33,L/m
17:21:30.902 -> Flow rate: 58.33 L/m,,,,21:30.9,->,Flow rate:,58.33,L/m
17:21:30.982 -> Flow rate: 58.33 L/m,,,,21:31.0,->,Flow rate:,58.33,L/m
17:21:31.061 -> Flow rate: 66.67 L/m,,,,21:31.1,->,Flow rate:,66.67,L/m
17:21:31.189 -> Flow rate: 58.33 L/m,,,,21:31.2,->,Flow rate:,58.33,L/m
17:21:31.283 -> Flow rate: 58.33 L/m,,,,21:31.3,->,Flow rate:,58.33,L/m
17:21:31.379 -> Flow rate: 58.33 L/m,,,,21:31.4,->,Flow rate:,58.33,L/m
17:21:31.506 -> Flow rate: 58.33 L/m,,,,21:31.5,->,Flow rate:,58.33,L/m
17:21:31.601 -> Flow rate: 58.33 L/m,,,,21:31.6,->,Flow rate:,58.33,L/m
17:21:31.696 -> Flow rate: 58.33 L/m,,,,21:31.7,->,Flow rate:,58.33,L/m
17:21:31.791 -> Flow rate: 66.67 L/m,,,,21:31.8,->,Flow rate:,66.67,L/m
17:21:31.885 -> Flow rate: 58.33 L/m,,,,21:31.9,->,Flow rate:,58.33,L/m
17:21:31.980 -> Flow rate: 58.33 L/m,,,,21:32.0,->,Flow rate:,58.33,L/m
17:21:32.075 -> Flow rate: 58.33 L/m,,,,21:32.1,->,Flow rate:,58.33,L/m
17:21:32.169 -> Flow rate: 58.33 L/m,,,,21:32.2,->,Flow rate:,58.33,L/m
17:21:32.265 -> Flow rate: 58.33 L/m,,,,21:32.3,->,Flow rate:,58.33,L/m
17:21:32.392 -> Flow rate: 58.33 L/m,,,,21:32.4,->,Flow rate:,58.33,L/m
17:21:32.487 -> Flow rate: 58.33 L/m,,,,21:32.5,->,Flow rate:,58.33,L/m
17:21:32.581 -> Flow rate: 66.67 L/m,,,,21:32.6,->,Flow rate:,66.67,L/m
17:21:32.677 -> Flow rate: 58.33 L/m,,,,21:32.7,->,Flow rate:,58.33,L/m
17:21:32.772 -> Flow rate: 58.33 L/m,,,,21:32.8,->,Flow rate:,58.33,L/m
17:21:32.868 -> Flow rate: 58.33 L/m,,,,21:32.9,->,Flow rate:,58.33,L/m
17:21:32.963 -> Flow rate: 58.33 L/m,,,,21:33.0,->,Flow rate:,58.33,L/m
17:21:33.059 -> Flow rate: 58.33 L/m,,,,21:33.1,->,Flow rate:,58.33,L/m
17:21:33.200 -> Flow rate: 58.33 L/m,,,,21:33.2,->,Flow rate:,58.33,L/m
17:21:33.281 -> Flow rate: 66.67 L/m,,,,21:33.3,->,Flow rate:,66.67,L/m
17:21:33.377 -> Flow rate: 58.33 L/m,,,,21:33.4,->,Flow rate:,58.33,L/m
17:21:33.472 -> Flow rate: 58.33 L/m,,,,21:33.5,->,Flow rate:,58.33,L/m
17:21:33.567 -> Flow rate: 58.33 L/m,,,,21:33.6,->,Flow rate:,58.33,L/m
17:21:33.662 -> Flow rate: 58.33 L/m,,,,21:33.7,->,Flow rate:,58.33,L/m
17:21:33.804 -> Flow rate: 58.33 L/m,,,,21:33.8,->,Flow rate:,58.33,L/m
17:21:33.898 -> Flow rate: 58.33 L/m,,,,21:33.9,->,Flow rate:,58.33,L/m
17:21:33.993 -> Flow rate: 66.67 L/m,,,,21:34.0,->,Flow rate:,66.67,L/m
17:21:34.088 -> Flow rate: 58.33 L/m,,,,21:34.1,->,Flow rate:,58.33,L/m
17:21:34.182 -> Flow rate: 58.33 L/m,,,,21:34.2,->,Flow rate:,58.33,L/m
17:21:34.278 -> Flow rate: 58.33 L/m,,,,21:34.3,->,Flow rate:,58.33,L/m
17:21:34.372 -> Flow rate: 58.33 L/m,,,,21:34.4,->,Flow rate:,58.33,L/m
17:21:34.467 -> Flow rate: 58.33 L/m,,,,21:34.5,->,Flow rate:,58.33,L/m
17:21:34.561 -> Flow rate: 58.33 L/m,,,,21:34.6,->,Flow rate:,58.33,L/m
17:21:34.704 -> Flow rate: 58.33 L/m,,,,21:34.7,->,Flow rate:,58.33,L/m
17:21:34.798 -> Flow rate: 58.33 L/m,,,,21:34.8,->,Flow rate:,58.33,L/m
17:21:34.894 -> Flow rate: 66.67 L/m,,,,21:34.9,->,Flow rate:,66.67,L/m
17:21:34.973 -> Flow rate: 58.33 L/m,,,,21:35.0,->,Flow rate:,58.33,L/m
17:21:35.102 -> Flow rate: 58.33 L/m,,,,21:35.1,->,Flow rate:,58.33,L/m
17:21:35.198 -> Flow rate: 58.33 L/m,,,,21:35.2,->,Flow rate:,58.33,L/m
17:21:35.294 -> Flow rate: 58.33 L/m,,,,21:35.3,->,Flow rate:,58.33,L/m
17:21:35.390 -> Flow rate: 58.33 L/m,,,,21:35.4,->,Flow rate:,58.33,L/m
17:21:35.484 -> Flow rate: 58.33 L/m,,,,21:35.5,->,Flow rate:,58.33,L/m
17:21:35.579 -> Flow rate: 66.67 L/m,,,,21:35.6,->,Flow rate:,66.67,L/m
17:21:35.659 -> Flow rate: 58.33 L/m,,,,21:35.7,->,Flow rate:,58.33,L/m
17:21:35.802 -> Flow rate: 58.33 L/m,,,,21:35.8,->,Flow rate:,58.33,L/m
17:21:35.896 -> Flow rate: 58.33 L/m,,,,21:35.9,->,Flow rate:,58.33,L/m
17:21:35.976 -> Flow rate: 58.33 L/m,,,,21:36.0,->,Flow rate:,58.33,L/m
17:21:36.072 -> Flow rate: 66.67 L/m,,,,21:36.1,->,Flow rate:,66.67,L/m
17:21:36.168 -> Flow rate: 58.33 L/m,,,,21:36.2,->,Flow rate:,58.33,L/m
17:21:36.263 -> Flow rate: 58.33 L/m,,,,21:36.3,->,Flow rate:,58.33,L/m
17:21:36.405 -> Flow rate: 58.33 L/m,,,,21:36.4,->,Flow rate:,58.33,L/m
17:21:36.500 -> Flow rate: 58.33 L/m,,,,21:36.5,->,Flow rate:,58.33,L/m
17:21:36.594 -> Flow rate: 58.33 L/m,,,,21:36.6,->,Flow rate:,58.33,L/m
17:21:36.674 -> Flow rate: 58.33 L/m,,,,21:36.7,->,Flow rate:,58.33,L/m
17:21:36.768 -> Flow rate: 58.33 L/m,,,,21:36.8,->,Flow rate:,58.33,L/m
17:21:36.863 -> Flow rate: 58.33 L/m,,,,21:36.9,->,Flow rate:,58.33,L/m
17:21:37.006 -> Flow rate: 58.33 L/m,,,,21:37.0,->,Flow rate:,58.33,L/m
17:21:37.085 -> Flow rate: 66.67 L/m,,,,21:37.1,->,Flow rate:,66.67,L/m
17:21:37.180 -> Flow rate: 58.33 L/m,,,,21:37.2,->,Flow rate:,58.33,L/m
17:21:37.274 -> Flow rate: 58.33 L/m,,,,21:37.3,->,Flow rate:,58.33,L/m
17:21:37.368 -> Flow rate: 58.33 L/m,,,,21:37.4,->,Flow rate:,58.33,L/m
17:21:37.495 -> Flow rate: 58.33 L/m,,,,21:37.5,->,Flow rate:,58.33,L/m
17:21:37.590 -> Flow rate: 58.33 L/m,,,,21:37.6,->,Flow rate:,58.33,L/m
17:21:37.684 -> Flow rate: 58.33 L/m,,,,21:37.7,->,Flow rate:,58.33,L/m
17:21:37.779 -> Flow rate: 58.33 L/m,,,,21:37.8,->,Flow rate:,58.33,L/m
17:21:37.873 -> Flow rate: 58.33 L/m,,,,21:37.9,->,Flow rate:,58.33,L/m
17:21:37.967 -> Flow rate: 58.33 L/m,,,,21:38.0,->,Flow rate:,58.33,L/m
17:21:38.062 -> Flow rate: 58.33 L/m,,,,21:38.1,->,Flow rate:,58.33,L/m
17:21:38.205 -> Flow rate: 58.33 L/m,,,,21:38.2,->,Flow rate:,58.33,L/m
17:21:38.298 -> Flow rate: 58.33 L/m,,,,21:38.3,->,Flow rate:,58.33,L/m
17:21:38.392 -> Flow rate: 58.33 L/m,,,,21:38.4,->,Flow rate:,58.33,L/m
17:21:38.486 -> Flow rate: 58.33 L/m,,,,21:38.5,->,Flow rate:,58.33,L/m
17:21:38.580 -> Flow rate: 58.33 L/m,,,,21:38.6,->,Flow rate:,58.33,L/m
17:21:38.674 -> Flow rate: 58.33 L/m,,,,21:38.7,->,Flow rate:,58.33,L/m
17:21:38.768 -> Flow rate: 58.33 L/m,,,,21:38.8,->,Flow rate:,58.33,L/m
17:21:38.862 -> Flow rate: 58.33 L/m,,,,21:38.9,->,Flow rate:,58.33,L/m
17:21:39.004 -> Flow rate: 58.33 L/m,,,,21:39.0,->,Flow rate:,58.33,L/m
17:21:39.099 -> Flow rate: 58.33 L/m,,,,21:39.1,->,Flow rate:,58.33,L/m
17:21:39.194 -> Flow rate: 58.33 L/m,,,,21:39.2,->,Flow rate:,58.33,L/m
17:21:39.287 -> Flow rate: 58.33 L/m,,,,21:39.3,->,Flow rate:,58.33,L/m
