TimeStamp,,,,TimeStamp,,Specification,Unit,Value
14:19:19.094 -> The value of current in ma : 0.00,,,,19:19.1,->,current ,ma,0
14:19:19.205 -> The value of current in ma : 0.00,,,,19:19.2,->,current ,ma,0
14:19:25.869 -> The value of current in ma : 0.00,,,,19:25.9,->,current ,ma,0
14:19:25.964 -> The value of current in ma : 0.00,,,,19:26.0,->,current ,ma,0
14:19:26.105 -> The value of current in ma : 10083.25,,,,19:26.1,->,current ,ma,10083.25
14:19:26.247 -> The value of current in ma : 7810.66,,,,19:26.2,->,current ,ma,7810.66
14:19:26.342 -> The value of current in ma : 8110.18,,,,19:26.3,->,current ,ma,8110.18
14:19:26.482 -> The value of current in ma : 8110.18,,,,19:26.5,->,current ,ma,8110.18
14:19:26.577 -> The value of current in ma : 8202.35,,,,19:26.6,->,current ,ma,8202.35
14:19:26.718 -> The value of current in ma : 8133.23,,,,19:26.7,->,current ,ma,8133.23
14:19:26.813 -> The value of current in ma : 8087.14,,,,19:26.8,->,current ,ma,8087.14
14:19:26.955 -> The value of current in ma : 8041.06,,,,19:27.0,->,current ,ma,8041.06
14:19:27.050 -> The value of current in ma : 8110.18,,,,19:27.1,->,current ,ma,8110.18
14:19:27.192 -> The value of current in ma : 8018.02,,,,19:27.2,->,current ,ma,8018.02
14:19:27.287 -> The value of current in ma : 8064.10,,,,19:27.3,->,current ,ma,8064.1
14:19:27.429 -> The value of current in ma : 8064.10,,,,19:27.4,->,current ,ma,8064.1
14:19:27.571 -> The value of current in ma : 8133.23,,,,19:27.6,->,current ,ma,8133.23
14:19:27.665 -> The value of current in ma : 8018.02,,,,19:27.7,->,current ,ma,8018.02
14:19:27.807 -> The value of current in ma : 8064.10,,,,19:27.8,->,current ,ma,8064.1
14:19:27.902 -> The value of current in ma : 8087.14,,,,19:27.9,->,current ,ma,8087.14
14:19:28.044 -> The value of current in ma : 8156.27,,,,19:28.0,->,current ,ma,8156.27
14:19:28.187 -> The value of current in ma : 8041.06,,,,19:28.2,->,current ,ma,8041.06
14:19:28.281 -> The value of current in ma : 8087.14,,,,19:28.3,->,current ,ma,8087.14
14:19:28.423 -> The value of current in ma : 8087.14,,,,19:28.4,->,current ,ma,8087.14
14:19:28.517 -> The value of current in ma : 8087.14,,,,19:28.5,->,current ,ma,8087.14
14:19:28.659 -> The value of current in ma : 8064.10,,,,19:28.7,->,current ,ma,8064.1
14:19:28.756 -> The value of current in ma : 8018.02,,,,19:28.8,->,current ,ma,8018.02
14:19:28.897 -> The value of current in ma : 8110.18,,,,19:28.9,->,current ,ma,8110.18
14:19:28.992 -> The value of current in ma : 8018.02,,,,19:29.0,->,current ,ma,8018.02
14:19:29.134 -> The value of current in ma : 8041.06,,,,19:29.1,->,current ,ma,8041.06
14:19:29.229 -> The value of current in ma : 8064.10,,,,19:29.2,->,current ,ma,8064.1
14:19:29.371 -> The value of current in ma : 8018.02,,,,19:29.4,->,current ,ma,8018.02
14:19:29.514 -> The value of current in ma : 8064.10,,,,19:29.5,->,current ,ma,8064.1
14:19:29.608 -> The value of current in ma : 8179.31,,,,19:29.6,->,current ,ma,8179.31
14:19:29.751 -> The value of current in ma : 8202.35,,,,19:29.8,->,current ,ma,8202.35
14:19:29.846 -> The value of current in ma : 8179.31,,,,19:29.8,->,current ,ma,8179.31
14:19:29.987 -> The value of current in ma : 8271.47,,,,19:30.0,->,current ,ma,8271.47
14:19:30.084 -> The value of current in ma : 8179.31,,,,19:30.1,->,current ,ma,8179.31
14:19:30.227 -> The value of current in ma : 8156.27,,,,19:30.2,->,current ,ma,8156.27
14:19:30.322 -> The value of current in ma : 8110.18,,,,19:30.3,->,current ,ma,8110.18
14:19:30.464 -> The value of current in ma : 8064.10,,,,19:30.5,->,current ,ma,8064.1
14:19:30.606 -> The value of current in ma : 8087.14,,,,19:30.6,->,current ,ma,8087.14
14:19:30.701 -> The value of current in ma : 8041.06,,,,19:30.7,->,current ,ma,8041.06
14:19:30.842 -> The value of current in ma : 8064.10,,,,19:30.8,->,current ,ma,8064.1
14:19:30.938 -> The value of current in ma : 8064.10,,,,19:30.9,->,current ,ma,8064.1
14:19:31.080 -> The value of current in ma : 8018.02,,,,19:31.1,->,current ,ma,8018.02
14:19:31.175 -> The value of current in ma : 8041.06,,,,19:31.2,->,current ,ma,8041.06
14:19:31.317 -> The value of current in ma : 8064.10,,,,19:31.3,->,current ,ma,8064.1
14:19:31.412 -> The value of current in ma : 8087.14,,,,19:31.4,->,current ,ma,8087.14
14:19:31.553 -> The value of current in ma : 8087.14,,,,19:31.6,->,current ,ma,8087.14
14:19:31.696 -> The value of current in ma : 8041.06,,,,19:31.7,->,current ,ma,8041.06
14:19:31.790 -> The value of current in ma : 8110.18,,,,19:31.8,->,current ,ma,8110.18
14:19:31.932 -> The value of current in ma : 8041.06,,,,19:31.9,->,current ,ma,8041.06
14:19:32.027 -> The value of current in ma : 7994.98,,,,19:32.0,->,current ,ma,7994.98
14:19:32.169 -> The value of current in ma : 8087.14,,,,19:32.2,->,current ,ma,8087.14
14:19:32.296 -> The value of current in ma : 8087.14,,,,19:32.3,->,current ,ma,8087.14
14:19:32.391 -> The value of current in ma : 8064.10,,,,19:32.4,->,current ,ma,8064.1
14:19:32.533 -> The value of current in ma : 8064.10,,,,19:32.5,->,current ,ma,8064.1
14:19:32.628 -> The value of current in ma : 8087.14,,,,19:32.6,->,current ,ma,8087.14
14:19:32.769 -> The value of current in ma : 8018.02,,,,19:32.8,->,current ,ma,8018.02
14:19:32.897 -> The value of current in ma : 8041.06,,,,19:32.9,->,current ,ma,8041.06
14:19:32.991 -> The value of current in ma : 8064.10,,,,19:33.0,->,current ,ma,8064.1
14:19:33.133 -> The value of current in ma : 8064.10,,,,19:33.1,->,current ,ma,8064.1
14:19:33.276 -> The value of current in ma : 7948.90,,,,19:33.3,->,current ,ma,7948.9
14:19:33.371 -> The value of current in ma : 7948.90,,,,19:33.4,->,current ,ma,7948.9
14:19:33.513 -> The value of current in ma : 7971.94,,,,19:33.5,->,current ,ma,7971.94
14:19:33.607 -> The value of current in ma : 8041.06,,,,19:33.6,->,current ,ma,8041.06
14:19:33.748 -> The value of current in ma : 7925.86,,,,19:33.7,->,current ,ma,7925.86
14:19:33.843 -> The value of current in ma : 7948.90,,,,19:33.8,->,current ,ma,7948.9
14:19:33.986 -> The value of current in ma : 7994.98,,,,19:34.0,->,current ,ma,7994.98
14:19:34.081 -> The value of current in ma : 7948.90,,,,19:34.1,->,current ,ma,7948.9
14:19:34.223 -> The value of current in ma : 7994.98,,,,19:34.2,->,current ,ma,7994.98
14:19:34.349 -> The value of current in ma : 7948.90,,,,19:34.3,->,current ,ma,7948.9
14:19:34.444 -> The value of current in ma : 8087.14,,,,19:34.4,->,current ,ma,8087.14
14:19:34.585 -> The value of current in ma : 7971.94,,,,19:34.6,->,current ,ma,7971.94
14:19:34.728 -> The value of current in ma : 7925.86,,,,19:34.7,->,current ,ma,7925.86
14:19:34.807 -> The value of current in ma : 7971.94,,,,19:34.8,->,current ,ma,7971.94
14:19:34.933 -> The value of current in ma : 7994.98,,,,19:34.9,->,current ,ma,7994.98
14:19:35.075 -> The value of current in ma : 7948.90,,,,19:35.1,->,current ,ma,7948.9
14:19:35.170 -> The value of current in ma : 7994.98,,,,19:35.2,->,current ,ma,7994.98
14:19:35.312 -> The value of current in ma : 8018.02,,,,19:35.3,->,current ,ma,8018.02
14:19:35.440 -> The value of current in ma : 7971.94,,,,19:35.4,->,current ,ma,7971.94
14:19:35.535 -> The value of current in ma : 8018.02,,,,19:35.5,->,current ,ma,8018.02
14:19:35.677 -> The value of current in ma : 7971.94,,,,19:35.7,->,current ,ma,7971.94
14:19:35.820 -> The value of current in ma : 8064.10,,,,19:35.8,->,current ,ma,8064.1
14:19:35.930 -> The value of current in ma : 8064.10,,,,19:35.9,->,current ,ma,8064.1
14:19:36.025 -> The value of current in ma : 7948.90,,,,19:36.0,->,current ,ma,7948.9
14:19:36.166 -> The value of current in ma : 8041.06,,,,19:36.2,->,current ,ma,8041.06
14:19:36.259 -> The value of current in ma : 7925.86,,,,19:36.3,->,current ,ma,7925.86
14:19:36.400 -> The value of current in ma : 7994.98,,,,19:36.4,->,current ,ma,7994.98
14:19:36.542 -> The value of current in ma : 8041.06,,,,19:36.5,->,current ,ma,8041.06
14:19:36.637 -> The value of current in ma : 8018.02,,,,19:36.6,->,current ,ma,8018.02
14:19:36.778 -> The value of current in ma : 7948.90,,,,19:36.8,->,current ,ma,7948.9
14:19:36.871 -> The value of current in ma : 7994.98,,,,19:36.9,->,current ,ma,7994.98
14:19:37.012 -> The value of current in ma : 8018.02,,,,19:37.0,->,current ,ma,8018.02
14:19:37.106 -> The value of current in ma : 7971.94,,,,19:37.1,->,current ,ma,7971.94
14:19:37.246 -> The value of current in ma : 7971.94,,,,19:37.2,->,current ,ma,7971.94
14:19:37.387 -> The value of current in ma : 7994.98,,,,19:37.4,->,current ,ma,7994.98
14:19:37.481 -> The value of current in ma : 7994.98,,,,19:37.5,->,current ,ma,7994.98
14:19:37.623 -> The value of current in ma : 8087.14,,,,19:37.6,->,current ,ma,8087.14
14:19:37.718 -> The value of current in ma : 8018.02,,,,19:37.7,->,current ,ma,8018.02
14:19:37.858 -> The value of current in ma : 8064.10,,,,19:37.9,->,current ,ma,8064.1
14:19:37.999 -> The value of current in ma : 7971.94,,,,19:38.0,->,current ,ma,7971.94
14:19:38.093 -> The value of current in ma : 7902.82,,,,19:38.1,->,current ,ma,7902.82
14:19:38.234 -> The value of current in ma : 8041.06,,,,19:38.2,->,current ,ma,8041.06
14:19:38.327 -> The value of current in ma : 7971.94,,,,19:38.3,->,current ,ma,7971.94
14:19:38.469 -> The value of current in ma : 7994.98,,,,19:38.5,->,current ,ma,7994.98
14:19:38.563 -> The value of current in ma : 7971.94,,,,19:38.6,->,current ,ma,7971.94
14:19:38.705 -> The value of current in ma : 7948.90,,,,19:38.7,->,current ,ma,7948.9
14:19:38.846 -> The value of current in ma : 7994.98,,,,19:38.8,->,current ,ma,7994.98
14:19:38.939 -> The value of current in ma : 7994.98,,,,19:38.9,->,current ,ma,7994.98
14:19:39.080 -> The value of current in ma : 7971.94,,,,19:39.1,->,current ,ma,7971.94
14:19:39.174 -> The value of current in ma : 7994.98,,,,19:39.2,->,current ,ma,7994.98
14:19:39.314 -> The value of current in ma : 7971.94,,,,19:39.3,->,current ,ma,7971.94
14:19:39.409 -> The value of current in ma : 8018.02,,,,19:39.4,->,current ,ma,8018.02
14:19:39.549 -> The value of current in ma : 7971.94,,,,19:39.5,->,current ,ma,7971.94
14:19:39.691 -> The value of current in ma : 7856.74,,,,19:39.7,->,current ,ma,7856.74
14:19:39.785 -> The value of current in ma : 7902.82,,,,19:39.8,->,current ,ma,7902.82
14:19:39.926 -> The value of current in ma : 8018.02,,,,19:39.9,->,current ,ma,8018.02
14:19:40.021 -> The value of current in ma : 7994.98,,,,19:40.0,->,current ,ma,7994.98
14:19:40.163 -> The value of current in ma : 7925.86,,,,19:40.2,->,current ,ma,7925.86
14:19:40.258 -> The value of current in ma : 8041.06,,,,19:40.3,->,current ,ma,8041.06
14:19:40.400 -> The value of current in ma : 7948.90,,,,19:40.4,->,current ,ma,7948.9
14:19:40.542 -> The value of current in ma : 7971.94,,,,19:40.5,->,current ,ma,7971.94
14:19:40.637 -> The value of current in ma : 7994.98,,,,19:40.6,->,current ,ma,7994.98
14:19:40.779 -> The value of current in ma : 7925.86,,,,19:40.8,->,current ,ma,7925.86
14:19:40.874 -> The value of current in ma : 7925.86,,,,19:40.9,->,current ,ma,7925.86
14:19:41.017 -> The value of current in ma : 7994.98,,,,19:41.0,->,current ,ma,7994.98
14:19:41.144 -> The value of current in ma : 7971.94,,,,19:41.1,->,current ,ma,7971.94
14:19:41.237 -> The value of current in ma : 7925.86,,,,19:41.2,->,current ,ma,7925.86
14:19:41.380 -> The value of current in ma : 7925.86,,,,19:41.4,->,current ,ma,7925.86
14:19:41.475 -> The value of current in ma : 7925.86,,,,19:41.5,->,current ,ma,7925.86
14:19:41.616 -> The value of current in ma : 7971.94,,,,19:41.6,->,current ,ma,7971.94
14:19:41.711 -> The value of current in ma : 7925.86,,,,19:41.7,->,current ,ma,7925.86
14:19:41.853 -> The value of current in ma : 7948.90,,,,19:41.9,->,current ,ma,7948.9
14:19:41.949 -> The value of current in ma : 7948.90,,,,19:41.9,->,current ,ma,7948.9
14:19:42.076 -> The value of current in ma : 8018.02,,,,19:42.1,->,current ,ma,8018.02
14:19:42.218 -> The value of current in ma : 7971.94,,,,19:42.2,->,current ,ma,7971.94
14:19:42.313 -> The value of current in ma : 7971.94,,,,19:42.3,->,current ,ma,7971.94
14:19:42.440 -> The value of current in ma : 8018.02,,,,19:42.4,->,current ,ma,8018.02
14:19:42.582 -> The value of current in ma : 7971.94,,,,19:42.6,->,current ,ma,7971.94
14:19:42.724 -> The value of current in ma : 7994.98,,,,19:42.7,->,current ,ma,7994.98
14:19:42.818 -> The value of current in ma : 8064.10,,,,19:42.8,->,current ,ma,8064.1
14:19:42.961 -> The value of current in ma : 7994.98,,,,19:43.0,->,current ,ma,7994.98
14:19:43.055 -> The value of current in ma : 7971.94,,,,19:43.1,->,current ,ma,7971.94
14:19:43.198 -> The value of current in ma : 7925.86,,,,19:43.2,->,current ,ma,7925.86
14:19:43.293 -> The value of current in ma : 7971.94,,,,19:43.3,->,current ,ma,7971.94
14:19:43.421 -> The value of current in ma : 7971.94,,,,19:43.4,->,current ,ma,7971.94
14:19:43.563 -> The value of current in ma : 7971.94,,,,19:43.6,->,current ,ma,7971.94
14:19:43.659 -> The value of current in ma : 7948.90,,,,19:43.7,->,current ,ma,7948.9
14:19:43.800 -> The value of current in ma : 7971.94,,,,19:43.8,->,current ,ma,7971.94
14:19:43.895 -> The value of current in ma : 7902.82,,,,19:43.9,->,current ,ma,7902.82
14:19:44.038 -> The value of current in ma : 7879.78,,,,19:44.0,->,current ,ma,7879.78
14:19:44.132 -> The value of current in ma : 7971.94,,,,19:44.1,->,current ,ma,7971.94
14:19:44.273 -> The value of current in ma : 7925.86,,,,19:44.3,->,current ,ma,7925.86
14:19:44.416 -> The value of current in ma : 7925.86,,,,19:44.4,->,current ,ma,7925.86
14:19:44.511 -> The value of current in ma : 7948.90,,,,19:44.5,->,current ,ma,7948.9
14:19:44.652 -> The value of current in ma : 7948.90,,,,19:44.7,->,current ,ma,7948.9
14:19:44.746 -> The value of current in ma : 7971.94,,,,19:44.7,->,current ,ma,7971.94
14:19:44.888 -> The value of current in ma : 7948.90,,,,19:44.9,->,current ,ma,7948.9
14:19:44.999 -> The value of current in ma : 7902.82,,,,19:45.0,->,current ,ma,7902.82
14:19:45.143 -> The value of current in ma : 7948.90,,,,19:45.1,->,current ,ma,7948.9
14:19:45.238 -> The value of current in ma : 7925.86,,,,19:45.2,->,current ,ma,7925.86
14:19:45.381 -> The value of current in ma : 7948.90,,,,19:45.4,->,current ,ma,7948.9
14:19:45.476 -> The value of current in ma : 7902.82,,,,19:45.5,->,current ,ma,7902.82
14:19:45.618 -> The value of current in ma : 7948.90,,,,19:45.6,->,current ,ma,7948.9
14:19:45.713 -> The value of current in ma : 7948.90,,,,19:45.7,->,current ,ma,7948.9
14:19:45.856 -> The value of current in ma : 7925.86,,,,19:45.9,->,current ,ma,7925.86
14:19:45.950 -> The value of current in ma : 7925.86,,,,19:45.9,->,current ,ma,7925.86
14:19:46.092 -> The value of current in ma : 8041.06,,,,19:46.1,->,current ,ma,8041.06
14:19:46.233 -> The value of current in ma : 7948.90,,,,19:46.2,->,current ,ma,7948.9
14:19:46.359 -> The value of current in ma : 7948.90,,,,19:46.4,->,current ,ma,7948.9
14:19:46.454 -> The value of current in ma : 7925.86,,,,19:46.5,->,current ,ma,7925.86
14:19:46.598 -> The value of current in ma : 7971.94,,,,19:46.6,->,current ,ma,7971.94
14:19:46.693 -> The value of current in ma : 7971.94,,,,19:46.7,->,current ,ma,7971.94
14:19:46.835 -> The value of current in ma : 7925.86,,,,19:46.8,->,current ,ma,7925.86
14:19:46.930 -> The value of current in ma : 7948.90,,,,19:46.9,->,current ,ma,7948.9
14:19:47.072 -> The value of current in ma : 7925.86,,,,19:47.1,->,current ,ma,7925.86
14:19:47.167 -> The value of current in ma : 7948.90,,,,19:47.2,->,current ,ma,7948.9
14:19:47.310 -> The value of current in ma : 8018.02,,,,19:47.3,->,current ,ma,8018.02
14:19:47.405 -> The value of current in ma : 7902.82,,,,19:47.4,->,current ,ma,7902.82
14:19:47.548 -> The value of current in ma : 7925.86,,,,19:47.5,->,current ,ma,7925.86
14:19:47.689 -> The value of current in ma : 7948.90,,,,19:47.7,->,current ,ma,7948.9
14:19:47.784 -> The value of current in ma : 7948.90,,,,19:47.8,->,current ,ma,7948.9
14:19:47.926 -> The value of current in ma : 7948.90,,,,19:47.9,->,current ,ma,7948.9
14:19:48.020 -> The value of current in ma : 7971.94,,,,19:48.0,->,current ,ma,7971.94
14:19:48.163 -> The value of current in ma : 7994.98,,,,19:48.2,->,current ,ma,7994.98
14:19:48.258 -> The value of current in ma : 7971.94,,,,19:48.3,->,current ,ma,7971.94
14:19:48.400 -> The value of current in ma : 7971.94,,,,19:48.4,->,current ,ma,7971.94
14:19:48.495 -> The value of current in ma : 7994.98,,,,19:48.5,->,current ,ma,7994.98
14:19:48.638 -> The value of current in ma : 7971.94,,,,19:48.6,->,current ,ma,7971.94
14:19:48.780 -> The value of current in ma : 7902.82,,,,19:48.8,->,current ,ma,7902.82
14:19:48.875 -> The value of current in ma : 7971.94,,,,19:48.9,->,current ,ma,7971.94
14:19:49.017 -> The value of current in ma : 7925.86,,,,19:49.0,->,current ,ma,7925.86
14:19:49.112 -> The value of current in ma : 7925.86,,,,19:49.1,->,current ,ma,7925.86
14:19:49.253 -> The value of current in ma : 7994.98,,,,19:49.3,->,current ,ma,7994.98
14:19:49.348 -> The value of current in ma : 7925.86,,,,19:49.3,->,current ,ma,7925.86
14:19:49.492 -> The value of current in ma : 7925.86,,,,19:49.5,->,current ,ma,7925.86
14:19:49.587 -> The value of current in ma : 7994.98,,,,19:49.6,->,current ,ma,7994.98
14:19:49.730 -> The value of current in ma : 7948.90,,,,19:49.7,->,current ,ma,7948.9
14:19:49.871 -> The value of current in ma : 7948.90,,,,19:49.9,->,current ,ma,7948.9
14:19:49.965 -> The value of current in ma : 7925.86,,,,19:50.0,->,current ,ma,7925.86
14:19:50.108 -> The value of current in ma : 7994.98,,,,19:50.1,->,current ,ma,7994.98
14:19:50.204 -> The value of current in ma : 7948.90,,,,19:50.2,->,current ,ma,7948.9
14:19:50.346 -> The value of current in ma : 7925.86,,,,19:50.3,->,current ,ma,7925.86
14:19:50.441 -> The value of current in ma : 7971.94,,,,19:50.4,->,current ,ma,7971.94
14:19:50.598 -> The value of current in ma : 7902.82,,,,19:50.6,->,current ,ma,7902.82
14:19:50.712 -> The value of current in ma : 7925.86,,,,19:50.7,->,current ,ma,7925.86
14:19:50.806 -> The value of current in ma : 7994.98,,,,19:50.8,->,current ,ma,7994.98
14:19:50.948 -> The value of current in ma : 7948.90,,,,19:50.9,->,current ,ma,7948.9
14:19:51.044 -> The value of current in ma : 7948.90,,,,19:51.0,->,current ,ma,7948.9
14:19:51.172 -> The value of current in ma : 7971.94,,,,19:51.2,->,current ,ma,7971.94
14:19:51.298 -> The value of current in ma : 7994.98,,,,19:51.3,->,current ,ma,7994.98
14:19:51.441 -> The value of current in ma : 7948.90,,,,19:51.4,->,current ,ma,7948.9
14:19:51.567 -> The value of current in ma : 7948.90,,,,19:51.6,->,current ,ma,7948.9
14:19:51.662 -> The value of current in ma : 7971.94,,,,19:51.7,->,current ,ma,7971.94
14:19:51.804 -> The value of current in ma : 7948.90,,,,19:51.8,->,current ,ma,7948.9
14:19:51.898 -> The value of current in ma : 7971.94,,,,19:51.9,->,current ,ma,7971.94
14:19:52.043 -> The value of current in ma : 7925.86,,,,19:52.0,->,current ,ma,7925.86
14:19:52.124 -> The value of current in ma : 8018.02,,,,19:52.1,->,current ,ma,8018.02
14:19:52.268 -> The value of current in ma : 7971.94,,,,19:52.3,->,current ,ma,7971.94
14:19:52.410 -> The value of current in ma : 7902.82,,,,19:52.4,->,current ,ma,7902.82
14:19:52.505 -> The value of current in ma : 7971.94,,,,19:52.5,->,current ,ma,7971.94
14:19:52.646 -> The value of current in ma : 7994.98,,,,19:52.6,->,current ,ma,7994.98
14:19:52.787 -> The value of current in ma : 7948.90,,,,19:52.8,->,current ,ma,7948.9
14:19:52.882 -> The value of current in ma : 7971.94,,,,19:52.9,->,current ,ma,7971.94
14:19:52.977 -> The value of current in ma : 7948.90,,,,19:53.0,->,current ,ma,7948.9
14:19:53.119 -> The value of current in ma : 7902.82,,,,19:53.1,->,current ,ma,7902.82
14:19:53.261 -> The value of current in ma : 7948.90,,,,19:53.3,->,current ,ma,7948.9
14:19:53.357 -> The value of current in ma : 7925.86,,,,19:53.4,->,current ,ma,7925.86
14:19:53.501 -> The value of current in ma : 7902.82,,,,19:53.5,->,current ,ma,7902.82
14:19:53.596 -> The value of current in ma : 7925.86,,,,19:53.6,->,current ,ma,7925.86
14:19:53.738 -> The value of current in ma : 7925.86,,,,19:53.7,->,current ,ma,7925.86
14:19:53.834 -> The value of current in ma : 7948.90,,,,19:53.8,->,current ,ma,7948.9
14:19:53.976 -> The value of current in ma : 7925.86,,,,19:54.0,->,current ,ma,7925.86
14:19:54.071 -> The value of current in ma : 7902.82,,,,19:54.1,->,current ,ma,7902.82
14:19:54.213 -> The value of current in ma : 8018.02,,,,19:54.2,->,current ,ma,8018.02
14:19:54.356 -> The value of current in ma : 7902.82,,,,19:54.4,->,current ,ma,7902.82
14:19:54.451 -> The value of current in ma : 7925.86,,,,19:54.5,->,current ,ma,7925.86
14:19:54.592 -> The value of current in ma : 7971.94,,,,19:54.6,->,current ,ma,7971.94
14:19:54.686 -> The value of current in ma : 7902.82,,,,19:54.7,->,current ,ma,7902.82
14:19:54.828 -> The value of current in ma : 7925.86,,,,19:54.8,->,current ,ma,7925.86
14:19:54.923 -> The value of current in ma : 7902.82,,,,19:54.9,->,current ,ma,7902.82
14:19:55.064 -> The value of current in ma : 7902.82,,,,19:55.1,->,current ,ma,7902.82
14:19:55.205 -> The value of current in ma : 7971.94,,,,19:55.2,->,current ,ma,7971.94
14:19:55.300 -> The value of current in ma : 7948.90,,,,19:55.3,->,current ,ma,7948.9
14:19:55.443 -> The value of current in ma : 7994.98,,,,19:55.4,->,current ,ma,7994.98
14:19:55.538 -> The value of current in ma : 7925.86,,,,19:55.5,->,current ,ma,7925.86
14:19:55.680 -> The value of current in ma : 7925.86,,,,19:55.7,->,current ,ma,7925.86
14:19:55.808 -> The value of current in ma : 7948.90,,,,19:55.8,->,current ,ma,7948.9
14:19:55.902 -> The value of current in ma : 7925.86,,,,19:55.9,->,current ,ma,7925.86
14:19:56.029 -> The value of current in ma : 7948.90,,,,19:56.0,->,current ,ma,7948.9
14:19:56.170 -> The value of current in ma : 7948.90,,,,19:56.2,->,current ,ma,7948.9
14:19:56.265 -> The value of current in ma : 7925.86,,,,19:56.3,->,current ,ma,7925.86
14:19:56.407 -> The value of current in ma : 7810.66,,,,19:56.4,->,current ,ma,7810.66
14:19:56.533 -> The value of current in ma : 7925.86,,,,19:56.5,->,current ,ma,7925.86
14:19:56.628 -> The value of current in ma : 7948.90,,,,19:56.6,->,current ,ma,7948.9
14:19:56.770 -> The value of current in ma : 7879.78,,,,19:56.8,->,current ,ma,7879.78
14:19:56.865 -> The value of current in ma : 7902.82,,,,19:56.9,->,current ,ma,7902.82
14:19:57.006 -> The value of current in ma : 7879.78,,,,19:57.0,->,current ,ma,7879.78
14:19:57.101 -> The value of current in ma : 7879.78,,,,19:57.1,->,current ,ma,7879.78
14:19:57.243 -> The value of current in ma : 7925.86,,,,19:57.2,->,current ,ma,7925.86
14:19:57.370 -> The value of current in ma : 7925.86,,,,19:57.4,->,current ,ma,7925.86
14:19:57.465 -> The value of current in ma : 7902.82,,,,19:57.5,->,current ,ma,7902.82
14:19:57.607 -> The value of current in ma : 7948.90,,,,19:57.6,->,current ,ma,7948.9
14:19:57.749 -> The value of current in ma : 7948.90,,,,19:57.7,->,current ,ma,7948.9
14:19:57.844 -> The value of current in ma : 7994.98,,,,19:57.8,->,current ,ma,7994.98
14:19:57.986 -> The value of current in ma : 7925.86,,,,19:58.0,->,current ,ma,7925.86
14:19:58.065 -> The value of current in ma : 7902.82,,,,19:58.1,->,current ,ma,7902.82
14:19:58.207 -> The value of current in ma : 7971.94,,,,19:58.2,->,current ,ma,7971.94
14:19:58.350 -> The value of current in ma : 7925.86,,,,19:58.3,->,current ,ma,7925.86
14:19:58.445 -> The value of current in ma : 7902.82,,,,19:58.4,->,current ,ma,7902.82
14:19:58.587 -> The value of current in ma : 7994.98,,,,19:58.6,->,current ,ma,7994.98
14:19:58.681 -> The value of current in ma : 7902.82,,,,19:58.7,->,current ,ma,7902.82
14:19:58.823 -> The value of current in ma : 7994.98,,,,19:58.8,->,current ,ma,7994.98
14:19:58.950 -> The value of current in ma : 7925.86,,,,19:59.0,->,current ,ma,7925.86
14:19:59.044 -> The value of current in ma : 7902.82,,,,19:59.0,->,current ,ma,7902.82
14:19:59.186 -> The value of current in ma : 7902.82,,,,19:59.2,->,current ,ma,7902.82
14:19:59.281 -> The value of current in ma : 7948.90,,,,19:59.3,->,current ,ma,7948.9
14:19:59.424 -> The value of current in ma : 7879.78,,,,19:59.4,->,current ,ma,7879.78
14:19:59.566 -> The value of current in ma : 7902.82,,,,19:59.6,->,current ,ma,7902.82
14:19:59.661 -> The value of current in ma : 7948.90,,,,19:59.7,->,current ,ma,7948.9
14:19:59.804 -> The value of current in ma : 7948.90,,,,19:59.8,->,current ,ma,7948.9
14:19:59.899 -> The value of current in ma : 7925.86,,,,19:59.9,->,current ,ma,7925.86
14:20:00.041 -> The value of current in ma : 7925.86,,,,20:00.0,->,current ,ma,7925.86
14:20:00.136 -> The value of current in ma : 7948.90,,,,20:00.1,->,current ,ma,7948.9
14:20:00.278 -> The value of current in ma : 7879.78,,,,20:00.3,->,current ,ma,7879.78
14:20:00.373 -> The value of current in ma : 7856.74,,,,20:00.4,->,current ,ma,7856.74
14:20:00.500 -> The value of current in ma : 7902.82,,,,20:00.5,->,current ,ma,7902.82
14:20:00.643 -> The value of current in ma : 7948.90,,,,20:00.6,->,current ,ma,7948.9
14:20:00.738 -> The value of current in ma : 7925.86,,,,20:00.7,->,current ,ma,7925.86
14:20:00.881 -> The value of current in ma : 7971.94,,,,20:00.9,->,current ,ma,7971.94
14:20:00.976 -> The value of current in ma : 7948.90,,,,20:01.0,->,current ,ma,7948.9
14:20:01.103 -> The value of current in ma : 7948.90,,,,20:01.1,->,current ,ma,7948.9
14:20:01.229 -> The value of current in ma : 7925.86,,,,20:01.2,->,current ,ma,7925.86
14:20:01.370 -> The value of current in ma : 7902.82,,,,20:01.4,->,current ,ma,7902.82
14:20:01.465 -> The value of current in ma : 7948.90,,,,20:01.5,->,current ,ma,7948.9
14:20:01.607 -> The value of current in ma : 7948.90,,,,20:01.6,->,current ,ma,7948.9
14:20:01.702 -> The value of current in ma : 7925.86,,,,20:01.7,->,current ,ma,7925.86
14:20:01.844 -> The value of current in ma : 7948.90,,,,20:01.8,->,current ,ma,7948.9
14:20:01.939 -> The value of current in ma : 7879.78,,,,20:01.9,->,current ,ma,7879.78
14:20:02.081 -> The value of current in ma : 7971.94,,,,20:02.1,->,current ,ma,7971.94
14:20:02.223 -> The value of current in ma : 7902.82,,,,20:02.2,->,current ,ma,7902.82
14:20:02.318 -> The value of current in ma : 7902.82,,,,20:02.3,->,current ,ma,7902.82
14:20:02.461 -> The value of current in ma : 7925.86,,,,20:02.5,->,current ,ma,7925.86
14:20:02.555 -> The value of current in ma : 7971.94,,,,20:02.6,->,current ,ma,7971.94
14:20:02.698 -> The value of current in ma : 7994.98,,,,20:02.7,->,current ,ma,7994.98
14:20:02.793 -> The value of current in ma : 7948.90,,,,20:02.8,->,current ,ma,7948.9
14:20:02.935 -> The value of current in ma : 7948.90,,,,20:02.9,->,current ,ma,7948.9
14:20:03.077 -> The value of current in ma : 7971.94,,,,20:03.1,->,current ,ma,7971.94
14:20:03.156 -> The value of current in ma : 7925.86,,,,20:03.2,->,current ,ma,7925.86
14:20:03.298 -> The value of current in ma : 7948.90,,,,20:03.3,->,current ,ma,7948.9
14:20:03.441 -> The value of current in ma : 7971.94,,,,20:03.4,->,current ,ma,7971.94
14:20:03.537 -> The value of current in ma : 7994.98,,,,20:03.5,->,current ,ma,7994.98
14:20:03.679 -> The value of current in ma : 7925.86,,,,20:03.7,->,current ,ma,7925.86
14:20:03.773 -> The value of current in ma : 7948.90,,,,20:03.8,->,current ,ma,7948.9
14:20:03.917 -> The value of current in ma : 7948.90,,,,20:03.9,->,current ,ma,7948.9
14:20:04.012 -> The value of current in ma : 7925.86,,,,20:04.0,->,current ,ma,7925.86
14:20:04.154 -> The value of current in ma : 7994.98,,,,20:04.2,->,current ,ma,7994.98
14:20:04.280 -> The value of current in ma : 7971.94,,,,20:04.3,->,current ,ma,7971.94
14:20:04.374 -> The value of current in ma : 7994.98,,,,20:04.4,->,current ,ma,7994.98
14:20:04.518 -> The value of current in ma : 7902.82,,,,20:04.5,->,current ,ma,7902.82
14:20:04.612 -> The value of current in ma : 7948.90,,,,20:04.6,->,current ,ma,7948.9
14:20:04.754 -> The value of current in ma : 7971.94,,,,20:04.8,->,current ,ma,7971.94
14:20:04.897 -> The value of current in ma : 7879.78,,,,20:04.9,->,current ,ma,7879.78
14:20:04.992 -> The value of current in ma : 7948.90,,,,20:05.0,->,current ,ma,7948.9
14:20:05.133 -> The value of current in ma : 7902.82,,,,20:05.1,->,current ,ma,7902.82
14:20:05.228 -> The value of current in ma : 7948.90,,,,20:05.2,->,current ,ma,7948.9
14:20:05.370 -> The value of current in ma : 7833.70,,,,20:05.4,->,current ,ma,7833.7
14:20:05.466 -> The value of current in ma : 7948.90,,,,20:05.5,->,current ,ma,7948.9
14:20:05.608 -> The value of current in ma : 7902.82,,,,20:05.6,->,current ,ma,7902.82
14:20:05.703 -> The value of current in ma : 7902.82,,,,20:05.7,->,current ,ma,7902.82
14:20:05.846 -> The value of current in ma : 7925.86,,,,20:05.8,->,current ,ma,7925.86
14:20:05.941 -> The value of current in ma : 7948.90,,,,20:05.9,->,current ,ma,7948.9
14:20:06.083 -> The value of current in ma : 7948.90,,,,20:06.1,->,current ,ma,7948.9
14:20:06.226 -> The value of current in ma : 7925.86,,,,20:06.2,->,current ,ma,7925.86
14:20:06.321 -> The value of current in ma : 7925.86,,,,20:06.3,->,current ,ma,7925.86
14:20:06.463 -> The value of current in ma : 7948.90,,,,20:06.5,->,current ,ma,7948.9
14:20:06.558 -> The value of current in ma : 7925.86,,,,20:06.6,->,current ,ma,7925.86
14:20:06.685 -> The value of current in ma : 7902.82,,,,20:06.7,->,current ,ma,7902.82
14:20:06.828 -> The value of current in ma : 7971.94,,,,20:06.8,->,current ,ma,7971.94
14:20:06.923 -> The value of current in ma : 7925.86,,,,20:06.9,->,current ,ma,7925.86
14:20:07.065 -> The value of current in ma : 7971.94,,,,20:07.1,->,current ,ma,7971.94
14:20:07.159 -> The value of current in ma : 7925.86,,,,20:07.2,->,current ,ma,7925.86
14:20:07.301 -> The value of current in ma : 7994.98,,,,20:07.3,->,current ,ma,7994.98
14:20:07.397 -> The value of current in ma : 7971.94,,,,20:07.4,->,current ,ma,7971.94
14:20:07.540 -> The value of current in ma : 7902.82,,,,20:07.5,->,current ,ma,7902.82
14:20:07.683 -> The value of current in ma : 7994.98,,,,20:07.7,->,current ,ma,7994.98
14:20:07.763 -> The value of current in ma : 7948.90,,,,20:07.8,->,current ,ma,7948.9
14:20:07.905 -> The value of current in ma : 7948.90,,,,20:07.9,->,current ,ma,7948.9
14:20:08.048 -> The value of current in ma : 7948.90,,,,20:08.0,->,current ,ma,7948.9
14:20:08.143 -> The value of current in ma : 8018.02,,,,20:08.1,->,current ,ma,8018.02
14:20:08.272 -> The value of current in ma : 7925.86,,,,20:08.3,->,current ,ma,7925.86
14:20:08.366 -> The value of current in ma : 8041.06,,,,20:08.4,->,current ,ma,8041.06
14:20:08.508 -> The value of current in ma : 7971.94,,,,20:08.5,->,current ,ma,7971.94
14:20:08.650 -> The value of current in ma : 7948.90,,,,20:08.7,->,current ,ma,7948.9
14:20:08.745 -> The value of current in ma : 7971.94,,,,20:08.7,->,current ,ma,7971.94
14:20:08.889 -> The value of current in ma : 7902.82,,,,20:08.9,->,current ,ma,7902.82
14:20:08.982 -> The value of current in ma : 7994.98,,,,20:09.0,->,current ,ma,7994.98
14:20:09.125 -> The value of current in ma : 7925.86,,,,20:09.1,->,current ,ma,7925.86
14:20:09.220 -> The value of current in ma : 7994.98,,,,20:09.2,->,current ,ma,7994.98
14:20:09.362 -> The value of current in ma : 7925.86,,,,20:09.4,->,current ,ma,7925.86
14:20:09.456 -> The value of current in ma : 7948.90,,,,20:09.5,->,current ,ma,7948.9
14:20:09.597 -> The value of current in ma : 7902.82,,,,20:09.6,->,current ,ma,7902.82
14:20:09.739 -> The value of current in ma : 7948.90,,,,20:09.7,->,current ,ma,7948.9
14:20:09.834 -> The value of current in ma : 7925.86,,,,20:09.8,->,current ,ma,7925.86
14:20:09.976 -> The value of current in ma : 7994.98,,,,20:10.0,->,current ,ma,7994.98
14:20:10.071 -> The value of current in ma : 7948.90,,,,20:10.1,->,current ,ma,7948.9
14:20:10.213 -> The value of current in ma : 7856.74,,,,20:10.2,->,current ,ma,7856.74
14:20:10.340 -> The value of current in ma : 7902.82,,,,20:10.3,->,current ,ma,7902.82
14:20:10.467 -> The value of current in ma : 7902.82,,,,20:10.5,->,current ,ma,7902.82
14:20:10.562 -> The value of current in ma : 7902.82,,,,20:10.6,->,current ,ma,7902.82
14:20:10.704 -> The value of current in ma : 7948.90,,,,20:10.7,->,current ,ma,7948.9
14:20:10.799 -> The value of current in ma : 7925.86,,,,20:10.8,->,current ,ma,7925.86
14:20:10.942 -> The value of current in ma : 7879.78,,,,20:10.9,->,current ,ma,7879.78
14:20:11.036 -> The value of current in ma : 7971.94,,,,20:11.0,->,current ,ma,7971.94
14:20:11.178 -> The value of current in ma : 7902.82,,,,20:11.2,->,current ,ma,7902.82
14:20:11.320 -> The value of current in ma : 7948.90,,,,20:11.3,->,current ,ma,7948.9
14:20:11.415 -> The value of current in ma : 7879.78,,,,20:11.4,->,current ,ma,7879.78
14:20:11.558 -> The value of current in ma : 7925.86,,,,20:11.6,->,current ,ma,7925.86
14:20:11.638 -> The value of current in ma : 7994.98,,,,20:11.6,->,current ,ma,7994.98
14:20:11.781 -> The value of current in ma : 7948.90,,,,20:11.8,->,current ,ma,7948.9
14:20:11.922 -> The value of current in ma : 7925.86,,,,20:11.9,->,current ,ma,7925.86
14:20:12.018 -> The value of current in ma : 7925.86,,,,20:12.0,->,current ,ma,7925.86
14:20:12.161 -> The value of current in ma : 7902.82,,,,20:12.2,->,current ,ma,7902.82
14:20:12.288 -> The value of current in ma : 7971.94,,,,20:12.3,->,current ,ma,7971.94
14:20:12.384 -> The value of current in ma : 8018.02,,,,20:12.4,->,current ,ma,8018.02
14:20:12.526 -> The value of current in ma : 7856.74,,,,20:12.5,->,current ,ma,7856.74
14:20:12.622 -> The value of current in ma : 7902.82,,,,20:12.6,->,current ,ma,7902.82
14:20:12.765 -> The value of current in ma : 7971.94,,,,20:12.8,->,current ,ma,7971.94
14:20:12.892 -> The value of current in ma : 7902.82,,,,20:12.9,->,current ,ma,7902.82
14:20:12.987 -> The value of current in ma : 7948.90,,,,20:13.0,->,current ,ma,7948.9
14:20:13.116 -> The value of current in ma : 7925.86,,,,20:13.1,->,current ,ma,7925.86
14:20:13.212 -> The value of current in ma : 7902.82,,,,20:13.2,->,current ,ma,7902.82
14:20:13.355 -> The value of current in ma : 7902.82,,,,20:13.4,->,current ,ma,7902.82
14:20:13.497 -> The value of current in ma : 7948.90,,,,20:13.5,->,current ,ma,7948.9
14:20:13.594 -> The value of current in ma : 7902.82,,,,20:13.6,->,current ,ma,7902.82
14:20:13.739 -> The value of current in ma : 7902.82,,,,20:13.7,->,current ,ma,7902.82
14:20:13.834 -> The value of current in ma : 7902.82,,,,20:13.8,->,current ,ma,7902.82
14:20:13.975 -> The value of current in ma : 7971.94,,,,20:14.0,->,current ,ma,7971.94
14:20:14.070 -> The value of current in ma : 7925.86,,,,20:14.1,->,current ,ma,7925.86
14:20:14.199 -> The value of current in ma : 7971.94,,,,20:14.2,->,current ,ma,7971.94
14:20:14.342 -> The value of current in ma : 7948.90,,,,20:14.3,->,current ,ma,7948.9
14:20:14.438 -> The value of current in ma : 7971.94,,,,20:14.4,->,current ,ma,7971.94
14:20:14.581 -> The value of current in ma : 7833.70,,,,20:14.6,->,current ,ma,7833.7
14:20:14.676 -> The value of current in ma : 7902.82,,,,20:14.7,->,current ,ma,7902.82
14:20:14.818 -> The value of current in ma : 7879.78,,,,20:14.8,->,current ,ma,7879.78
14:20:14.913 -> The value of current in ma : 7879.78,,,,20:14.9,->,current ,ma,7879.78
14:20:15.041 -> The value of current in ma : 7902.82,,,,20:15.0,->,current ,ma,7902.82
14:20:15.183 -> The value of current in ma : 7971.94,,,,20:15.2,->,current ,ma,7971.94
14:20:15.278 -> The value of current in ma : 7856.74,,,,20:15.3,->,current ,ma,7856.74
14:20:15.421 -> The value of current in ma : 7925.86,,,,20:15.4,->,current ,ma,7925.86
14:20:15.548 -> The value of current in ma : 7902.82,,,,20:15.5,->,current ,ma,7902.82
14:20:15.643 -> The value of current in ma : 7902.82,,,,20:15.6,->,current ,ma,7902.82
14:20:15.785 -> The value of current in ma : 7925.86,,,,20:15.8,->,current ,ma,7925.86
14:20:15.881 -> The value of current in ma : 7879.78,,,,20:15.9,->,current ,ma,7879.78
14:20:16.024 -> The value of current in ma : 7879.78,,,,20:16.0,->,current ,ma,7879.78
14:20:16.119 -> The value of current in ma : 7902.82,,,,20:16.1,->,current ,ma,7902.82
14:20:16.247 -> The value of current in ma : 7902.82,,,,20:16.2,->,current ,ma,7902.82
14:20:16.389 -> The value of current in ma : 7925.86,,,,20:16.4,->,current ,ma,7925.86
14:20:16.484 -> The value of current in ma : 7902.82,,,,20:16.5,->,current ,ma,7902.82
14:20:16.613 -> The value of current in ma : 7971.94,,,,20:16.6,->,current ,ma,7971.94
14:20:16.754 -> The value of current in ma : 7879.78,,,,20:16.8,->,current ,ma,7879.78
14:20:16.850 -> The value of current in ma : 7925.86,,,,20:16.9,->,current ,ma,7925.86
14:20:16.992 -> The value of current in ma : 7902.82,,,,20:17.0,->,current ,ma,7902.82
14:20:17.120 -> The value of current in ma : 7948.90,,,,20:17.1,->,current ,ma,7948.9
14:20:17.215 -> The value of current in ma : 7879.78,,,,20:17.2,->,current ,ma,7879.78
14:20:17.357 -> The value of current in ma : 7902.82,,,,20:17.4,->,current ,ma,7902.82
14:20:17.453 -> The value of current in ma : 7902.82,,,,20:17.5,->,current ,ma,7902.82
14:20:17.596 -> The value of current in ma : 7925.86,,,,20:17.6,->,current ,ma,7925.86
14:20:17.722 -> The value of current in ma : 7925.86,,,,20:17.7,->,current ,ma,7925.86
14:20:17.817 -> The value of current in ma : 7879.78,,,,20:17.8,->,current ,ma,7879.78
14:20:17.960 -> The value of current in ma : 7925.86,,,,20:18.0,->,current ,ma,7925.86
14:20:18.102 -> The value of current in ma : 7902.82,,,,20:18.1,->,current ,ma,7902.82
14:20:18.197 -> The value of current in ma : 7879.78,,,,20:18.2,->,current ,ma,7879.78
14:20:18.340 -> The value of current in ma : 7879.78,,,,20:18.3,->,current ,ma,7879.78
14:20:18.434 -> The value of current in ma : 7902.82,,,,20:18.4,->,current ,ma,7902.82
14:20:18.576 -> The value of current in ma : 7902.82,,,,20:18.6,->,current ,ma,7902.82
14:20:18.670 -> The value of current in ma : 7971.94,,,,20:18.7,->,current ,ma,7971.94
14:20:18.812 -> The value of current in ma : 7925.86,,,,20:18.8,->,current ,ma,7925.86
14:20:18.908 -> The value of current in ma : 7879.78,,,,20:18.9,->,current ,ma,7879.78
14:20:19.050 -> The value of current in ma : 7879.78,,,,20:19.1,->,current ,ma,7879.78
14:20:19.191 -> The value of current in ma : 7856.74,,,,20:19.2,->,current ,ma,7856.74
14:20:19.286 -> The value of current in ma : 7902.82,,,,20:19.3,->,current ,ma,7902.82
14:20:19.413 -> The value of current in ma : 7879.78,,,,20:19.4,->,current ,ma,7879.78
14:20:19.555 -> The value of current in ma : 7925.86,,,,20:19.6,->,current ,ma,7925.86
14:20:19.649 -> The value of current in ma : 7948.90,,,,20:19.6,->,current ,ma,7948.9
14:20:19.776 -> The value of current in ma : 8041.06,,,,20:19.8,->,current ,ma,8041.06
14:20:19.918 -> The value of current in ma : 7925.86,,,,20:19.9,->,current ,ma,7925.86
14:20:20.012 -> The value of current in ma : 7948.90,,,,20:20.0,->,current ,ma,7948.9
14:20:20.155 -> The value of current in ma : 7810.66,,,,20:20.2,->,current ,ma,7810.66
14:20:20.235 -> The value of current in ma : 7879.78,,,,20:20.2,->,current ,ma,7879.78
14:20:20.377 -> The value of current in ma : 7879.78,,,,20:20.4,->,current ,ma,7879.78
14:20:20.519 -> The value of current in ma : 7925.86,,,,20:20.5,->,current ,ma,7925.86
14:20:20.614 -> The value of current in ma : 7948.90,,,,20:20.6,->,current ,ma,7948.9
14:20:20.756 -> The value of current in ma : 7902.82,,,,20:20.8,->,current ,ma,7902.82
14:20:20.850 -> The value of current in ma : 7902.82,,,,20:20.8,->,current ,ma,7902.82
14:20:20.992 -> The value of current in ma : 7902.82,,,,20:21.0,->,current ,ma,7902.82
14:20:21.134 -> The value of current in ma : 8018.02,,,,20:21.1,->,current ,ma,8018.02
14:20:21.229 -> The value of current in ma : 7879.78,,,,20:21.2,->,current ,ma,7879.78
14:20:21.371 -> The value of current in ma : 7902.82,,,,20:21.4,->,current ,ma,7902.82
14:20:21.454 -> The value of current in ma : 7948.90,,,,20:21.5,->,current ,ma,7948.9
14:20:21.592 -> The value of current in ma : 7856.74,,,,20:21.6,->,current ,ma,7856.74
14:20:21.734 -> The value of current in ma : 7971.94,,,,20:21.7,->,current ,ma,7971.94
14:20:21.828 -> The value of current in ma : 7925.86,,,,20:21.8,->,current ,ma,7925.86
14:20:21.971 -> The value of current in ma : 7948.90,,,,20:22.0,->,current ,ma,7948.9
14:20:22.066 -> The value of current in ma : 7833.70,,,,20:22.1,->,current ,ma,7833.7
14:20:22.208 -> The value of current in ma : 7925.86,,,,20:22.2,->,current ,ma,7925.86
14:20:22.303 -> The value of current in ma : 7902.82,,,,20:22.3,->,current ,ma,7902.82
14:20:22.444 -> The value of current in ma : 7902.82,,,,20:22.4,->,current ,ma,7902.82
14:20:22.586 -> The value of current in ma : 7925.86,,,,20:22.6,->,current ,ma,7925.86
14:20:22.681 -> The value of current in ma : 7856.74,,,,20:22.7,->,current ,ma,7856.74
14:20:22.824 -> The value of current in ma : 7948.90,,,,20:22.8,->,current ,ma,7948.9
14:20:22.919 -> The value of current in ma : 7856.74,,,,20:22.9,->,current ,ma,7856.74
14:20:23.061 -> The value of current in ma : 7879.78,,,,20:23.1,->,current ,ma,7879.78
14:20:23.155 -> The value of current in ma : 7902.82,,,,20:23.2,->,current ,ma,7902.82
14:20:23.297 -> The value of current in ma : 7925.86,,,,20:23.3,->,current ,ma,7925.86
14:20:23.392 -> The value of current in ma : 7879.78,,,,20:23.4,->,current ,ma,7879.78
14:20:23.534 -> The value of current in ma : 7925.86,,,,20:23.5,->,current ,ma,7925.86
14:20:23.676 -> The value of current in ma : 7971.94,,,,20:23.7,->,current ,ma,7971.94
14:20:23.771 -> The value of current in ma : 7948.90,,,,20:23.8,->,current ,ma,7948.9
14:20:23.914 -> The value of current in ma : 7971.94,,,,20:23.9,->,current ,ma,7971.94
14:20:24.009 -> The value of current in ma : 7994.98,,,,20:24.0,->,current ,ma,7994.98
14:20:24.151 -> The value of current in ma : 7971.94,,,,20:24.2,->,current ,ma,7971.94
14:20:24.245 -> The value of current in ma : 7948.90,,,,20:24.2,->,current ,ma,7948.9
14:20:24.371 -> The value of current in ma : 7856.74,,,,20:24.4,->,current ,ma,7856.74
14:20:24.513 -> The value of current in ma : 7902.82,,,,20:24.5,->,current ,ma,7902.82
14:20:24.608 -> The value of current in ma : 7902.82,,,,20:24.6,->,current ,ma,7902.82
14:20:24.734 -> The value of current in ma : 7879.78,,,,20:24.7,->,current ,ma,7879.78
14:20:24.877 -> The value of current in ma : 7902.82,,,,20:24.9,->,current ,ma,7902.82
14:20:24.971 -> The value of current in ma : 7902.82,,,,20:25.0,->,current ,ma,7902.82
14:20:25.113 -> The value of current in ma : 7925.86,,,,20:25.1,->,current ,ma,7925.86
14:20:25.241 -> The value of current in ma : 7856.74,,,,20:25.2,->,current ,ma,7856.74
14:20:25.335 -> The value of current in ma : 7948.90,,,,20:25.3,->,current ,ma,7948.9
14:20:25.478 -> The value of current in ma : 7925.86,,,,20:25.5,->,current ,ma,7925.86
14:20:25.572 -> The value of current in ma : 7948.90,,,,20:25.6,->,current ,ma,7948.9
14:20:25.714 -> The value of current in ma : 7925.86,,,,20:25.7,->,current ,ma,7925.86
14:20:25.856 -> The value of current in ma : 7856.74,,,,20:25.9,->,current ,ma,7856.74
14:20:25.950 -> The value of current in ma : 7902.82,,,,20:25.9,->,current ,ma,7902.82
14:20:26.092 -> The value of current in ma : 7925.86,,,,20:26.1,->,current ,ma,7925.86
14:20:26.186 -> The value of current in ma : 7902.82,,,,20:26.2,->,current ,ma,7902.82
14:20:26.328 -> The value of current in ma : 7879.78,,,,20:26.3,->,current ,ma,7879.78
14:20:26.423 -> The value of current in ma : 7925.86,,,,20:26.4,->,current ,ma,7925.86
14:20:26.565 -> The value of current in ma : 7856.74,,,,20:26.6,->,current ,ma,7856.74
14:20:26.708 -> The value of current in ma : 7948.90,,,,20:26.7,->,current ,ma,7948.9
14:20:26.803 -> The value of current in ma : 7879.78,,,,20:26.8,->,current ,ma,7879.78
14:20:26.944 -> The value of current in ma : 7948.90,,,,20:26.9,->,current ,ma,7948.9
14:20:27.039 -> The value of current in ma : 7856.74,,,,20:27.0,->,current ,ma,7856.74
14:20:27.180 -> The value of current in ma : 7856.74,,,,20:27.2,->,current ,ma,7856.74
14:20:27.274 -> The value of current in ma : 7879.78,,,,20:27.3,->,current ,ma,7879.78
14:20:27.416 -> The value of current in ma : 7879.78,,,,20:27.4,->,current ,ma,7879.78
14:20:27.512 -> The value of current in ma : 7856.74,,,,20:27.5,->,current ,ma,7856.74
14:20:27.653 -> The value of current in ma : 7925.86,,,,20:27.7,->,current ,ma,7925.86
14:20:27.795 -> The value of current in ma : 7925.86,,,,20:27.8,->,current ,ma,7925.86
14:20:27.890 -> The value of current in ma : 7879.78,,,,20:27.9,->,current ,ma,7879.78
14:20:28.032 -> The value of current in ma : 7902.82,,,,20:28.0,->,current ,ma,7902.82
14:20:28.127 -> The value of current in ma : 7879.78,,,,20:28.1,->,current ,ma,7879.78
14:20:28.269 -> The value of current in ma : 7879.78,,,,20:28.3,->,current ,ma,7879.78
14:20:28.364 -> The value of current in ma : 7856.74,,,,20:28.4,->,current ,ma,7856.74
14:20:28.506 -> The value of current in ma : 7856.74,,,,20:28.5,->,current ,ma,7856.74
14:20:28.601 -> The value of current in ma : 7879.78,,,,20:28.6,->,current ,ma,7879.78
14:20:28.743 -> The value of current in ma : 7879.78,,,,20:28.7,->,current ,ma,7879.78
14:20:28.886 -> The value of current in ma : 7856.74,,,,20:28.9,->,current ,ma,7856.74
14:20:28.981 -> The value of current in ma : 7925.86,,,,20:29.0,->,current ,ma,7925.86
14:20:29.122 -> The value of current in ma : 7879.78,,,,20:29.1,->,current ,ma,7879.78
14:20:29.217 -> The value of current in ma : 7902.82,,,,20:29.2,->,current ,ma,7902.82
14:20:29.359 -> The value of current in ma : 7902.82,,,,20:29.4,->,current ,ma,7902.82
14:20:29.454 -> The value of current in ma : 7925.86,,,,20:29.5,->,current ,ma,7925.86
14:20:29.595 -> The value of current in ma : 7879.78,,,,20:29.6,->,current ,ma,7879.78
14:20:29.690 -> The value of current in ma : 7879.78,,,,20:29.7,->,current ,ma,7879.78
14:20:29.831 -> The value of current in ma : 7879.78,,,,20:29.8,->,current ,ma,7879.78
14:20:29.974 -> The value of current in ma : 7925.86,,,,20:30.0,->,current ,ma,7925.86
14:20:30.069 -> The value of current in ma : 7879.78,,,,20:30.1,->,current ,ma,7879.78
14:20:30.210 -> The value of current in ma : 7879.78,,,,20:30.2,->,current ,ma,7879.78
14:20:30.305 -> The value of current in ma : 7833.70,,,,20:30.3,->,current ,ma,7833.7
14:20:30.432 -> The value of current in ma : 7902.82,,,,20:30.4,->,current ,ma,7902.82
14:20:30.574 -> The value of current in ma : 7879.78,,,,20:30.6,->,current ,ma,7879.78
14:20:30.668 -> The value of current in ma : 7925.86,,,,20:30.7,->,current ,ma,7925.86
14:20:30.810 -> The value of current in ma : 7879.78,,,,20:30.8,->,current ,ma,7879.78
14:20:30.905 -> The value of current in ma : 7902.82,,,,20:30.9,->,current ,ma,7902.82
14:20:31.047 -> The value of current in ma : 7856.74,,,,20:31.0,->,current ,ma,7856.74
14:20:31.189 -> The value of current in ma : 7833.70,,,,20:31.2,->,current ,ma,7833.7
14:20:31.284 -> The value of current in ma : 7810.66,,,,20:31.3,->,current ,ma,7810.66
14:20:31.427 -> The value of current in ma : 7879.78,,,,20:31.4,->,current ,ma,7879.78
14:20:31.521 -> The value of current in ma : 7856.74,,,,20:31.5,->,current ,ma,7856.74
14:20:31.663 -> The value of current in ma : 7902.82,,,,20:31.7,->,current ,ma,7902.82
14:20:31.758 -> The value of current in ma : 7925.86,,,,20:31.8,->,current ,ma,7925.86
14:20:31.887 -> The value of current in ma : 7879.78,,,,20:31.9,->,current ,ma,7879.78
14:20:32.029 -> The value of current in ma : 7856.74,,,,20:32.0,->,current ,ma,7856.74
14:20:32.124 -> The value of current in ma : 7856.74,,,,20:32.1,->,current ,ma,7856.74
14:20:32.269 -> The value of current in ma : 7856.74,,,,20:32.3,->,current ,ma,7856.74
14:20:32.364 -> The value of current in ma : 7879.78,,,,20:32.4,->,current ,ma,7879.78
14:20:32.505 -> The value of current in ma : 7879.78,,,,20:32.5,->,current ,ma,7879.78
14:20:32.600 -> The value of current in ma : 7879.78,,,,20:32.6,->,current ,ma,7879.78
14:20:32.728 -> The value of current in ma : 7856.74,,,,20:32.7,->,current ,ma,7856.74
14:20:32.855 -> The value of current in ma : 7902.82,,,,20:32.9,->,current ,ma,7902.82
14:20:32.997 -> The value of current in ma : 7833.70,,,,20:33.0,->,current ,ma,7833.7
14:20:33.092 -> The value of current in ma : 7856.74,,,,20:33.1,->,current ,ma,7856.74
14:20:33.235 -> The value of current in ma : 7902.82,,,,20:33.2,->,current ,ma,7902.82
14:20:33.362 -> The value of current in ma : 7925.86,,,,20:33.4,->,current ,ma,7925.86
14:20:33.458 -> The value of current in ma : 7856.74,,,,20:33.5,->,current ,ma,7856.74
14:20:33.601 -> The value of current in ma : 7879.78,,,,20:33.6,->,current ,ma,7879.78
14:20:33.696 -> The value of current in ma : 7902.82,,,,20:33.7,->,current ,ma,7902.82
14:20:33.808 -> The value of current in ma : 7879.78,,,,20:33.8,->,current ,ma,7879.78
14:20:33.951 -> The value of current in ma : 7902.82,,,,20:34.0,->,current ,ma,7902.82
14:20:34.092 -> The value of current in ma : 7879.78,,,,20:34.1,->,current ,ma,7879.78
14:20:34.187 -> The value of current in ma : 7879.78,,,,20:34.2,->,current ,ma,7879.78
14:20:34.329 -> The value of current in ma : 7810.66,,,,20:34.3,->,current ,ma,7810.66
14:20:34.424 -> The value of current in ma : 7856.74,,,,20:34.4,->,current ,ma,7856.74
14:20:34.566 -> The value of current in ma : 7879.78,,,,20:34.6,->,current ,ma,7879.78
14:20:34.661 -> The value of current in ma : 7879.78,,,,20:34.7,->,current ,ma,7879.78
14:20:34.803 -> The value of current in ma : 7833.70,,,,20:34.8,->,current ,ma,7833.7
14:20:34.899 -> The value of current in ma : 7833.70,,,,20:34.9,->,current ,ma,7833.7
14:20:35.041 -> The value of current in ma : 7925.86,,,,20:35.0,->,current ,ma,7925.86
14:20:35.183 -> The value of current in ma : 7856.74,,,,20:35.2,->,current ,ma,7856.74
14:20:35.279 -> The value of current in ma : 7833.70,,,,20:35.3,->,current ,ma,7833.7
14:20:35.426 -> The value of current in ma : 7856.74,,,,20:35.4,->,current ,ma,7856.74
14:20:35.516 -> The value of current in ma : 7879.78,,,,20:35.5,->,current ,ma,7879.78
14:20:35.642 -> The value of current in ma : 7902.82,,,,20:35.6,->,current ,ma,7902.82
14:20:35.783 -> The value of current in ma : 7879.78,,,,20:35.8,->,current ,ma,7879.78
14:20:35.878 -> The value of current in ma : 7856.74,,,,20:35.9,->,current ,ma,7856.74
14:20:36.004 -> The value of current in ma : 7879.78,,,,20:36.0,->,current ,ma,7879.78
14:20:36.146 -> The value of current in ma : 7856.74,,,,20:36.1,->,current ,ma,7856.74
14:20:36.241 -> The value of current in ma : 7833.70,,,,20:36.2,->,current ,ma,7833.7
14:20:36.385 -> The value of current in ma : 7925.86,,,,20:36.4,->,current ,ma,7925.86
14:20:36.480 -> The value of current in ma : 7856.74,,,,20:36.5,->,current ,ma,7856.74
14:20:36.621 -> The value of current in ma : 7879.78,,,,20:36.6,->,current ,ma,7879.78
14:20:36.748 -> The value of current in ma : 7856.74,,,,20:36.7,->,current ,ma,7856.74
14:20:36.842 -> The value of current in ma : 7833.70,,,,20:36.8,->,current ,ma,7833.7
14:20:36.984 -> The value of current in ma : 7833.70,,,,20:37.0,->,current ,ma,7833.7
14:20:37.126 -> The value of current in ma : 7879.78,,,,20:37.1,->,current ,ma,7879.78
14:20:37.221 -> The value of current in ma : 7879.78,,,,20:37.2,->,current ,ma,7879.78
14:20:37.363 -> The value of current in ma : 7856.74,,,,20:37.4,->,current ,ma,7856.74
14:20:37.459 -> The value of current in ma : 7764.58,,,,20:37.5,->,current ,ma,7764.58
14:20:37.587 -> The value of current in ma : 7856.74,,,,20:37.6,->,current ,ma,7856.74
14:20:37.733 -> The value of current in ma : 7856.74,,,,20:37.7,->,current ,ma,7856.74
14:20:37.827 -> The value of current in ma : 7810.66,,,,20:37.8,->,current ,ma,7810.66
14:20:37.969 -> The value of current in ma : 7902.82,,,,20:38.0,->,current ,ma,7902.82
14:20:38.063 -> The value of current in ma : 7925.86,,,,20:38.1,->,current ,ma,7925.86
14:20:38.191 -> The value of current in ma : 7879.78,,,,20:38.2,->,current ,ma,7879.78
14:20:38.286 -> The value of current in ma : 7925.86,,,,20:38.3,->,current ,ma,7925.86
14:20:38.428 -> The value of current in ma : 7856.74,,,,20:38.4,->,current ,ma,7856.74
14:20:38.570 -> The value of current in ma : 7856.74,,,,20:38.6,->,current ,ma,7856.74
14:20:38.700 -> The value of current in ma : 7925.86,,,,20:38.7,->,current ,ma,7925.86
14:20:38.780 -> The value of current in ma : 7833.70,,,,20:38.8,->,current ,ma,7833.7
14:20:38.907 -> The value of current in ma : 7925.86,,,,20:38.9,->,current ,ma,7925.86
14:20:39.049 -> The value of current in ma : 7833.70,,,,20:39.0,->,current ,ma,7833.7
14:20:39.143 -> The value of current in ma : 7879.78,,,,20:39.1,->,current ,ma,7879.78
14:20:39.286 -> The value of current in ma : 7833.70,,,,20:39.3,->,current ,ma,7833.7
14:20:39.430 -> The value of current in ma : 7833.70,,,,20:39.4,->,current ,ma,7833.7
14:20:39.525 -> The value of current in ma : 7856.74,,,,20:39.5,->,current ,ma,7856.74
14:20:39.669 -> The value of current in ma : 7856.74,,,,20:39.7,->,current ,ma,7856.74
14:20:39.749 -> The value of current in ma : 7902.82,,,,20:39.7,->,current ,ma,7902.82
14:20:39.891 -> The value of current in ma : 7902.82,,,,20:39.9,->,current ,ma,7902.82
14:20:40.034 -> The value of current in ma : 7879.78,,,,20:40.0,->,current ,ma,7879.78
14:20:40.113 -> The value of current in ma : 7856.74,,,,20:40.1,->,current ,ma,7856.74
14:20:40.255 -> The value of current in ma : 7856.74,,,,20:40.3,->,current ,ma,7856.74
14:20:40.396 -> The value of current in ma : 7902.82,,,,20:40.4,->,current ,ma,7902.82
14:20:40.490 -> The value of current in ma : 7925.86,,,,20:40.5,->,current ,ma,7925.86
14:20:40.615 -> The value of current in ma : 7879.78,,,,20:40.6,->,current ,ma,7879.78
14:20:40.756 -> The value of current in ma : 7879.78,,,,20:40.8,->,current ,ma,7879.78
14:20:40.850 -> The value of current in ma : 7856.74,,,,20:40.9,->,current ,ma,7856.74
14:20:40.991 -> The value of current in ma : 7856.74,,,,20:41.0,->,current ,ma,7856.74
14:20:41.084 -> The value of current in ma : 7879.78,,,,20:41.1,->,current ,ma,7879.78
14:20:41.240 -> The value of current in ma : 7879.78,,,,20:41.2,->,current ,ma,7879.78
14:20:41.334 -> The value of current in ma : 7948.90,,,,20:41.3,->,current ,ma,7948.9
14:20:41.475 -> The value of current in ma : 7856.74,,,,20:41.5,->,current ,ma,7856.74
14:20:41.569 -> The value of current in ma : 7925.86,,,,20:41.6,->,current ,ma,7925.86
14:20:41.709 -> The value of current in ma : 7879.78,,,,20:41.7,->,current ,ma,7879.78
14:20:41.850 -> The value of current in ma : 7879.78,,,,20:41.8,->,current ,ma,7879.78
14:20:41.945 -> The value of current in ma : 7856.74,,,,20:41.9,->,current ,ma,7856.74
14:20:42.088 -> The value of current in ma : 7879.78,,,,20:42.1,->,current ,ma,7879.78
14:20:42.182 -> The value of current in ma : 7902.82,,,,20:42.2,->,current ,ma,7902.82
14:20:42.323 -> The value of current in ma : 7902.82,,,,20:42.3,->,current ,ma,7902.82
14:20:42.417 -> The value of current in ma : 7879.78,,,,20:42.4,->,current ,ma,7879.78
14:20:42.557 -> The value of current in ma : 7856.74,,,,20:42.6,->,current ,ma,7856.74
14:20:42.698 -> The value of current in ma : 7856.74,,,,20:42.7,->,current ,ma,7856.74
14:20:42.792 -> The value of current in ma : 7902.82,,,,20:42.8,->,current ,ma,7902.82
14:20:42.932 -> The value of current in ma : 7810.66,,,,20:42.9,->,current ,ma,7810.66
14:20:43.026 -> The value of current in ma : 7833.70,,,,20:43.0,->,current ,ma,7833.7
14:20:43.167 -> The value of current in ma : 7902.82,,,,20:43.2,->,current ,ma,7902.82
14:20:43.261 -> The value of current in ma : 7810.66,,,,20:43.3,->,current ,ma,7810.66
14:20:43.387 -> The value of current in ma : 7948.90,,,,20:43.4,->,current ,ma,7948.9
14:20:43.529 -> The value of current in ma : 7856.74,,,,20:43.5,->,current ,ma,7856.74
14:20:43.623 -> The value of current in ma : 7833.70,,,,20:43.6,->,current ,ma,7833.7
14:20:43.763 -> The value of current in ma : 7856.74,,,,20:43.8,->,current ,ma,7856.74
14:20:43.904 -> The value of current in ma : 7833.70,,,,20:43.9,->,current ,ma,7833.7
14:20:43.998 -> The value of current in ma : 7856.74,,,,20:44.0,->,current ,ma,7856.74
14:20:44.138 -> The value of current in ma : 7925.86,,,,20:44.1,->,current ,ma,7925.86
14:20:44.279 -> The value of current in ma : 7902.82,,,,20:44.3,->,current ,ma,7902.82
14:20:44.374 -> The value of current in ma : 7833.70,,,,20:44.4,->,current ,ma,7833.7
14:20:44.514 -> The value of current in ma : 7856.74,,,,20:44.5,->,current ,ma,7856.74
14:20:44.600 -> The value of current in ma : 7902.82,,,,20:44.6,->,current ,ma,7902.82
14:20:44.734 -> The value of current in ma : 7879.78,,,,20:44.7,->,current ,ma,7879.78
14:20:44.875 -> The value of current in ma : 7856.74,,,,20:44.9,->,current ,ma,7856.74
14:20:44.969 -> The value of current in ma : 7833.70,,,,20:45.0,->,current ,ma,7833.7
14:20:45.109 -> The value of current in ma : 7925.86,,,,20:45.1,->,current ,ma,7925.86
14:20:45.203 -> The value of current in ma : 7833.70,,,,20:45.2,->,current ,ma,7833.7
14:20:45.345 -> The value of current in ma : 7833.70,,,,20:45.3,->,current ,ma,7833.7
14:20:45.488 -> The value of current in ma : 7787.62,,,,20:45.5,->,current ,ma,7787.62
14:20:45.582 -> The value of current in ma : 7833.70,,,,20:45.6,->,current ,ma,7833.7
14:20:45.724 -> The value of current in ma : 7925.86,,,,20:45.7,->,current ,ma,7925.86
14:20:45.817 -> The value of current in ma : 7856.74,,,,20:45.8,->,current ,ma,7856.74
14:20:45.958 -> The value of current in ma : 7902.82,,,,20:46.0,->,current ,ma,7902.82
14:20:46.051 -> The value of current in ma : 7856.74,,,,20:46.1,->,current ,ma,7856.74
14:20:46.192 -> The value of current in ma : 7856.74,,,,20:46.2,->,current ,ma,7856.74
14:20:46.333 -> The value of current in ma : 7879.78,,,,20:46.3,->,current ,ma,7879.78
14:20:46.427 -> The value of current in ma : 7856.74,,,,20:46.4,->,current ,ma,7856.74
14:20:46.568 -> The value of current in ma : 7902.82,,,,20:46.6,->,current ,ma,7902.82
14:20:46.661 -> The value of current in ma : 7925.86,,,,20:46.7,->,current ,ma,7925.86
14:20:46.802 -> The value of current in ma : 7879.78,,,,20:46.8,->,current ,ma,7879.78
14:20:46.943 -> The value of current in ma : 7879.78,,,,20:46.9,->,current ,ma,7879.78
14:20:47.036 -> The value of current in ma : 7902.82,,,,20:47.0,->,current ,ma,7902.82
14:20:47.177 -> The value of current in ma : 7879.78,,,,20:47.2,->,current ,ma,7879.78
14:20:47.271 -> The value of current in ma : 7856.74,,,,20:47.3,->,current ,ma,7856.74
14:20:47.397 -> The value of current in ma : 7948.90,,,,20:47.4,->,current ,ma,7948.9
14:20:47.540 -> The value of current in ma : 7879.78,,,,20:47.5,->,current ,ma,7879.78
14:20:47.634 -> The value of current in ma : 7856.74,,,,20:47.6,->,current ,ma,7856.74
14:20:47.775 -> The value of current in ma : 7879.78,,,,20:47.8,->,current ,ma,7879.78
14:20:47.869 -> The value of current in ma : 7856.74,,,,20:47.9,->,current ,ma,7856.74
14:20:48.009 -> The value of current in ma : 7902.82,,,,20:48.0,->,current ,ma,7902.82
14:20:48.150 -> The value of current in ma : 7902.82,,,,20:48.2,->,current ,ma,7902.82
14:20:48.244 -> The value of current in ma : 7948.90,,,,20:48.2,->,current ,ma,7948.9
14:20:48.387 -> The value of current in ma : 7879.78,,,,20:48.4,->,current ,ma,7879.78
14:20:48.481 -> The value of current in ma : 7856.74,,,,20:48.5,->,current ,ma,7856.74
14:20:48.622 -> The value of current in ma : 7902.82,,,,20:48.6,->,current ,ma,7902.82
14:20:48.715 -> The value of current in ma : 7879.78,,,,20:48.7,->,current ,ma,7879.78
14:20:48.856 -> The value of current in ma : 7856.74,,,,20:48.9,->,current ,ma,7856.74
14:20:48.997 -> The value of current in ma : 7925.86,,,,20:49.0,->,current ,ma,7925.86
14:20:49.091 -> The value of current in ma : 7879.78,,,,20:49.1,->,current ,ma,7879.78
14:20:49.231 -> The value of current in ma : 7948.90,,,,20:49.2,->,current ,ma,7948.9
14:20:49.325 -> The value of current in ma : 7902.82,,,,20:49.3,->,current ,ma,7902.82
14:20:49.467 -> The value of current in ma : 7925.86,,,,20:49.5,->,current ,ma,7925.86
14:20:49.609 -> The value of current in ma : 7948.90,,,,20:49.6,->,current ,ma,7948.9
14:20:49.705 -> The value of current in ma : 7971.94,,,,20:49.7,->,current ,ma,7971.94
14:20:49.830 -> The value of current in ma : 8041.06,,,,20:49.8,->,current ,ma,8041.06
14:20:49.924 -> The value of current in ma : 7925.86,,,,20:49.9,->,current ,ma,7925.86
14:20:50.064 -> The value of current in ma : 7833.70,,,,20:50.1,->,current ,ma,7833.7
14:20:50.191 -> The value of current in ma : 7879.78,,,,20:50.2,->,current ,ma,7879.78
14:20:50.335 -> The value of current in ma : 7902.82,,,,20:50.3,->,current ,ma,7902.82
14:20:50.427 -> The value of current in ma : 7856.74,,,,20:50.4,->,current ,ma,7856.74
14:20:50.568 -> The value of current in ma : 7948.90,,,,20:50.6,->,current ,ma,7948.9
14:20:50.662 -> The value of current in ma : 7902.82,,,,20:50.7,->,current ,ma,7902.82
14:20:50.802 -> The value of current in ma : 7879.78,,,,20:50.8,->,current ,ma,7879.78
14:20:50.896 -> The value of current in ma : 7902.82,,,,20:50.9,->,current ,ma,7902.82
14:20:51.037 -> The value of current in ma : 7925.86,,,,20:51.0,->,current ,ma,7925.86
14:20:51.177 -> The value of current in ma : 7879.78,,,,20:51.2,->,current ,ma,7879.78
14:20:51.289 -> The value of current in ma : 7925.86,,,,20:51.3,->,current ,ma,7925.86
14:20:51.383 -> The value of current in ma : 7879.78,,,,20:51.4,->,current ,ma,7879.78
14:20:51.523 -> The value of current in ma : 7902.82,,,,20:51.5,->,current ,ma,7902.82
14:20:51.664 -> The value of current in ma : 7902.82,,,,20:51.7,->,current ,ma,7902.82
14:20:51.758 -> The value of current in ma : 7902.82,,,,20:51.8,->,current ,ma,7902.82
14:20:51.899 -> The value of current in ma : 7925.86,,,,20:51.9,->,current ,ma,7925.86
14:20:51.993 -> The value of current in ma : 7925.86,,,,20:52.0,->,current ,ma,7925.86
14:20:52.133 -> The value of current in ma : 7925.86,,,,20:52.1,->,current ,ma,7925.86
14:20:52.228 -> The value of current in ma : 7925.86,,,,20:52.2,->,current ,ma,7925.86
14:20:52.371 -> The value of current in ma : 7948.90,,,,20:52.4,->,current ,ma,7948.9
14:20:52.513 -> The value of current in ma : 7879.78,,,,20:52.5,->,current ,ma,7879.78
14:20:52.607 -> The value of current in ma : 7902.82,,,,20:52.6,->,current ,ma,7902.82
14:20:52.748 -> The value of current in ma : 7925.86,,,,20:52.7,->,current ,ma,7925.86
14:20:52.841 -> The value of current in ma : 7925.86,,,,20:52.8,->,current ,ma,7925.86
14:20:52.982 -> The value of current in ma : 7925.86,,,,20:53.0,->,current ,ma,7925.86
14:20:53.077 -> The value of current in ma : 7994.98,,,,20:53.1,->,current ,ma,7994.98
14:20:53.201 -> The value of current in ma : 7925.86,,,,20:53.2,->,current ,ma,7925.86
14:20:53.345 -> The value of current in ma : 7902.82,,,,20:53.3,->,current ,ma,7902.82
14:20:53.440 -> The value of current in ma : 7902.82,,,,20:53.4,->,current ,ma,7902.82
14:20:53.569 -> The value of current in ma : 7971.94,,,,20:53.6,->,current ,ma,7971.94
14:20:53.710 -> The value of current in ma : 7925.86,,,,20:53.7,->,current ,ma,7925.86
14:20:53.806 -> The value of current in ma : 7948.90,,,,20:53.8,->,current ,ma,7948.9
14:20:53.948 -> The value of current in ma : 7948.90,,,,20:53.9,->,current ,ma,7948.9
14:20:54.042 -> The value of current in ma : 7902.82,,,,20:54.0,->,current ,ma,7902.82
14:20:54.182 -> The value of current in ma : 7971.94,,,,20:54.2,->,current ,ma,7971.94
14:20:54.323 -> The value of current in ma : 7971.94,,,,20:54.3,->,current ,ma,7971.94
14:20:54.417 -> The value of current in ma : 7925.86,,,,20:54.4,->,current ,ma,7925.86
14:20:54.558 -> The value of current in ma : 7925.86,,,,20:54.6,->,current ,ma,7925.86
14:20:54.652 -> The value of current in ma : 7971.94,,,,20:54.7,->,current ,ma,7971.94
14:20:54.793 -> The value of current in ma : 7948.90,,,,20:54.8,->,current ,ma,7948.9
14:20:54.934 -> The value of current in ma : 7948.90,,,,20:54.9,->,current ,ma,7948.9
14:20:55.027 -> The value of current in ma : 7925.86,,,,20:55.0,->,current ,ma,7925.86
14:20:55.152 -> The value of current in ma : 7879.78,,,,20:55.2,->,current ,ma,7879.78
14:20:55.293 -> The value of current in ma : 7902.82,,,,20:55.3,->,current ,ma,7902.82
14:20:55.387 -> The value of current in ma : 7833.70,,,,20:55.4,->,current ,ma,7833.7
14:20:55.527 -> The value of current in ma : 7833.70,,,,20:55.5,->,current ,ma,7833.7
14:20:55.621 -> The value of current in ma : 7856.74,,,,20:55.6,->,current ,ma,7856.74
14:20:55.762 -> The value of current in ma : 7833.70,,,,20:55.8,->,current ,ma,7833.7
14:20:55.903 -> The value of current in ma : 7879.78,,,,20:55.9,->,current ,ma,7879.78
14:20:55.996 -> The value of current in ma : 7879.78,,,,20:56.0,->,current ,ma,7879.78
14:20:56.137 -> The value of current in ma : 7879.78,,,,20:56.1,->,current ,ma,7879.78
14:20:56.231 -> The value of current in ma : 7856.74,,,,20:56.2,->,current ,ma,7856.74
14:20:56.372 -> The value of current in ma : 7902.82,,,,20:56.4,->,current ,ma,7902.82
14:20:56.512 -> The value of current in ma : 7879.78,,,,20:56.5,->,current ,ma,7879.78
14:20:56.606 -> The value of current in ma : 7902.82,,,,20:56.6,->,current ,ma,7902.82
14:20:56.747 -> The value of current in ma : 7925.86,,,,20:56.7,->,current ,ma,7925.86
14:20:56.840 -> The value of current in ma : 7833.70,,,,20:56.8,->,current ,ma,7833.7
14:20:56.981 -> The value of current in ma : 7925.86,,,,20:57.0,->,current ,ma,7925.86
14:20:57.075 -> The value of current in ma : 7902.82,,,,20:57.1,->,current ,ma,7902.82
14:20:57.201 -> The value of current in ma : 7879.78,,,,20:57.2,->,current ,ma,7879.78
14:20:57.341 -> The value of current in ma : 7902.82,,,,20:57.3,->,current ,ma,7902.82
14:20:57.482 -> The value of current in ma : 7879.78,,,,20:57.5,->,current ,ma,7879.78
14:20:57.576 -> The value of current in ma : 7925.86,,,,20:57.6,->,current ,ma,7925.86
14:20:57.704 -> The value of current in ma : 7925.86,,,,20:57.7,->,current ,ma,7925.86
14:20:57.827 -> The value of current in ma : 7902.82,,,,20:57.8,->,current ,ma,7902.82
14:20:57.920 -> The value of current in ma : 7902.82,,,,20:57.9,->,current ,ma,7902.82
14:20:58.061 -> The value of current in ma : 7925.86,,,,20:58.1,->,current ,ma,7925.86
14:20:58.202 -> The value of current in ma : 7879.78,,,,20:58.2,->,current ,ma,7879.78
14:20:58.295 -> The value of current in ma : 7879.78,,,,20:58.3,->,current ,ma,7879.78
14:20:58.437 -> The value of current in ma : 7925.86,,,,20:58.4,->,current ,ma,7925.86
14:20:58.532 -> The value of current in ma : 7925.86,,,,20:58.5,->,current ,ma,7925.86
14:20:58.672 -> The value of current in ma : 7879.78,,,,20:58.7,->,current ,ma,7879.78
14:20:58.813 -> The value of current in ma : 7810.66,,,,20:58.8,->,current ,ma,7810.66
14:20:58.907 -> The value of current in ma : 7971.94,,,,20:58.9,->,current ,ma,7971.94
14:20:59.047 -> The value of current in ma : 7856.74,,,,20:59.0,->,current ,ma,7856.74
14:20:59.141 -> The value of current in ma : 7879.78,,,,20:59.1,->,current ,ma,7879.78
14:20:59.282 -> The value of current in ma : 7971.94,,,,20:59.3,->,current ,ma,7971.94
14:20:59.375 -> The value of current in ma : 7948.90,,,,20:59.4,->,current ,ma,7948.9
14:20:59.516 -> The value of current in ma : 7971.94,,,,20:59.5,->,current ,ma,7971.94
14:20:59.649 -> The value of current in ma : 7994.98,,,,20:59.6,->,current ,ma,7994.98
14:20:59.782 -> The value of current in ma : 7879.78,,,,20:59.8,->,current ,ma,7879.78
14:20:59.877 -> The value of current in ma : 7948.90,,,,20:59.9,->,current ,ma,7948.9
14:21:00.017 -> The value of current in ma : 7902.82,,,,21:00.0,->,current ,ma,7902.82
14:21:00.111 -> The value of current in ma : 7925.86,,,,21:00.1,->,current ,ma,7925.86
14:21:00.252 -> The value of current in ma : 7902.82,,,,21:00.3,->,current ,ma,7902.82
14:21:00.346 -> The value of current in ma : 7925.86,,,,21:00.3,->,current ,ma,7925.86
14:21:00.486 -> The value of current in ma : 7856.74,,,,21:00.5,->,current ,ma,7856.74
14:21:00.627 -> The value of current in ma : 7856.74,,,,21:00.6,->,current ,ma,7856.74
14:21:00.720 -> The value of current in ma : 7879.78,,,,21:00.7,->,current ,ma,7879.78
14:21:00.861 -> The value of current in ma : 7856.74,,,,21:00.9,->,current ,ma,7856.74
14:21:00.955 -> The value of current in ma : 7971.94,,,,21:01.0,->,current ,ma,7971.94
14:21:01.095 -> The value of current in ma : 7879.78,,,,21:01.1,->,current ,ma,7879.78
14:21:01.237 -> The value of current in ma : 7971.94,,,,21:01.2,->,current ,ma,7971.94
14:21:01.332 -> The value of current in ma : 7994.98,,,,21:01.3,->,current ,ma,7994.98
14:21:01.459 -> The value of current in ma : 7902.82,,,,21:01.5,->,current ,ma,7902.82
14:21:01.599 -> The value of current in ma : 7902.82,,,,21:01.6,->,current ,ma,7902.82
14:21:01.693 -> The value of current in ma : 7902.82,,,,21:01.7,->,current ,ma,7902.82
14:21:01.787 -> The value of current in ma : 7925.86,,,,21:01.8,->,current ,ma,7925.86
14:21:01.943 -> The value of current in ma : 7902.82,,,,21:01.9,->,current ,ma,7902.82
14:21:02.084 -> The value of current in ma : 7879.78,,,,21:02.1,->,current ,ma,7879.78
14:21:02.179 -> The value of current in ma : 7902.82,,,,21:02.2,->,current ,ma,7902.82
14:21:02.322 -> The value of current in ma : 7856.74,,,,21:02.3,->,current ,ma,7856.74
14:21:02.417 -> The value of current in ma : 7833.70,,,,21:02.4,->,current ,ma,7833.7
14:21:02.558 -> The value of current in ma : 7833.70,,,,21:02.6,->,current ,ma,7833.7
14:21:02.652 -> The value of current in ma : 7971.94,,,,21:02.7,->,current ,ma,7971.94
14:21:02.793 -> The value of current in ma : 7856.74,,,,21:02.8,->,current ,ma,7856.74
14:21:02.935 -> The value of current in ma : 7902.82,,,,21:02.9,->,current ,ma,7902.82
14:21:03.028 -> The value of current in ma : 7856.74,,,,21:03.0,->,current ,ma,7856.74
14:21:03.169 -> The value of current in ma : 7833.70,,,,21:03.2,->,current ,ma,7833.7
14:21:03.263 -> The value of current in ma : 7902.82,,,,21:03.3,->,current ,ma,7902.82
14:21:03.404 -> The value of current in ma : 7856.74,,,,21:03.4,->,current ,ma,7856.74
14:21:03.532 -> The value of current in ma : 7879.78,,,,21:03.5,->,current ,ma,7879.78
14:21:03.626 -> The value of current in ma : 7971.94,,,,21:03.6,->,current ,ma,7971.94
14:21:03.767 -> The value of current in ma : 7971.94,,,,21:03.8,->,current ,ma,7971.94
14:21:03.860 -> The value of current in ma : 7948.90,,,,21:03.9,->,current ,ma,7948.9
14:21:04.002 -> The value of current in ma : 7925.86,,,,21:04.0,->,current ,ma,7925.86
14:21:04.142 -> The value of current in ma : 7879.78,,,,21:04.1,->,current ,ma,7879.78
14:21:04.236 -> The value of current in ma : 7902.82,,,,21:04.2,->,current ,ma,7902.82
14:21:04.362 -> The value of current in ma : 7879.78,,,,21:04.4,->,current ,ma,7879.78
14:21:04.504 -> The value of current in ma : 7833.70,,,,21:04.5,->,current ,ma,7833.7
14:21:04.597 -> The value of current in ma : 7925.86,,,,21:04.6,->,current ,ma,7925.86
14:21:04.739 -> The value of current in ma : 7902.82,,,,21:04.7,->,current ,ma,7902.82
14:21:04.832 -> The value of current in ma : 7856.74,,,,21:04.8,->,current ,ma,7856.74
14:21:04.973 -> The value of current in ma : 7948.90,,,,21:05.0,->,current ,ma,7948.9
14:21:05.114 -> The value of current in ma : 7879.78,,,,21:05.1,->,current ,ma,7879.78
14:21:05.207 -> The value of current in ma : 7925.86,,,,21:05.2,->,current ,ma,7925.86
14:21:05.348 -> The value of current in ma : 7879.78,,,,21:05.3,->,current ,ma,7879.78
14:21:05.443 -> The value of current in ma : 7856.74,,,,21:05.4,->,current ,ma,7856.74
14:21:05.584 -> The value of current in ma : 7856.74,,,,21:05.6,->,current ,ma,7856.74
14:21:05.677 -> The value of current in ma : 7833.70,,,,21:05.7,->,current ,ma,7833.7
14:21:05.818 -> The value of current in ma : 7948.90,,,,21:05.8,->,current ,ma,7948.9
14:21:05.959 -> The value of current in ma : 7856.74,,,,21:06.0,->,current ,ma,7856.74
14:21:06.053 -> The value of current in ma : 7787.62,,,,21:06.1,->,current ,ma,7787.62
14:21:06.193 -> The value of current in ma : 7879.78,,,,21:06.2,->,current ,ma,7879.78
14:21:06.287 -> The value of current in ma : 7856.74,,,,21:06.3,->,current ,ma,7856.74
14:21:06.429 -> The value of current in ma : 7902.82,,,,21:06.4,->,current ,ma,7902.82
14:21:06.569 -> The value of current in ma : 7902.82,,,,21:06.6,->,current ,ma,7902.82
14:21:06.663 -> The value of current in ma : 7856.74,,,,21:06.7,->,current ,ma,7856.74
14:21:06.804 -> The value of current in ma : 7879.78,,,,21:06.8,->,current ,ma,7879.78
14:21:06.897 -> The value of current in ma : 7879.78,,,,21:06.9,->,current ,ma,7879.78
14:21:07.038 -> The value of current in ma : 7902.82,,,,21:07.0,->,current ,ma,7902.82
14:21:07.132 -> The value of current in ma : 7879.78,,,,21:07.1,->,current ,ma,7879.78
14:21:07.272 -> The value of current in ma : 7879.78,,,,21:07.3,->,current ,ma,7879.78
14:21:07.413 -> The value of current in ma : 7879.78,,,,21:07.4,->,current ,ma,7879.78
14:21:07.507 -> The value of current in ma : 7902.82,,,,21:07.5,->,current ,ma,7902.82
14:21:07.647 -> The value of current in ma : 7902.82,,,,21:07.6,->,current ,ma,7902.82
14:21:07.741 -> The value of current in ma : 7948.90,,,,21:07.7,->,current ,ma,7948.9
14:21:07.882 -> The value of current in ma : 7902.82,,,,21:07.9,->,current ,ma,7902.82
14:21:08.030 -> The value of current in ma : 7856.74,,,,21:08.0,->,current ,ma,7856.74
14:21:08.117 -> The value of current in ma : 7833.70,,,,21:08.1,->,current ,ma,7833.7
14:21:08.257 -> The value of current in ma : 7810.66,,,,21:08.3,->,current ,ma,7810.66
14:21:08.351 -> The value of current in ma : 7925.86,,,,21:08.4,->,current ,ma,7925.86
14:21:08.492 -> The value of current in ma : 7902.82,,,,21:08.5,->,current ,ma,7902.82
14:21:08.585 -> The value of current in ma : 7902.82,,,,21:08.6,->,current ,ma,7902.82
14:21:08.726 -> The value of current in ma : 7856.74,,,,21:08.7,->,current ,ma,7856.74
14:21:08.867 -> The value of current in ma : 7810.66,,,,21:08.9,->,current ,ma,7810.66
14:21:08.960 -> The value of current in ma : 7810.66,,,,21:09.0,->,current ,ma,7810.66
14:21:09.101 -> The value of current in ma : 7856.74,,,,21:09.1,->,current ,ma,7856.74
14:21:09.195 -> The value of current in ma : 7856.74,,,,21:09.2,->,current ,ma,7856.74
14:21:09.335 -> The value of current in ma : 7810.66,,,,21:09.3,->,current ,ma,7810.66
14:21:09.476 -> The value of current in ma : 7902.82,,,,21:09.5,->,current ,ma,7902.82
14:21:09.570 -> The value of current in ma : 7856.74,,,,21:09.6,->,current ,ma,7856.74
14:21:09.711 -> The value of current in ma : 7902.82,,,,21:09.7,->,current ,ma,7902.82
14:21:09.805 -> The value of current in ma : 7879.78,,,,21:09.8,->,current ,ma,7879.78
14:21:09.946 -> The value of current in ma : 7856.74,,,,21:09.9,->,current ,ma,7856.74
14:21:10.040 -> The value of current in ma : 7856.74,,,,21:10.0,->,current ,ma,7856.74
14:21:10.180 -> The value of current in ma : 7879.78,,,,21:10.2,->,current ,ma,7879.78
14:21:10.321 -> The value of current in ma : 7856.74,,,,21:10.3,->,current ,ma,7856.74
14:21:10.415 -> The value of current in ma : 7833.70,,,,21:10.4,->,current ,ma,7833.7
14:21:10.555 -> The value of current in ma : 7925.86,,,,21:10.6,->,current ,ma,7925.86
14:21:10.649 -> The value of current in ma : 7833.70,,,,21:10.6,->,current ,ma,7833.7
14:21:10.790 -> The value of current in ma : 7925.86,,,,21:10.8,->,current ,ma,7925.86
14:21:10.931 -> The value of current in ma : 7856.74,,,,21:10.9,->,current ,ma,7856.74
14:21:11.024 -> The value of current in ma : 7902.82,,,,21:11.0,->,current ,ma,7902.82
14:21:11.165 -> The value of current in ma : 7879.78,,,,21:11.2,->,current ,ma,7879.78
14:21:11.259 -> The value of current in ma : 7879.78,,,,21:11.3,->,current ,ma,7879.78
14:21:11.399 -> The value of current in ma : 7833.70,,,,21:11.4,->,current ,ma,7833.7
14:21:11.493 -> The value of current in ma : 7856.74,,,,21:11.5,->,current ,ma,7856.74
14:21:11.634 -> The value of current in ma : 7856.74,,,,21:11.6,->,current ,ma,7856.74
14:21:11.774 -> The value of current in ma : 7902.82,,,,21:11.8,->,current ,ma,7902.82
14:21:11.868 -> The value of current in ma : 7856.74,,,,21:11.9,->,current ,ma,7856.74
14:21:12.009 -> The value of current in ma : 7879.78,,,,21:12.0,->,current ,ma,7879.78
14:21:12.103 -> The value of current in ma : 7856.74,,,,21:12.1,->,current ,ma,7856.74
14:21:12.243 -> The value of current in ma : 7856.74,,,,21:12.2,->,current ,ma,7856.74
14:21:12.384 -> The value of current in ma : 7948.90,,,,21:12.4,->,current ,ma,7948.9
14:21:12.477 -> The value of current in ma : 7833.70,,,,21:12.5,->,current ,ma,7833.7
14:21:12.619 -> The value of current in ma : 7879.78,,,,21:12.6,->,current ,ma,7879.78
14:21:12.713 -> The value of current in ma : 7833.70,,,,21:12.7,->,current ,ma,7833.7
14:21:12.854 -> The value of current in ma : 7879.78,,,,21:12.9,->,current ,ma,7879.78
14:21:12.947 -> The value of current in ma : 7833.70,,,,21:12.9,->,current ,ma,7833.7
14:21:13.088 -> The value of current in ma : 7856.74,,,,21:13.1,->,current ,ma,7856.74
14:21:13.229 -> The value of current in ma : 7948.90,,,,21:13.2,->,current ,ma,7948.9
14:21:13.322 -> The value of current in ma : 7879.78,,,,21:13.3,->,current ,ma,7879.78
14:21:13.465 -> The value of current in ma : 7902.82,,,,21:13.5,->,current ,ma,7902.82
14:21:13.560 -> The value of current in ma : 7833.70,,,,21:13.6,->,current ,ma,7833.7
14:21:13.701 -> The value of current in ma : 7879.78,,,,21:13.7,->,current ,ma,7879.78
14:21:13.795 -> The value of current in ma : 7879.78,,,,21:13.8,->,current ,ma,7879.78
14:21:13.935 -> The value of current in ma : 7856.74,,,,21:13.9,->,current ,ma,7856.74
14:21:14.076 -> The value of current in ma : 7879.78,,,,21:14.1,->,current ,ma,7879.78
14:21:14.170 -> The value of current in ma : 7879.78,,,,21:14.2,->,current ,ma,7879.78
14:21:14.310 -> The value of current in ma : 7879.78,,,,21:14.3,->,current ,ma,7879.78
14:21:14.404 -> The value of current in ma : 7925.86,,,,21:14.4,->,current ,ma,7925.86
14:21:14.544 -> The value of current in ma : 7902.82,,,,21:14.5,->,current ,ma,7902.82
14:21:14.638 -> The value of current in ma : 7879.78,,,,21:14.6,->,current ,ma,7879.78
14:21:14.779 -> The value of current in ma : 7902.82,,,,21:14.8,->,current ,ma,7902.82
14:21:14.921 -> The value of current in ma : 7879.78,,,,21:14.9,->,current ,ma,7879.78
14:21:15.014 -> The value of current in ma : 7833.70,,,,21:15.0,->,current ,ma,7833.7
14:21:15.155 -> The value of current in ma : 7879.78,,,,21:15.2,->,current ,ma,7879.78
14:21:15.296 -> The value of current in ma : 7856.74,,,,21:15.3,->,current ,ma,7856.74
14:21:15.389 -> The value of current in ma : 7833.70,,,,21:15.4,->,current ,ma,7833.7
14:21:15.530 -> The value of current in ma : 7833.70,,,,21:15.5,->,current ,ma,7833.7
14:21:15.624 -> The value of current in ma : 7856.74,,,,21:15.6,->,current ,ma,7856.74
14:21:15.764 -> The value of current in ma : 7948.90,,,,21:15.8,->,current ,ma,7948.9
14:21:15.858 -> The value of current in ma : 7902.82,,,,21:15.9,->,current ,ma,7902.82
14:21:15.999 -> The value of current in ma : 7810.66,,,,21:16.0,->,current ,ma,7810.66
14:21:16.139 -> The value of current in ma : 7833.70,,,,21:16.1,->,current ,ma,7833.7
14:21:16.234 -> The value of current in ma : 7879.78,,,,21:16.2,->,current ,ma,7879.78
14:21:16.374 -> The value of current in ma : 7902.82,,,,21:16.4,->,current ,ma,7902.82
14:21:16.468 -> The value of current in ma : 7902.82,,,,21:16.5,->,current ,ma,7902.82
14:21:16.610 -> The value of current in ma : 7925.86,,,,21:16.6,->,current ,ma,7925.86
14:21:16.704 -> The value of current in ma : 7833.70,,,,21:16.7,->,current ,ma,7833.7
14:21:16.844 -> The value of current in ma : 7833.70,,,,21:16.8,->,current ,ma,7833.7
14:21:16.985 -> The value of current in ma : 7833.70,,,,21:17.0,->,current ,ma,7833.7
14:21:17.079 -> The value of current in ma : 7925.86,,,,21:17.1,->,current ,ma,7925.86
14:21:17.219 -> The value of current in ma : 7879.78,,,,21:17.2,->,current ,ma,7879.78
14:21:17.313 -> The value of current in ma : 7879.78,,,,21:17.3,->,current ,ma,7879.78
14:21:17.453 -> The value of current in ma : 7879.78,,,,21:17.5,->,current ,ma,7879.78
14:21:17.594 -> The value of current in ma : 7879.78,,,,21:17.6,->,current ,ma,7879.78
14:21:17.688 -> The value of current in ma : 7856.74,,,,21:17.7,->,current ,ma,7856.74
14:21:17.829 -> The value of current in ma : 7810.66,,,,21:17.8,->,current ,ma,7810.66
14:21:17.923 -> The value of current in ma : 7879.78,,,,21:17.9,->,current ,ma,7879.78
14:21:18.063 -> The value of current in ma : 7810.66,,,,21:18.1,->,current ,ma,7810.66
14:21:18.204 -> The value of current in ma : 7833.70,,,,21:18.2,->,current ,ma,7833.7
14:21:18.298 -> The value of current in ma : 7879.78,,,,21:18.3,->,current ,ma,7879.78
14:21:18.440 -> The value of current in ma : 7833.70,,,,21:18.4,->,current ,ma,7833.7
14:21:18.535 -> The value of current in ma : 7856.74,,,,21:18.5,->,current ,ma,7856.74
14:21:18.676 -> The value of current in ma : 7925.86,,,,21:18.7,->,current ,ma,7925.86
14:21:18.769 -> The value of current in ma : 7856.74,,,,21:18.8,->,current ,ma,7856.74
14:21:18.910 -> The value of current in ma : 7833.70,,,,21:18.9,->,current ,ma,7833.7
14:21:19.004 -> The value of current in ma : 7902.82,,,,21:19.0,->,current ,ma,7902.82
14:21:19.145 -> The value of current in ma : 7902.82,,,,21:19.1,->,current ,ma,7902.82
14:21:19.285 -> The value of current in ma : 7833.70,,,,21:19.3,->,current ,ma,7833.7
14:21:19.379 -> The value of current in ma : 7879.78,,,,21:19.4,->,current ,ma,7879.78
14:21:19.522 -> The value of current in ma : 7833.70,,,,21:19.5,->,current ,ma,7833.7
14:21:19.617 -> The value of current in ma : 7879.78,,,,21:19.6,->,current ,ma,7879.78
14:21:19.758 -> The value of current in ma : 7833.70,,,,21:19.8,->,current ,ma,7833.7
14:21:19.899 -> The value of current in ma : 7879.78,,,,21:19.9,->,current ,ma,7879.78
14:21:19.992 -> The value of current in ma : 7856.74,,,,21:20.0,->,current ,ma,7856.74
14:21:20.133 -> The value of current in ma : 7879.78,,,,21:20.1,->,current ,ma,7879.78
14:21:20.227 -> The value of current in ma : 7810.66,,,,21:20.2,->,current ,ma,7810.66
14:21:20.368 -> The value of current in ma : 7856.74,,,,21:20.4,->,current ,ma,7856.74
14:21:20.465 -> The value of current in ma : 7833.70,,,,21:20.5,->,current ,ma,7833.7
14:21:20.607 -> The value of current in ma : 7856.74,,,,21:20.6,->,current ,ma,7856.74
14:21:20.702 -> The value of current in ma : 7810.66,,,,21:20.7,->,current ,ma,7810.66
14:21:20.844 -> The value of current in ma : 7810.66,,,,21:20.8,->,current ,ma,7810.66
14:21:20.986 -> The value of current in ma : 7810.66,,,,21:21.0,->,current ,ma,7810.66
14:21:21.080 -> The value of current in ma : 7833.70,,,,21:21.1,->,current ,ma,7833.7
14:21:21.207 -> The value of current in ma : 7856.74,,,,21:21.2,->,current ,ma,7856.74
14:21:21.349 -> The value of current in ma : 7856.74,,,,21:21.3,->,current ,ma,7856.74
14:21:21.444 -> The value of current in ma : 7879.78,,,,21:21.4,->,current ,ma,7879.78
14:21:21.587 -> The value of current in ma : 7810.66,,,,21:21.6,->,current ,ma,7810.66
14:21:21.682 -> The value of current in ma : 7925.86,,,,21:21.7,->,current ,ma,7925.86
14:21:21.824 -> The value of current in ma : 7856.74,,,,21:21.8,->,current ,ma,7856.74
14:21:21.918 -> The value of current in ma : 7856.74,,,,21:21.9,->,current ,ma,7856.74
14:21:22.061 -> The value of current in ma : 7902.82,,,,21:22.1,->,current ,ma,7902.82
14:21:22.158 -> The value of current in ma : 7948.90,,,,21:22.2,->,current ,ma,7948.9
14:21:22.301 -> The value of current in ma : 7879.78,,,,21:22.3,->,current ,ma,7879.78
14:21:22.442 -> The value of current in ma : 7925.86,,,,21:22.4,->,current ,ma,7925.86
14:21:22.537 -> The value of current in ma : 7925.86,,,,21:22.5,->,current ,ma,7925.86
14:21:22.680 -> The value of current in ma : 7925.86,,,,21:22.7,->,current ,ma,7925.86
14:21:22.775 -> The value of current in ma : 7833.70,,,,21:22.8,->,current ,ma,7833.7
14:21:22.917 -> The value of current in ma : 7879.78,,,,21:22.9,->,current ,ma,7879.78
14:21:23.012 -> The value of current in ma : 7879.78,,,,21:23.0,->,current ,ma,7879.78
14:21:23.154 -> The value of current in ma : 7810.66,,,,21:23.2,->,current ,ma,7810.66
14:21:23.264 -> The value of current in ma : 7856.74,,,,21:23.3,->,current ,ma,7856.74
14:21:23.406 -> The value of current in ma : 7902.82,,,,21:23.4,->,current ,ma,7902.82
14:21:23.502 -> The value of current in ma : 7879.78,,,,21:23.5,->,current ,ma,7879.78
14:21:23.645 -> The value of current in ma : 7856.74,,,,21:23.6,->,current ,ma,7856.74
14:21:23.739 -> The value of current in ma : 7856.74,,,,21:23.7,->,current ,ma,7856.74
14:21:23.882 -> The value of current in ma : 7879.78,,,,21:23.9,->,current ,ma,7879.78
14:21:24.009 -> The value of current in ma : 7810.66,,,,21:24.0,->,current ,ma,7810.66
14:21:24.104 -> The value of current in ma : 7902.82,,,,21:24.1,->,current ,ma,7902.82
14:21:24.246 -> The value of current in ma : 7902.82,,,,21:24.2,->,current ,ma,7902.82
14:21:24.342 -> The value of current in ma : 7856.74,,,,21:24.3,->,current ,ma,7856.74
14:21:24.485 -> The value of current in ma : 7879.78,,,,21:24.5,->,current ,ma,7879.78
14:21:24.580 -> The value of current in ma : 7902.82,,,,21:24.6,->,current ,ma,7902.82
14:21:24.722 -> The value of current in ma : 7833.70,,,,21:24.7,->,current ,ma,7833.7
14:21:24.850 -> The value of current in ma : 7902.82,,,,21:24.9,->,current ,ma,7902.82
14:21:24.978 -> The value of current in ma : 7856.74,,,,21:25.0,->,current ,ma,7856.74
14:21:25.073 -> The value of current in ma : 7902.82,,,,21:25.1,->,current ,ma,7902.82
14:21:25.216 -> The value of current in ma : 7856.74,,,,21:25.2,->,current ,ma,7856.74
14:21:25.310 -> The value of current in ma : 7856.74,,,,21:25.3,->,current ,ma,7856.74
14:21:25.439 -> The value of current in ma : 7856.74,,,,21:25.4,->,current ,ma,7856.74
14:21:25.581 -> The value of current in ma : 7948.90,,,,21:25.6,->,current ,ma,7948.9
14:21:25.677 -> The value of current in ma : 7833.70,,,,21:25.7,->,current ,ma,7833.7
14:21:25.803 -> The value of current in ma : 7856.74,,,,21:25.8,->,current ,ma,7856.74
14:21:25.931 -> The value of current in ma : 7902.82,,,,21:25.9,->,current ,ma,7902.82
14:21:26.075 -> The value of current in ma : 7787.62,,,,21:26.1,->,current ,ma,7787.62
14:21:26.170 -> The value of current in ma : 7856.74,,,,21:26.2,->,current ,ma,7856.74
14:21:26.313 -> The value of current in ma : 7856.74,,,,21:26.3,->,current ,ma,7856.74
14:21:26.407 -> The value of current in ma : 7810.66,,,,21:26.4,->,current ,ma,7810.66
14:21:26.550 -> The value of current in ma : 7879.78,,,,21:26.6,->,current ,ma,7879.78
14:21:26.645 -> The value of current in ma : 7879.78,,,,21:26.6,->,current ,ma,7879.78
14:21:26.789 -> The value of current in ma : 7902.82,,,,21:26.8,->,current ,ma,7902.82
14:21:26.917 -> The value of current in ma : 7856.74,,,,21:26.9,->,current ,ma,7856.74
14:21:27.012 -> The value of current in ma : 7856.74,,,,21:27.0,->,current ,ma,7856.74
14:21:27.154 -> The value of current in ma : 7856.74,,,,21:27.2,->,current ,ma,7856.74
14:21:27.249 -> The value of current in ma : 7833.70,,,,21:27.2,->,current ,ma,7833.7
14:21:27.391 -> The value of current in ma : 7879.78,,,,21:27.4,->,current ,ma,7879.78
14:21:27.485 -> The value of current in ma : 7879.78,,,,21:27.5,->,current ,ma,7879.78
14:21:27.628 -> The value of current in ma : 7833.70,,,,21:27.6,->,current ,ma,7833.7
14:21:27.770 -> The value of current in ma : 7879.78,,,,21:27.8,->,current ,ma,7879.78
14:21:27.849 -> The value of current in ma : 7879.78,,,,21:27.8,->,current ,ma,7879.78
14:21:27.992 -> The value of current in ma : 7902.82,,,,21:28.0,->,current ,ma,7902.82
14:21:28.134 -> The value of current in ma : 7902.82,,,,21:28.1,->,current ,ma,7902.82
14:21:28.229 -> The value of current in ma : 7902.82,,,,21:28.2,->,current ,ma,7902.82
14:21:28.356 -> The value of current in ma : 7925.86,,,,21:28.4,->,current ,ma,7925.86
14:21:28.498 -> The value of current in ma : 7925.86,,,,21:28.5,->,current ,ma,7925.86
14:21:28.592 -> The value of current in ma : 7902.82,,,,21:28.6,->,current ,ma,7902.82
14:21:28.719 -> The value of current in ma : 7856.74,,,,21:28.7,->,current ,ma,7856.74
14:21:28.861 -> The value of current in ma : 7879.78,,,,21:28.9,->,current ,ma,7879.78
14:21:28.956 -> The value of current in ma : 7856.74,,,,21:29.0,->,current ,ma,7856.74
14:21:29.083 -> The value of current in ma : 7833.70,,,,21:29.1,->,current ,ma,7833.7
14:21:29.225 -> The value of current in ma : 7879.78,,,,21:29.2,->,current ,ma,7879.78
14:21:29.320 -> The value of current in ma : 7902.82,,,,21:29.3,->,current ,ma,7902.82
14:21:29.463 -> The value of current in ma : 7856.74,,,,21:29.5,->,current ,ma,7856.74
14:21:29.558 -> The value of current in ma : 7879.78,,,,21:29.6,->,current ,ma,7879.78
14:21:29.700 -> The value of current in ma : 7856.74,,,,21:29.7,->,current ,ma,7856.74
14:21:29.827 -> The value of current in ma : 288.26,,,,21:29.8,->,current ,ma,288.26
14:21:29.922 -> The value of current in ma : 0.00,,,,21:29.9,->,current ,ma,0
14:21:30.063 -> The value of current in ma : 0.00,,,,21:30.1,->,current ,ma,0
14:21:30.158 -> The value of current in ma : 0.00,,,,21:30.2,->,current ,ma,0
14:21:30.300 -> The value of current in ma : 0.00,,,,21:30.3,->,current ,ma,0
14:21:30.427 -> The value of current in ma : 0.00,,,,21:30.4,->,current ,ma,0
14:21:30.521 -> The value of current in ma : 0.00,,,,21:30.5,->,current ,ma,0
14:21:30.663 -> The value of current in ma : 0.00,,,,21:30.7,->,current ,ma,0
14:21:30.758 -> The value of current in ma : 17.44,,,,21:30.8,->,current ,ma,17.44
14:21:30.900 -> The value of current in ma : 0.00,,,,21:30.9,->,current ,ma,0
14:21:31.041 -> The value of current in ma : 0.00,,,,21:31.0,->,current ,ma,0
